Farmer_Name,Dimension 1,Dimension 2,Dimension 3
Lancelot,86,5,3
Lancelot,42,63,0
Lancelot,58,15,0
Lancelot,44,21,0
Lancelot,61,0,0
Lancelot,75,42,0
Lancelot,76,97,63
Lancelot,89,17,0
Lancelot,13,42,0
Lancelot,55,12,0
Lancelot,36,79,0
Lancelot,98,44,0
Lancelot,85,26,0
Lancelot,31,60,0
Lancelot,47,49,0
Lancelot,32,0,0
Lancelot,64,0,0
Lancelot,50,89,0
Lancelot,51,95,15
Lancelot,36,35,6
Lancelot,53,34,0
Lancelot,97,39,0
Lancelot,53,0,0
Lancelot,85,20,19
Lancelot,58,80,0
Lancelot,9,90,0
Lancelot,51,0,0
Lancelot,81,0,0
Lancelot,65,0,0
Lancelot,72,0,0
Lancelot,57,0,0
Lancelot,2,0,0
Lancelot,24,0,0
Lancelot,62,0,0
Lancelot,93,0,0
Lancelot,39,0,0
Lancelot,53,0,0
Lancelot,30,95,0
Lancelot,7,32,0
Lancelot,22,0,0
Lancelot,23,0,0
Lancelot,44,76,8
Lancelot,98,34,0
Lancelot,29,82,0
Lancelot,94,0,0
Lancelot,9,55,8
Lancelot,2,28,0
Lancelot,45,0,0
Lancelot,63,38,0
Lancelot,2,27,2
Lancelot,24,0,0
Lancelot,14,6,6
Lancelot,92,0,0
Lancelot,12,93,5
Lancelot,97,10,0
Lancelot,23,81,0
Lancelot,42,90,0
Lancelot,11,92,0
Lancelot,35,0,0
Lancelot,96,0,0
Lancelot,96,75,56
Lancelot,12,82,10
Lancelot,29,61,27
Lancelot,85,0,0
Lancelot,87,82,0
Lancelot,75,100,0
Lancelot,23,51,0
Lancelot,9,53,4
Lancelot,45,52,27
Lancelot,90,0,0
Lancelot,94,100,0
Lancelot,3,25,0
Lancelot,61,96,0
Lancelot,26,26,0
Lancelot,40,14,9
Lancelot,53,0,0
Lancelot,12,58,0
Lancelot,15,75,0
Lancelot,31,35,0
Lancelot,21,59,1
Lancelot,86,30,0
Lancelot,67,0,0
Lancelot,41,6,0
Lancelot,5,6,1
Lancelot,79,49,0
Lancelot,36,15,4
Lancelot,97,47,0
Lancelot,16,0,0
Lancelot,39,69,0
Lancelot,44,79,0
Lancelot,21,0,0
Lancelot,16,0,0
Lancelot,2,67,2
Lancelot,26,49,0
Lancelot,19,3,0
Lancelot,80,40,32
Lancelot,38,61,0
Lancelot,57,54,34
Lancelot,8,17,2
Lancelot,92,20,0
Lancelot,23,0,0
Lancelot,33,49,0
Lancelot,6,86,0
Lancelot,4,31,0
Lancelot,34,0,0
Lancelot,93,9,0
Lancelot,85,0,0
Lancelot,15,0,0
Lancelot,76,74,0
Lancelot,7,92,6
Lancelot,17,0,0
Lancelot,40,0,0
Lancelot,58,27,20
Lancelot,20,0,0
Lancelot,62,34,0
Lancelot,41,76,37
Lancelot,81,55,0
Lancelot,46,4,4
Lancelot,28,63,0
Lancelot,14,24,4
Lancelot,19,100,14
Lancelot,40,40,31
Lancelot,12,17,0
Lancelot,7,0,0
Lancelot,95,87,0
Lancelot,38,96,0
Lancelot,43,65,38
Lancelot,40,4,0
Lancelot,59,0,0
Lancelot,47,0,0
Lancelot,46,0,0
Lancelot,44,0,0
Lancelot,51,76,0
Lancelot,96,52,0
Lancelot,20,0,0
Lancelot,18,51,0
Lancelot,10,59,5
Lancelot,90,55,11
Lancelot,40,0,0
Lancelot,30,76,0
Lancelot,62,0,0
Lancelot,72,25,0
Lancelot,6,88,6
Lancelot,86,3,3
Lancelot,52,34,25
Lancelot,95,0,0
Lancelot,15,0,0
Lancelot,33,0,0
Lancelot,56,0,0
Lancelot,98,30,0
Lancelot,42,35,22
Lancelot,18,61,0
Lancelot,22,0,0
Lancelot,1,71,1
Lancelot,31,12,0
Lancelot,72,0,0
Lancelot,87,32,10
Lancelot,32,29,0
Lancelot,56,4,1
Lancelot,1,0,0
Lancelot,42,0,0
Lancelot,8,0,0
Lancelot,90,85,0
Lancelot,1,49,1
Lancelot,19,92,0
Lancelot,36,61,0
Lancelot,93,53,21
Lancelot,14,16,10
Lancelot,36,75,0
Lancelot,62,49,48
Lancelot,15,0,0
Lancelot,86,62,14
Lancelot,17,5,0
Lancelot,53,24,0
Lancelot,75,17,0
Lancelot,51,60,0
Lancelot,71,11,0
Lancelot,4,97,0
Lancelot,51,0,0
Lancelot,87,0,0
Lancelot,99,92,0
Lancelot,96,45,0
Lancelot,27,28,0
Lancelot,46,0,0
Lancelot,23,90,0
Lancelot,31,40,24
Lancelot,98,1,1
Lancelot,99,0,0
Lancelot,80,23,0
Lancelot,18,88,0
Lancelot,36,63,0
Lancelot,44,0,0
Lancelot,5,28,4
Lancelot,66,0,0
Lancelot,22,0,0
Lancelot,98,4,0
Lancelot,64,88,0
Lancelot,3,0,0
Lancelot,11,55,0
Lancelot,93,0,0
Lancelot,16,3,1
Lancelot,72,42,0
Lancelot,51,57,0
Lancelot,23,26,19
Lancelot,27,0,0
Lancelot,86,40,0
Lancelot,40,0,0
Lancelot,78,2,0
Lancelot,38,84,25
Lancelot,72,18,0
Lancelot,11,47,7
Lancelot,58,0,0
Lancelot,52,0,0
Lancelot,4,59,0
Lancelot,29,0,0
Lancelot,36,79,0
Lancelot,3,0,0
Lancelot,12,96,12
Lancelot,11,54,0
Lancelot,97,0,0
Lancelot,74,68,0
Lancelot,70,44,36
Lancelot,32,0,0
Lancelot,34,0,0
Lancelot,15,45,0
Lancelot,68,0,0
Lancelot,43,0,0
Lancelot,62,59,53
Lancelot,34,0,0
Lancelot,83,0,0
Lancelot,33,0,0
Lancelot,83,0,0
Lancelot,22,50,0
Lancelot,94,11,0
Lancelot,8,85,0
Lancelot,68,0,0
Lancelot,100,64,0
Lancelot,54,0,0
Lancelot,40,0,0
Lancelot,91,0,0
Lancelot,15,40,0
Lancelot,47,0,0
Lancelot,39,0,0
Lancelot,81,4,4
Lancelot,55,87,0
Lancelot,10,82,0
Lancelot,36,71,3
Lancelot,88,89,49
Lancelot,46,83,0
Lancelot,9,54,0
Lancelot,34,52,16
Lancelot,41,0,0
Lancelot,84,56,0
Lancelot,28,73,0
Lancelot,66,36,22
Lancelot,1,60,1
Lancelot,91,0,0
Lancelot,79,0,0
Lancelot,83,52,0
Lancelot,52,20,0
Lancelot,79,35,27
Lancelot,48,50,33
Lancelot,14,0,0
Lancelot,20,12,0
Lancelot,48,66,0
Lancelot,7,0,0
Lancelot,38,59,23
Lancelot,6,84,0
Lancelot,90,56,19
Lancelot,26,0,0
Lancelot,66,0,0
Lancelot,79,63,0
Lancelot,8,28,0
Lancelot,76,85,54
Lancelot,82,21,0
Lancelot,56,0,0
Lancelot,90,100,0
Lancelot,83,64,26
Lancelot,65,0,0
Lancelot,73,41,6
Lancelot,16,0,0
Lancelot,74,0,0
Lancelot,30,27,0
Lancelot,9,59,4
Lancelot,90,75,0
Lancelot,16,53,15
Lancelot,42,0,0
Lancelot,78,15,0
Lancelot,67,0,0
Lancelot,33,34,0
Lancelot,19,98,0
Lancelot,82,0,0
Lancelot,68,35,30
Lancelot,44,15,0
Lancelot,21,55,8
Lancelot,17,34,0
Lancelot,87,78,0
Lancelot,93,82,0
Lancelot,54,0,0
Lancelot,62,95,0
Lancelot,22,2,2
Lancelot,4,37,0
Lancelot,99,0,0
Lancelot,98,55,0
Lancelot,24,93,0
Lancelot,68,89,0
Lancelot,25,0,0
Lancelot,57,0,0
Lancelot,59,5,0
Lancelot,39,35,0
Lancelot,63,68,19
Lancelot,5,56,0
Lancelot,8,17,0
Lancelot,88,78,0
Lancelot,88,6,3
Lancelot,90,0,0
Lancelot,81,0,0
Lancelot,22,4,4
Lancelot,82,88,81
Lancelot,48,23,16
Lancelot,47,84,8
Lancelot,63,83,0
Lancelot,80,99,0
Lancelot,38,73,36
Lancelot,20,0,0
Lancelot,26,10,0
Lancelot,74,0,0
Lancelot,20,80,0
Lancelot,63,41,0
Lancelot,37,60,0
Lancelot,86,97,0
Lancelot,92,0,0
Lancelot,93,90,88
Lancelot,85,85,0
Lancelot,91,0,0
Lancelot,26,17,0
Lancelot,84,32,10
Lancelot,17,8,1
Lancelot,71,32,0
Lancelot,31,39,0
Lancelot,76,0,0
Lancelot,82,28,0
Lancelot,100,0,0
Lancelot,85,24,19
Lancelot,25,0,0
Lancelot,97,96,52
Lancelot,13,39,7
Lancelot,51,25,0
Lancelot,29,63,0
Lancelot,50,0,0
Lancelot,40,0,0
Lancelot,69,0,0
Lancelot,50,0,0
Lancelot,91,97,21
Lancelot,17,6,1
Lancelot,59,4,0
Lancelot,72,59,43
Lancelot,10,34,7
Lancelot,82,22,16
Lancelot,15,48,0
Lancelot,81,0,0
Lancelot,26,0,0
Lancelot,13,46,2
Lancelot,69,8,0
Lancelot,53,76,0
Lancelot,5,67,1
Lancelot,56,53,0
Lancelot,78,0,0
Lancelot,62,100,14
Lancelot,7,84,5
Lancelot,88,0,0
Lancelot,47,0,0
Lancelot,94,91,0
Lancelot,52,90,0
Lancelot,98,0,0
Lancelot,74,0,0
Lancelot,65,0,0
Lancelot,98,0,0
Lancelot,18,0,0
Lancelot,66,96,0
Lancelot,5,0,0
Lancelot,36,18,0
Lancelot,68,0,0
Lancelot,31,35,0
Lancelot,39,65,0
Lancelot,64,0,0
Lancelot,90,45,12
Lancelot,50,0,0
Lancelot,32,33,0
Lancelot,66,53,0
Lancelot,97,44,26
Lancelot,80,44,0
Lancelot,3,82,0
Lancelot,29,51,0
Lancelot,15,38,0
Lancelot,39,0,0
Lancelot,88,10,0
Lancelot,64,0,0
Lancelot,18,0,0
Lancelot,4,70,2
Lancelot,49,26,0
Lancelot,18,82,5
Lancelot,13,0,0
Lancelot,62,0,0
Lancelot,35,50,5
Lancelot,33,43,0
Lancelot,39,29,17
Lancelot,85,66,0
Lancelot,87,0,0
Lancelot,89,0,0
Lancelot,83,31,0
Lancelot,20,97,8
Lancelot,48,0,0
Lancelot,16,67,0
Lancelot,18,0,0
Lancelot,88,48,24
Lancelot,86,54,0
Lancelot,97,70,11
Lancelot,72,63,0
Lancelot,1,81,0
Lancelot,100,49,2
Lancelot,40,61,0
Lancelot,51,9,0
Lancelot,72,3,0
Lancelot,48,28,0
Lancelot,5,48,5
Lancelot,38,71,4
Lancelot,22,0,0
Lancelot,61,0,0
Lancelot,29,13,0
Lancelot,74,0,0
Lancelot,67,0,0
Lancelot,30,0,0
Lancelot,71,11,0
Lancelot,27,64,5
Lancelot,75,0,0
Lancelot,2,51,0
Lancelot,74,99,56
Lancelot,74,3,0
Lancelot,93,72,43
Lancelot,37,0,0
Lancelot,79,68,0
Lancelot,94,0,0
Lancelot,68,77,0
Lancelot,38,62,0
Lancelot,50,3,0
Lancelot,79,97,21
Lancelot,23,21,0
Lancelot,58,13,2
Lancelot,85,72,28
Lancelot,20,40,0
Lancelot,75,0,0
Lancelot,93,66,9
Lancelot,18,84,13
Lancelot,18,0,0
Lancelot,41,68,16
Lancelot,60,0,0
Lancelot,4,0,0
Lancelot,30,48,20
Lancelot,89,14,0
Lancelot,21,20,3
Lancelot,72,0,0
Lancelot,65,0,0
Lancelot,58,0,0
Lancelot,35,0,0
Lancelot,47,0,0
Lancelot,32,12,0
Lancelot,78,76,0
Lancelot,79,6,0
Lancelot,96,76,0
Lancelot,64,48,0
Lancelot,74,0,0
Lancelot,21,14,0
Lancelot,54,63,0
Lancelot,86,40,14
Lancelot,36,0,0
Lancelot,23,33,0
Lancelot,7,21,3
Lancelot,37,68,0
Lancelot,64,36,0
Lancelot,23,0,0
Lancelot,72,0,0
Lancelot,42,0,0
Lancelot,28,87,15
Lancelot,80,95,0
Lancelot,61,61,50
Lancelot,74,24,0
Lancelot,9,0,0
Lancelot,24,0,0
Lancelot,99,100,0
Lancelot,33,46,0
Lancelot,39,23,6
Lancelot,70,38,0
Lancelot,13,20,5
Lancelot,81,2,2
Lancelot,1,68,1
Lancelot,70,0,0
Lancelot,44,49,12
Lancelot,80,30,0
Lancelot,63,44,17
Lancelot,43,0,0
Lancelot,90,0,0
Lancelot,24,49,19
Lancelot,11,75,0
Lancelot,91,99,0
Lancelot,79,64,17
Lancelot,25,0,0
Lancelot,65,15,0
Lancelot,6,59,5
Lancelot,87,79,40
Lancelot,36,44,0
Lancelot,61,26,15
Lancelot,62,0,0
Lancelot,29,0,0
Lancelot,75,0,0
Lancelot,6,95,0
Lancelot,86,1,0
Lancelot,70,52,20
Lancelot,17,0,0
Lancelot,22,45,4
Lancelot,24,39,0
Lancelot,27,31,1
Lancelot,31,53,0
Lancelot,6,50,0
Lancelot,65,0,0
Lancelot,13,91,0
Lancelot,27,86,0
Lancelot,3,0,0
Lancelot,5,0,0
Lancelot,1,16,0
Lancelot,11,74,0
Lancelot,91,78,46
Lancelot,87,42,0
Lancelot,74,54,31
Lancelot,51,48,24
Lancelot,86,0,0
Lancelot,35,76,12
Lancelot,20,11,0
Lancelot,31,0,0
Lancelot,24,81,14
Lancelot,61,84,0
Lancelot,72,34,0
Lancelot,6,56,0
Lancelot,52,94,37
Lancelot,24,0,0
Lancelot,91,74,0
Lancelot,29,4,4
Lancelot,95,0,0
Lancelot,15,0,0
Lancelot,35,0,0
Lancelot,26,24,19
Lancelot,99,73,0
Lancelot,8,20,0
Lancelot,77,55,28
Lancelot,45,39,0
Lancelot,80,0,0
Lancelot,48,93,0
Lancelot,87,95,0
Lancelot,9,79,0
Lancelot,37,58,0
Lancelot,95,27,0
Lancelot,11,3,0
Lancelot,39,27,5
Lancelot,12,48,12
Lancelot,72,0,0
Lancelot,94,19,4
Lancelot,51,49,12
Lancelot,1,0,0
Lancelot,97,19,0
Lancelot,78,62,0
Lancelot,23,3,0
Lancelot,61,99,0
Lancelot,29,65,0
Lancelot,39,0,0
Lancelot,25,79,0
Lancelot,8,16,6
Lancelot,83,3,3
Lancelot,99,0,0
Lancelot,27,49,0
Lancelot,54,45,0
Lancelot,40,96,0
Lancelot,45,17,0
Lancelot,31,96,2
Lancelot,55,28,0
Lancelot,76,0,0
Lancelot,82,89,0
Lancelot,9,90,7
Lancelot,65,50,0
Lancelot,23,0,0
Lancelot,75,65,0
Lancelot,38,66,0
Lancelot,11,0,0
Lancelot,100,20,7
Lancelot,23,0,0
Lancelot,32,24,0
Lancelot,42,35,19
Lancelot,34,70,0
Lancelot,15,88,0
Lancelot,41,0,0
Lancelot,41,0,0
Lancelot,39,48,0
Lancelot,47,36,10
Lancelot,58,0,0
Lancelot,42,0,0
Lancelot,72,58,0
Lancelot,76,0,0
Lancelot,85,70,0
Lancelot,30,80,1
Lancelot,46,0,0
Lancelot,96,10,0
Lancelot,2,0,0
Lancelot,98,35,0
Lancelot,18,27,0
Lancelot,91,1,0
Lancelot,66,95,15
Lancelot,95,0,0
Lancelot,83,31,0
Lancelot,12,5,3
Lancelot,89,82,37
Lancelot,47,48,0
Lancelot,95,0,0
Lancelot,3,76,0
Lancelot,79,0,0
Lancelot,16,0,0
Lancelot,62,0,0
Lancelot,60,64,46
Lancelot,39,2,1
Lancelot,86,0,0
Lancelot,84,0,0
Lancelot,60,46,40
Lancelot,74,0,0
Lancelot,74,3,0
Lancelot,94,0,0
Lancelot,42,83,19
Lancelot,30,11,0
Lancelot,13,41,2
Lancelot,26,15,2
Lancelot,33,72,14
Lancelot,62,36,0
Lancelot,86,0,0
Lancelot,65,41,0
Lancelot,16,79,0
Lancelot,2,0,0
Lancelot,57,0,0
Lancelot,29,6,0
Lancelot,64,8,3
Lancelot,77,43,0
Lancelot,49,63,0
Lancelot,54,31,0
Lancelot,80,64,20
Lancelot,12,0,0
Lancelot,77,44,43
Lancelot,95,0,0
Lancelot,3,83,1
Lancelot,3,47,0
Lancelot,7,55,0
Lancelot,44,0,0
Lancelot,65,24,8
Lancelot,18,53,0
Lancelot,14,74,0
Lancelot,94,54,0
Lancelot,28,0,0
Lancelot,71,0,0
Lancelot,34,44,0
Lancelot,24,27,0
Lancelot,41,15,0
Lancelot,3,58,0
Lancelot,44,0,0
Lancelot,91,5,0
Lancelot,100,31,5
Lancelot,14,0,0
Lancelot,65,49,0
Lancelot,38,0,0
Lancelot,81,32,0
Lancelot,95,0,0
Lancelot,70,0,0
Lancelot,13,3,0
Lancelot,52,55,30
Lancelot,77,7,0
Lancelot,14,2,2
Lancelot,90,0,0
Lancelot,60,7,0
Lancelot,64,85,0
Lancelot,9,31,6
Lancelot,70,0,0
Lancelot,29,0,0
Lancelot,26,12,0
Lancelot,23,85,13
Lancelot,75,93,0
Lancelot,96,0,0
Lancelot,38,17,6
Lancelot,31,21,0
Lancelot,97,7,1
Lancelot,65,77,0
Lancelot,1,0,0
Lancelot,17,22,0
Lancelot,43,0,0
Lancelot,19,0,0
Lancelot,16,27,3
Lancelot,93,0,0
Lancelot,83,76,0
Lancelot,50,83,48
Lancelot,54,0,0
Lancelot,48,9,7
Lancelot,19,26,0
Lancelot,40,83,0
Lancelot,92,0,0
Lancelot,82,0,0
Lancelot,40,0,0
Lancelot,82,95,0
Lancelot,30,45,25
Lancelot,39,77,0
Lancelot,61,9,0
Lancelot,77,0,0
Lancelot,4,28,0
Lancelot,15,75,0
Lancelot,87,0,0
Lancelot,22,11,5
Lancelot,57,3,0
Lancelot,76,0,0
Lancelot,8,76,0
Lancelot,99,0,0
Lancelot,51,97,0
Lancelot,67,10,7
Lancelot,70,31,0
Lancelot,85,34,0
Lancelot,39,0,0
Lancelot,88,0,0
Lancelot,9,70,6
Lancelot,16,86,0
Lancelot,30,0,0
Lancelot,11,88,6
Lancelot,47,20,17
Lancelot,14,74,0
Lancelot,47,50,0
Lancelot,97,69,0
Lancelot,22,53,0
Lancelot,65,81,0
Lancelot,28,0,0
Lancelot,27,63,0
Lancelot,73,76,18
Lancelot,21,83,0
Lancelot,68,2,0
Lancelot,27,78,9
Lancelot,79,0,0
Lancelot,21,0,0
Lancelot,55,53,7
Lancelot,97,59,47
Lancelot,32,0,0
Lancelot,86,2,1
Lancelot,5,0,0
Lancelot,43,74,4
Lancelot,10,22,4
Lancelot,95,0,0
Lancelot,33,0,0
Lancelot,9,20,0
Lancelot,67,96,0
Lancelot,64,24,21
Lancelot,8,23,1
Lancelot,1,11,0
Lancelot,23,81,3
Lancelot,37,37,0
Lancelot,26,0,0
Lancelot,61,72,49
Lancelot,56,95,6
Lancelot,78,51,35
Lancelot,13,95,0
Lancelot,66,0,0
Lancelot,63,0,0
Lancelot,13,76,0
Lancelot,56,0,0
Lancelot,84,54,28
Lancelot,96,54,0
Lancelot,51,98,17
Lancelot,96,0,0
Lancelot,65,10,0
Lancelot,85,0,0
Lancelot,87,26,0
Lancelot,25,77,0
Lancelot,57,0,0
Lancelot,26,56,0
Lancelot,71,48,26
Lancelot,8,0,0
Lancelot,97,75,3
Lancelot,79,66,28
Lancelot,59,71,0
Lancelot,36,0,0
Lancelot,30,89,0
Lancelot,35,54,20
Lancelot,22,0,0
Lancelot,51,5,0
Lancelot,74,62,0
Lancelot,49,30,0
Lancelot,90,0,0
Lancelot,99,85,0
Lancelot,83,35,0
Lancelot,43,68,0
Lancelot,86,48,0
Lancelot,77,0,0
Lancelot,51,32,0
Lancelot,87,44,15
Lancelot,71,39,0
Lancelot,51,92,8
Lancelot,18,0,0
Lancelot,47,92,2
Lancelot,72,0,0
Lancelot,4,55,0
Lancelot,69,29,19
Lancelot,37,90,35
Lancelot,45,41,0
Lancelot,93,0,0
Lancelot,1,6,1
Lancelot,97,58,1
Lancelot,14,77,0
Lancelot,1,26,0
Lancelot,85,12,2
Lancelot,32,42,25
Lancelot,87,10,0
Lancelot,76,0,0
Lancelot,94,0,0
Lancelot,97,0,0
Lancelot,33,26,0
Lancelot,57,0,0
Lancelot,40,33,28
Lancelot,66,0,0
Lancelot,11,10,3
Lancelot,19,83,2
Lancelot,90,5,1
Lancelot,83,16,0
Lancelot,88,0,0
Lancelot,16,55,0
Lancelot,4,54,1
Lancelot,98,38,0
Lancelot,48,0,0
Lancelot,82,0,0
Lancelot,92,41,5
Lancelot,26,5,0
Lancelot,21,30,0
Lancelot,71,88,53
Lancelot,98,0,0
Lancelot,41,24,0
Lancelot,32,51,16
Lancelot,56,52,0
Lancelot,49,0,0
Lancelot,22,18,0
Lancelot,82,0,0
Lancelot,77,64,32
Lancelot,97,21,0
Lancelot,62,43,13
Lancelot,3,0,0
Lancelot,79,63,0
Lancelot,21,66,15
Lancelot,57,0,0
Lancelot,25,3,1
Lancelot,38,60,28
Lancelot,20,8,1
Lancelot,53,0,0
Lancelot,30,14,12
Lancelot,37,0,0
Lancelot,95,26,8
Lancelot,62,0,0
Lancelot,38,18,5
Lancelot,36,27,16
Lancelot,81,0,0
Lancelot,63,49,0
Lancelot,61,89,0
Lancelot,68,0,0
Lancelot,66,94,0
Lancelot,35,63,30
Lancelot,91,90,72
Lancelot,22,40,0
Lancelot,86,47,47
Lancelot,75,71,0
Lancelot,3,0,0
Lancelot,74,29,0
Lancelot,21,22,11
Lancelot,53,0,0
Lancelot,8,67,6
Lancelot,41,0,0
Lancelot,96,0,0
Lancelot,15,0,0
Lancelot,96,0,0
Lancelot,36,19,0
Lancelot,85,86,0
Lancelot,51,0,0
Lancelot,42,99,0
Lancelot,88,16,14
Lancelot,13,0,0
Lancelot,94,0,0
Lancelot,34,23,0
Lancelot,42,79,0
Lancelot,76,0,0
Lancelot,12,0,0
Lancelot,40,0,0
Lancelot,21,96,0
Lancelot,61,0,0
Lancelot,26,0,0
Lancelot,61,24,4
Lancelot,60,0,0
Lancelot,2,10,1
Lancelot,76,41,28
Lancelot,56,0,0
Lancelot,28,90,8
Lancelot,90,0,0
Lancelot,12,57,0
Lancelot,31,49,0
Lancelot,83,18,5
Lancelot,88,0,0
Lancelot,11,71,0
Lancelot,57,0,0
Lancelot,43,0,0
Lancelot,59,0,0
Lancelot,99,40,35
Lancelot,25,19,0
Lancelot,48,40,0
Lancelot,45,11,7
Lancelot,95,60,0
Lancelot,87,29,0
Lancelot,73,96,0
Lancelot,23,35,0
Lancelot,97,0,0
Lancelot,87,40,0
Lancelot,90,0,0
Lancelot,90,31,0
Lancelot,58,57,5
Lancelot,9,98,0
Lancelot,25,17,0
Lancelot,87,20,11
Lancelot,74,0,0
Lancelot,97,0,0
Lancelot,48,0,0
Lancelot,5,40,0
Lancelot,21,74,8
Lancelot,95,0,0
Lancelot,87,0,0
Lancelot,67,0,0
Lancelot,74,0,0
Lancelot,77,77,0
Lancelot,85,44,28
Lancelot,86,28,0
Lancelot,58,81,39
Lancelot,36,8,0
Lancelot,9,0,0
Lancelot,79,42,0
Lancelot,7,59,0
Lancelot,9,0,0
Lancelot,86,0,0
Lancelot,25,74,0
Lancelot,36,69,0
Lancelot,46,0,0
Lancelot,97,11,0
Lancelot,39,8,0
Lancelot,78,37,0
Lancelot,75,0,0
Lancelot,13,84,0
Lancelot,65,51,36
Lancelot,12,19,0
Lancelot,59,66,0
Lancelot,9,58,0
Lancelot,41,84,0
Lancelot,83,0,0
Lancelot,63,0,0
Lancelot,30,93,2
Lancelot,30,81,9
Lancelot,87,68,46
Lancelot,73,82,0
Lancelot,7,81,3
Lancelot,8,2,2
Lancelot,82,71,47
Lancelot,43,0,0
Lancelot,87,46,0
Lancelot,73,0,0
Lancelot,38,31,17
Lancelot,93,67,0
Lancelot,62,0,0
Lancelot,88,97,0
Lancelot,12,0,0
Lancelot,27,66,6
Lancelot,7,80,0
Lancelot,31,92,2
Lancelot,58,5,1
Lancelot,44,58,34
Lancelot,68,0,0
Lancelot,25,56,0
Lancelot,92,0,0
Lancelot,25,0,0
Lancelot,7,48,5
Lancelot,9,0,0
Lancelot,20,0,0
Lancelot,72,0,0
Lancelot,94,0,0
Lancelot,96,6,2
Lancelot,60,0,0
Lancelot,89,96,0
Lancelot,23,0,0
Lancelot,52,0,0
Lancelot,91,83,0
Lancelot,90,50,43
Lancelot,63,0,0
Lancelot,77,1,0
Lancelot,93,40,0
Lancelot,38,67,0
Lancelot,12,67,0
Lancelot,79,29,17
Lancelot,53,0,0
Lancelot,46,49,0
Lancelot,99,0,0
Lancelot,82,60,0
Lancelot,89,3,0
Lancelot,54,20,14
Lancelot,8,0,0
Lancelot,32,0,0
Lancelot,40,60,24
Lancelot,99,95,0
Lancelot,29,6,1
Lancelot,64,82,0
Lancelot,59,27,0
Lancelot,5,0,0
Lancelot,98,21,16
Lancelot,48,27,0
Lancelot,70,34,0
Lancelot,49,21,0
Lancelot,69,3,3
Lancelot,35,90,31
Lancelot,39,0,0
Lancelot,74,69,63
Lancelot,90,96,0
Lancelot,73,0,0
Lancelot,93,88,0
Lancelot,62,50,0
Lancelot,79,0,0
Lancelot,71,0,0
Lancelot,72,0,0
Lancelot,55,19,0
Lancelot,62,11,3
Lancelot,26,26,0
Lancelot,27,0,0
Lancelot,35,77,32
Lancelot,1,98,0
Lancelot,43,28,15
Lancelot,51,0,0
Lancelot,100,99,59
Lancelot,30,15,0
Lancelot,51,9,6
Lancelot,27,55,0
Lancelot,24,11,0
Lancelot,10,47,5
Lancelot,86,90,0
Lancelot,42,0,0
Lancelot,68,1,0
Lancelot,79,47,21
Lancelot,69,73,59
Lancelot,98,80,0
Lancelot,54,59,24
Lancelot,25,52,12
Lancelot,17,91,0
Lancelot,49,0,0
Lancelot,79,30,25
Lancelot,5,91,4
Lancelot,16,50,0
Lancelot,65,0,0
Lancelot,5,42,1
Lancelot,83,31,0
Lancelot,2,30,0
Lancelot,45,60,0
Lancelot,100,9,0
Lancelot,84,0,0
Lancelot,52,74,16
Lancelot,6,67,0
Lancelot,23,41,6
Lancelot,50,92,0
Lancelot,78,36,0
Lancelot,24,16,0
Lancelot,41,0,0
Lancelot,7,43,5
Lancelot,89,0,0
Lancelot,13,61,10
Lancelot,76,0,0
Lancelot,56,100,45
Lancelot,90,80,0
Lancelot,3,76,3
Lancelot,85,20,6
Lancelot,46,0,0
Lancelot,29,17,0
Lancelot,57,56,43
Lancelot,14,93,9
Lancelot,31,0,0
Lancelot,51,36,21
Lancelot,77,5,0
Lancelot,23,27,22
Lancelot,12,95,0
Lancelot,3,36,3
Lancelot,81,97,0
Lancelot,30,0,0
Lancelot,90,76,33
Lancelot,72,77,0
Lancelot,1,0,0
Lancelot,85,62,0
Lancelot,51,15,14
Lancelot,52,66,2
Lancelot,98,7,0
Lancelot,58,94,41
Lancelot,55,30,0
Lancelot,56,1,1
Lancelot,99,9,7
Lancelot,99,0,0
Lancelot,5,7,2
Lancelot,27,0,0
Lancelot,100,81,0
Lancelot,59,0,0
Lancelot,99,99,0
Lancelot,83,93,0
Lancelot,79,58,0
Lancelot,37,85,35
Lancelot,64,64,0
Lancelot,100,90,0
Lancelot,63,0,0
Lancelot,32,0,0
Lancelot,38,17,0
Lancelot,71,32,0
Lancelot,67,51,0
Lancelot,5,85,4
Lancelot,15,0,0
Lancelot,84,45,0
Lancelot,66,13,0
Lancelot,43,0,0
Lancelot,56,71,0
Lancelot,82,33,0
Lancelot,19,42,0
Lancelot,40,43,3
Lancelot,34,25,0
Lancelot,99,33,13
Lancelot,24,71,15
Lancelot,55,0,0
Lancelot,50,0,0
Lancelot,61,39,0
Lancelot,70,0,0
Lancelot,83,0,0
Lancelot,91,0,0
Lancelot,93,70,0
Lancelot,95,94,0
Lancelot,82,82,0
Lancelot,56,16,0
Lancelot,60,0,0
Lancelot,45,79,14
Lancelot,98,91,0
Lancelot,90,0,0
Lancelot,81,0,0
Lancelot,42,38,0
Lancelot,95,0,0
Lancelot,64,38,27
Lancelot,76,89,0
Lancelot,49,97,24
Lancelot,53,18,15
Lancelot,27,0,0
Lancelot,94,41,21
Lancelot,86,0,0
Lancelot,30,0,0
Lancelot,24,0,0
Lancelot,35,89,17
Lancelot,25,0,0
Lancelot,74,69,0
Lancelot,33,15,11
Lancelot,56,67,16
Lancelot,15,0,0
Lancelot,83,69,18
Lancelot,10,40,0
Lancelot,11,0,0
Lancelot,19,82,0
Lancelot,74,64,0
Lancelot,81,0,0
Lancelot,35,0,0
Lancelot,36,5,1
Lancelot,72,0,0
Lancelot,17,0,0
Lancelot,88,0,0
Lancelot,28,72,0
Lancelot,44,44,12
Lancelot,85,87,0
Lancelot,77,0,0
Lancelot,51,0,0
Lancelot,73,87,0
Lancelot,88,0,0
Lancelot,17,0,0
Lancelot,38,96,0
Lancelot,93,27,0
Lancelot,58,36,13
Lancelot,97,75,0
Lancelot,13,0,0
Lancelot,23,22,10
Lancelot,68,90,0
Lancelot,4,0,0
Lancelot,75,29,0
Lancelot,38,26,18
Lancelot,88,62,0
Lancelot,28,88,0
Lancelot,9,86,0
Lancelot,22,0,0
Lancelot,13,0,0
Lancelot,8,86,7
Lancelot,22,39,0
Lancelot,69,78,3
Lancelot,91,0,0
Lancelot,23,21,0
Lancelot,34,0,0
Lancelot,57,0,0
Lancelot,32,0,0
Lancelot,43,0,0
Lancelot,72,26,0
Lancelot,30,9,0
Lancelot,37,0,0
Lancelot,75,24,16
Lancelot,22,50,12
Lancelot,24,31,0
Lancelot,53,100,0
Lancelot,68,7,0
Lancelot,91,0,0
Lancelot,54,96,0
Lancelot,87,0,0
Lancelot,34,9,0
Lancelot,38,50,26
Lancelot,6,13,6
Lancelot,90,2,0
Lancelot,15,0,0
Lancelot,37,0,0
Lancelot,93,36,0
Lancelot,72,8,0
Lancelot,91,36,12
Lancelot,65,42,2
Lancelot,28,0,0
Lancelot,87,6,0
Lancelot,29,86,0
Lancelot,59,47,0
Lancelot,31,9,3
Lancelot,65,0,0
Lancelot,19,0,0
Lancelot,77,62,0
Lancelot,44,43,0
Lancelot,15,0,0
Lancelot,78,99,0
Lancelot,36,75,0
Lancelot,46,34,0
Lancelot,47,0,0
Lancelot,75,69,0
Lancelot,22,28,13
Lancelot,76,72,61
Lancelot,33,12,0
Lancelot,10,0,0
Lancelot,62,0,0
Lancelot,82,64,0
Lancelot,74,43,0
Lancelot,69,29,1
Lancelot,25,0,0
Lancelot,15,51,0
Lancelot,96,0,0
Lancelot,4,0,0
Lancelot,89,0,0
Lancelot,56,32,0
Lancelot,2,0,0
Lancelot,55,32,0
Lancelot,61,40,22
Lancelot,82,44,39
Lancelot,23,0,0
Lancelot,17,0,0
Lancelot,81,0,0
Lancelot,21,0,0
Lancelot,51,35,0
Lancelot,89,0,0
Lancelot,89,50,6
Lancelot,14,13,12
Lancelot,64,50,0
Lancelot,59,62,48
Lancelot,50,95,47
Lancelot,34,0,0
Lancelot,10,0,0
Lancelot,44,0,0
Lancelot,93,54,0
Lancelot,32,91,0
Lancelot,1,89,0
Lancelot,76,0,0
Lancelot,7,66,1
Lancelot,4,92,0
Lancelot,47,83,0
Lancelot,44,0,0
Lancelot,80,0,0
Lancelot,77,52,0
Lancelot,27,55,0
Lancelot,79,84,5
Lancelot,2,62,0
Lancelot,28,86,4
Lancelot,32,89,26
Lancelot,93,45,23
Lancelot,61,51,44
Lancelot,1,3,0
Lancelot,42,0,0
Lancelot,88,0,0
Lancelot,1,47,1
Lancelot,76,25,18
Lancelot,37,32,29
Lancelot,49,61,0
Lancelot,30,49,0
Lancelot,15,1,0
Lancelot,20,35,19
Lancelot,60,55,0
Lancelot,58,100,45
Lancelot,46,27,12
Lancelot,63,67,0
Lancelot,98,23,0
Lancelot,65,27,16
Lancelot,71,71,0
Lancelot,24,35,0
Lancelot,25,0,0
Lancelot,28,33,15
Lancelot,21,0,0
Lancelot,14,18,0
Lancelot,6,0,0
Lancelot,58,0,0
Lancelot,34,24,24
Lancelot,39,0,0
Lancelot,47,39,16
Lancelot,51,0,0
Lancelot,80,44,0
Lancelot,12,0,0
Lancelot,74,35,0
Lancelot,86,53,0
Lancelot,26,0,0
Lancelot,49,19,0
Lancelot,59,58,6
Lancelot,72,0,0
Lancelot,42,67,0
Lancelot,70,74,0
Lancelot,18,23,0
Lancelot,2,0,0
Lancelot,21,0,0
Lancelot,91,25,0
Lancelot,100,9,5
Lancelot,70,85,67
Lancelot,71,0,0
Lancelot,98,0,0
Lancelot,29,24,17
Lancelot,41,0,0
Lancelot,29,3,0
Lancelot,3,0,0
Lancelot,7,42,0
Lancelot,88,38,0
Lancelot,41,17,0
Lancelot,37,20,0
Lancelot,19,0,0
Lancelot,1,67,0
Lancelot,40,0,0
Lancelot,6,96,0
Lancelot,22,78,0
Lancelot,80,28,24
Lancelot,69,27,19
Lancelot,59,81,0
Lancelot,15,84,1
Lancelot,63,0,0
Lancelot,81,0,0
Lancelot,67,0,0
Lancelot,66,0,0
Lancelot,57,0,0
Lancelot,46,95,0
Lancelot,14,73,1
Lancelot,72,0,0
Lancelot,73,89,70
Lancelot,82,63,0
Lancelot,88,98,0
Lancelot,14,52,5
Lancelot,87,51,0
Lancelot,86,0,0
Lancelot,32,86,0
Lancelot,6,77,5
Lancelot,27,0,0
Lancelot,2,45,0
Lancelot,37,0,0
Lancelot,8,91,6
Lancelot,73,0,0
Lancelot,96,4,3
Lancelot,43,15,0
Lancelot,93,95,0
Lancelot,80,10,0
Lancelot,45,81,29
Lancelot,19,52,0
Lancelot,16,0,0
Lancelot,62,93,0
Lancelot,60,0,0
Lancelot,90,0,0
Lancelot,4,78,2
Lancelot,15,82,0
Lancelot,46,23,2
Lancelot,94,5,0
Lancelot,39,0,0
Lancelot,66,64,0
Lancelot,28,93,0
Lancelot,2,93,0
Lancelot,81,73,0
Lancelot,17,10,0
Lancelot,72,34,28
Lancelot,70,93,0
Lancelot,14,66,0
Lancelot,25,21,0
Lancelot,1,69,1
Lancelot,60,36,0
Lancelot,82,23,2
Lancelot,17,93,0
Lancelot,100,70,0
Lancelot,57,56,0
Lancelot,15,49,0
Lancelot,82,27,0
Lancelot,78,0,0
Lancelot,64,43,25
Lancelot,66,20,0
Lancelot,30,0,0
Lancelot,14,96,0
Lancelot,24,17,0
Lancelot,91,0,0
Lancelot,60,0,0
Lancelot,78,0,0
Lancelot,88,0,0
Lancelot,32,50,0
Lancelot,8,53,7
Lancelot,3,84,0
Lancelot,49,94,21
Lancelot,38,0,0
Lancelot,77,0,0
Lancelot,29,20,0
Lancelot,68,0,0
Lancelot,33,33,0
Lancelot,54,0,0
Lancelot,5,0,0
Lancelot,68,17,0
Lancelot,89,7,0
Lancelot,22,6,6
Lancelot,10,22,5
Lancelot,61,92,45
Lancelot,91,74,0
Lancelot,45,97,0
Lancelot,69,0,0
Lancelot,36,0,0
Lancelot,41,43,28
Lancelot,1,93,1
Lancelot,100,18,13
Lancelot,60,81,0
Lancelot,41,0,0
Lancelot,57,11,8
Lancelot,79,0,0
Lancelot,2,54,0
Lancelot,82,0,0
Lancelot,43,8,5
Lancelot,61,21,15
Lancelot,35,96,0
Lancelot,14,14,0
Lancelot,94,0,0
Lancelot,58,34,0
Lancelot,51,0,0
Lancelot,31,60,16
Lancelot,75,0,0
Lancelot,90,64,0
Lancelot,45,42,40
Lancelot,85,96,0
Lancelot,30,53,28
Lancelot,80,12,0
Lancelot,19,70,17
Lancelot,61,82,0
Lancelot,93,76,0
Lancelot,1,76,0
Lancelot,77,1,0
Lancelot,44,0,0
Lancelot,65,0,0
Lancelot,65,74,0
Lancelot,14,0,0
Lancelot,83,0,0
Lancelot,89,13,0
Lancelot,15,62,3
Lancelot,60,0,0
Lancelot,87,48,0
Lancelot,58,95,0
Lancelot,58,0,0
Lancelot,2,54,0
Lancelot,38,40,0
Lancelot,71,59,0
Lancelot,86,75,0
Lancelot,52,34,1
Lancelot,90,0,0
Lancelot,87,51,37
Lancelot,28,91,16
Lancelot,8,100,6
Lancelot,93,68,61
Lancelot,30,0,0
Lancelot,45,4,2
Lancelot,69,56,37
Lancelot,89,31,0
Lancelot,76,53,0
Lancelot,27,76,0
Lancelot,18,59,15
Lancelot,58,95,0
Lancelot,1,92,0
Lancelot,21,81,0
Lancelot,59,85,0
Lancelot,45,0,0
Lancelot,72,10,9
Lancelot,16,78,12
Lancelot,42,0,0
Lancelot,54,68,0
Lancelot,49,99,0
Lancelot,100,49,0
Lancelot,59,0,0
Lancelot,95,0,0
Lancelot,34,97,0
Lancelot,67,94,0
Lancelot,26,49,0
Lancelot,28,0,0
Lancelot,50,41,0
Lancelot,16,77,0
Lancelot,8,0,0
Lancelot,12,55,8
Lancelot,92,67,32
Lancelot,58,0,0
Lancelot,66,0,0
Lancelot,51,0,0
Lancelot,62,36,0
Lancelot,14,95,0
Lancelot,21,92,21
Lancelot,60,76,0
Lancelot,71,0,0
Lancelot,88,64,0
Lancelot,51,12,0
Lancelot,82,0,0
Lancelot,89,0,0
Lancelot,79,0,0
Lancelot,47,43,0
Lancelot,23,72,0
Lancelot,44,0,0
Lancelot,63,0,0
Lancelot,62,98,1
Lancelot,63,16,0
Lancelot,26,0,0
Lancelot,45,0,0
Lancelot,20,89,14
Lancelot,38,43,26
Lancelot,38,43,38
Lancelot,92,0,0
Lancelot,5,41,3
Lancelot,12,0,0
Lancelot,79,91,31
Lancelot,29,80,5
Lancelot,4,83,4
Lancelot,51,0,0
Lancelot,1,29,1
Lancelot,71,0,0
Lancelot,55,94,0
Lancelot,89,42,0
Lancelot,47,24,0
Lancelot,90,0,0
Lancelot,48,49,25
Lancelot,84,31,2
Lancelot,78,46,41
Lancelot,94,31,1
Lancelot,34,40,0
Lancelot,65,56,44
Lancelot,17,52,0
Lancelot,86,86,20
Lancelot,89,98,25
Lancelot,45,88,28
Lancelot,69,97,0
Lancelot,72,6,0
Lancelot,84,0,0
Lancelot,100,59,0
Lancelot,90,65,0
Lancelot,75,34,0
Lancelot,20,43,0
Lancelot,23,37,0
Lancelot,59,23,19
Lancelot,25,0,0
Lancelot,38,74,0
Lancelot,32,66,20
Lancelot,53,26,0
Lancelot,90,33,0
Lancelot,85,82,78
Lancelot,91,64,0
Lancelot,21,34,0
Lancelot,16,11,10
Lancelot,87,20,0
Lancelot,64,0,0
Lancelot,14,37,0
Lancelot,71,24,7
Lancelot,47,0,0
Lancelot,17,49,0
Lancelot,40,66,29
Lancelot,64,91,12
Lancelot,50,92,0
Lancelot,92,18,4
Lancelot,50,57,0
Lancelot,70,0,0
Lancelot,34,12,0
Lancelot,73,0,0
Lancelot,12,0,0
Lancelot,81,0,0
Lancelot,73,46,0
Lancelot,49,28,0
Lancelot,76,0,0
Lancelot,47,5,0
Lancelot,53,84,0
Lancelot,4,22,0
Lancelot,16,9,7
Lancelot,31,31,18
Lancelot,32,26,11
Lancelot,92,0,0
Lancelot,52,0,0
Lancelot,43,0,0
Lancelot,86,0,0
Lancelot,60,0,0
Lancelot,37,88,0
Lancelot,41,0,0
Lancelot,21,92,0
Lancelot,15,74,1
Lancelot,75,0,0
Lancelot,95,27,0
Lancelot,21,2,0
Lancelot,79,16,0
Lancelot,92,2,0
Lancelot,78,16,2
Lancelot,28,66,0
Lancelot,86,67,20
Lancelot,88,0,0
Lancelot,58,0,0
Lancelot,21,20,16
Lancelot,69,74,48
Lancelot,26,81,0
Lancelot,8,74,0
Lancelot,16,90,10
Lancelot,50,0,0
Lancelot,12,0,0
Lancelot,93,59,0
Lancelot,80,18,0
Lancelot,47,0,0
Lancelot,43,0,0
Lancelot,30,6,0
Lancelot,13,0,0
Lancelot,18,23,12
Lancelot,30,22,13
Lancelot,65,62,0
Lancelot,95,99,41
Lancelot,79,0,0
Lancelot,56,0,0
Lancelot,17,24,0
Lancelot,56,1,1
Lancelot,18,84,16
Lancelot,33,0,0
Lancelot,39,0,0
Lancelot,74,0,0
Lancelot,86,0,0
Lancelot,54,0,0
Lancelot,15,48,0
Lancelot,37,100,0
Lancelot,78,80,0
Lancelot,23,0,0
Lancelot,5,61,0
Lancelot,5,0,0
Lancelot,36,0,0
Lancelot,74,29,0
Lancelot,38,0,0
Lancelot,10,0,0
Lancelot,50,53,0
Lancelot,69,57,0
Lancelot,30,0,0
Lancelot,28,0,0
Lancelot,65,68,47
Lancelot,78,48,5
Lancelot,30,86,0
Lancelot,94,6,0
Lancelot,43,44,0
Lancelot,51,93,0
Lancelot,12,0,0
Lancelot,46,70,38
Lancelot,34,52,10
Lancelot,21,0,0
Lancelot,77,0,0
Lancelot,27,0,0
Lancelot,96,0,0
Lancelot,25,0,0
Lancelot,33,86,0
Lancelot,28,0,0
Lancelot,7,0,0
Lancelot,76,0,0
Lancelot,31,22,0
Lancelot,11,65,0
Lancelot,16,27,16
Lancelot,76,4,4
Lancelot,73,0,0
Lancelot,54,79,0
Lancelot,58,0,0
Lancelot,49,0,0
Lancelot,40,0,0
Lancelot,12,93,5
Lancelot,69,0,0
Lancelot,4,27,3
Lancelot,88,95,0
Lancelot,96,89,27
Lancelot,33,22,17
Lancelot,96,49,49
Lancelot,17,83,14
Lancelot,39,96,25
Lancelot,31,96,0
Lancelot,18,0,0
Lancelot,92,0,0
Lancelot,65,0,0
Lancelot,26,33,0
Lancelot,57,58,18
Lancelot,64,0,0
Lancelot,14,60,11
Lancelot,51,0,0
Lancelot,88,35,0
Lancelot,3,44,0
Lancelot,66,45,4
Lancelot,95,0,0
Lancelot,84,0,0
Lancelot,5,83,0
Lancelot,98,64,0
Lancelot,10,34,0
Lancelot,55,0,0
Lancelot,58,56,0
Lancelot,9,77,0
Lancelot,77,18,0
Lancelot,92,42,0
Lancelot,7,0,0
Lancelot,70,74,0
Lancelot,92,0,0
Lancelot,2,0,0
Lancelot,32,1,0
Lancelot,19,15,0
Lancelot,87,3,0
Lancelot,12,64,6
Lancelot,24,39,0
Lancelot,94,0,0
Lancelot,5,11,0
Lancelot,16,57,0
Lancelot,56,0,0
Lancelot,13,62,0
Lancelot,52,100,30
Lancelot,19,7,7
Lancelot,87,11,0
Lancelot,26,0,0
Lancelot,10,83,4
Lancelot,15,52,8
Lancelot,12,26,0
Lancelot,55,0,0
Lancelot,26,100,20
Lancelot,20,0,0
Lancelot,24,0,0
Lancelot,37,5,1
Lancelot,22,47,19
Lancelot,30,99,0
Lancelot,42,40,0
Lancelot,28,29,25
Lancelot,85,27,0
Lancelot,21,21,14
Lancelot,92,4,2
Lancelot,21,44,4
Lancelot,43,0,0
Lancelot,89,0,0
Lancelot,62,30,0
Lancelot,11,60,0
Lancelot,68,54,0
Lancelot,86,10,5
Lancelot,28,0,0
Lancelot,31,66,0
Lancelot,7,0,0
Lancelot,4,72,4
Lancelot,92,4,1
Lancelot,43,88,0
Lancelot,32,2,0
Lancelot,7,44,3
Lancelot,57,81,0
Lancelot,25,84,0
Lancelot,76,0,0
Lancelot,13,99,4
Lancelot,79,0,0
Lancelot,42,10,0
Lancelot,95,64,25
Lancelot,6,37,3
Lancelot,12,75,12
Lancelot,14,94,14
Lancelot,45,0,0
Lancelot,87,38,0
Lancelot,57,49,17
Lancelot,87,90,0
Lancelot,35,41,0
Lancelot,67,9,3
Lancelot,84,30,0
Lancelot,60,0,0
Lancelot,36,0,0
Lancelot,41,82,0
Lancelot,63,59,0
Lancelot,85,3,0
Lancelot,86,6,0
Lancelot,85,65,0
Lancelot,94,100,0
Lancelot,21,10,0
Lancelot,47,60,0
Lancelot,36,43,0
Lancelot,23,85,0
Lancelot,96,0,0
Lancelot,35,88,16
Lancelot,56,67,10
Lancelot,50,75,0
Lancelot,96,1,0
Lancelot,8,97,0
Lancelot,61,65,0
Lancelot,9,44,0
Lancelot,46,92,22
Lancelot,66,81,0
Lancelot,15,0,0
Lancelot,20,46,0
Lancelot,74,0,0
Lancelot,35,15,0
Lancelot,100,0,0
Lancelot,17,6,0
Lancelot,5,72,2
Lancelot,89,23,0
Lancelot,82,33,0
Lancelot,34,0,0
Lancelot,47,85,0
Lancelot,30,0,0
Lancelot,50,0,0
Lancelot,66,0,0
Lancelot,43,37,0
Lancelot,43,45,35
Lancelot,34,30,0
Lancelot,42,50,0
Lancelot,70,0,0
Lancelot,63,0,0
Lancelot,75,3,0
Lancelot,5,92,4
Lancelot,75,87,0
Lancelot,99,0,0
Lancelot,11,1,0
Lancelot,63,0,0
Lancelot,75,99,19
Lancelot,20,81,0
Lancelot,94,0,0
Lancelot,48,0,0
Lancelot,83,85,72
Lancelot,64,59,0
Lancelot,98,3,0
Lancelot,10,0,0
Lancelot,18,84,0
Lancelot,84,93,0
Lancelot,83,0,0
Lancelot,93,12,0
Lancelot,72,7,2
Lancelot,59,0,0
Lancelot,70,0,0
Lancelot,7,77,7
Lancelot,40,58,23
Lancelot,55,0,0
Lancelot,35,85,0
Lancelot,39,27,0
Lancelot,43,56,6
Lancelot,25,0,0
Lancelot,27,3,0
Lancelot,47,66,0
Lancelot,35,93,0
Lancelot,62,78,36
Lancelot,30,5,5
Lancelot,38,0,0
Lancelot,82,41,0
Lancelot,24,72,0
Lancelot,30,56,0
Lancelot,11,8,0
Lancelot,100,0,0
Lancelot,77,29,28
Lancelot,22,0,0
Lancelot,71,63,24
Lancelot,22,81,15
Lancelot,37,20,0
Lancelot,77,0,0
Lancelot,77,26,1
Lancelot,98,99,44
Lancelot,100,66,50
Lancelot,12,63,0
Lancelot,45,100,33
Lancelot,57,0,0
Lancelot,60,99,0
Lancelot,21,0,0
Lancelot,87,70,9
Lancelot,56,0,0
Lancelot,31,0,0
Lancelot,81,31,16
Lancelot,61,0,0
Lancelot,65,72,63
Lancelot,5,12,0
Lancelot,85,9,0
Lancelot,60,61,15
Lancelot,30,13,10
Lancelot,12,1,1
Lancelot,26,21,6
Lancelot,39,18,0
Lancelot,18,0,0
Lancelot,4,92,3
Lancelot,34,64,0
Lancelot,99,0,0
Lancelot,57,0,0
Lancelot,15,0,0
Lancelot,35,49,2
Lancelot,94,98,0
Lancelot,71,89,0
Lancelot,3,0,0
Lancelot,38,0,0
Lancelot,17,33,0
Lancelot,69,80,0
Lancelot,61,7,5
Lancelot,83,69,0
Lancelot,97,99,18
Lancelot,35,63,0
Lancelot,32,80,0
Lancelot,48,0,0
Lancelot,25,1,0
Lancelot,50,25,0
Lancelot,28,0,0
Lancelot,44,47,0
Lancelot,80,70,0
Lancelot,29,66,0
Lancelot,94,0,0
Lancelot,77,4,0
Lancelot,65,58,3
Lancelot,99,0,0
Lancelot,97,7,3
Lancelot,96,99,59
Lancelot,97,75,46
Lancelot,88,0,0
Lancelot,49,0,0
Lancelot,60,0,0
Lancelot,20,0,0
Lancelot,53,88,0
Lancelot,88,0,0
Lancelot,100,47,0
Lancelot,6,65,0
Lancelot,51,0,0
Lancelot,48,77,0
Lancelot,68,83,0
Lancelot,92,52,0
Lancelot,40,87,0
Lancelot,18,36,0
Lancelot,4,37,1
Lancelot,36,0,0
Lancelot,91,88,0
Lancelot,88,38,28
Lancelot,41,1,0
Lancelot,41,0,0
Lancelot,43,60,0
Lancelot,27,47,20
Lancelot,57,39,0
Lancelot,96,0,0
Lancelot,19,49,0
Lancelot,22,59,0
Lancelot,80,80,0
Lancelot,17,0,0
Lancelot,44,0,0
Lancelot,65,39,21
Lancelot,16,62,0
Lancelot,1,98,0
Lancelot,98,87,0
Lancelot,78,23,4
Lancelot,43,77,0
Lancelot,24,23,14
Lancelot,36,84,0
Lancelot,38,18,3
Lancelot,26,91,0
Lancelot,41,0,0
Lancelot,47,42,15
Lancelot,55,51,8
Lancelot,12,4,0
Lancelot,16,7,2
Lancelot,63,52,0
Lancelot,15,0,0
Lancelot,70,0,0
Lancelot,17,35,0
Lancelot,13,52,0
Lancelot,41,29,0
Lancelot,96,50,42
Lancelot,42,0,0
Lancelot,98,54,0
Lancelot,28,91,0
Lancelot,91,84,0
Lancelot,31,35,0
Lancelot,53,23,0
Lancelot,32,74,20
Lancelot,12,85,3
Lancelot,89,4,2
Lancelot,5,34,1
Lancelot,12,0,0
Lancelot,71,28,24
Lancelot,63,69,0
Lancelot,98,83,36
Lancelot,14,24,0
Lancelot,91,98,0
Lancelot,14,33,6
Lancelot,44,0,0
Lancelot,16,0,0
Lancelot,63,59,0
Lancelot,73,78,0
Lancelot,68,52,1
Lancelot,72,4,0
Lancelot,54,36,0
Lancelot,3,13,0
Lancelot,73,28,18
Lancelot,49,0,0
Lancelot,72,54,0
Lancelot,98,0,0
Lancelot,75,26,14
Lancelot,57,55,0
Lancelot,14,57,5
Lancelot,55,54,0
Lancelot,32,89,0
Lancelot,91,18,0
Lancelot,35,0,0
Lancelot,37,0,0
Lancelot,3,0,0
Lancelot,59,0,0
Lancelot,88,77,0
Lancelot,78,27,0
Lancelot,38,98,31
Lancelot,54,22,0
Lancelot,12,35,7
Lancelot,35,41,7
Lancelot,10,53,0
Lancelot,87,9,2
Lancelot,22,0,0
Lancelot,67,2,1
Lancelot,27,16,0
Lancelot,49,0,0
Lancelot,13,0,0
Lancelot,89,43,0
Lancelot,13,69,0
Lancelot,78,28,0
Lancelot,47,13,0
Lancelot,64,0,0
Lancelot,57,4,0
Lancelot,53,50,12
Lancelot,95,60,0
Lancelot,30,0,0
Lancelot,15,71,2
Lancelot,100,38,0
Lancelot,74,0,0
Lancelot,4,0,0
Lancelot,55,34,1
Lancelot,3,0,0
Lancelot,13,55,0
Lancelot,36,3,0
Lancelot,43,16,15
Lancelot,25,77,0
Lancelot,62,61,0
Lancelot,98,0,0
Lancelot,59,98,0
Lancelot,22,73,0
Lancelot,88,0,0
Lancelot,56,34,0
Lancelot,15,64,4
Lancelot,60,17,0
Lancelot,79,0,0
Lancelot,75,0,0
Lancelot,87,85,53
Lancelot,46,38,0
Lancelot,57,0,0
Lancelot,38,75,0
Lancelot,34,64,26
Lancelot,39,42,0
Lancelot,44,79,7
Lancelot,90,59,52
Lancelot,5,0,0
Lancelot,13,57,0
Lancelot,88,88,0
Lancelot,38,55,34
Lancelot,57,58,33
Lancelot,68,0,0
Lancelot,47,43,2
Lancelot,48,0,0
Lancelot,71,0,0
Lancelot,47,59,0
Lancelot,5,0,0
Lancelot,34,38,10
Lancelot,97,0,0
Lancelot,71,96,0
Lancelot,33,92,0
Lancelot,88,62,0
Lancelot,27,0,0
Lancelot,8,30,0
Lancelot,84,54,23
Lancelot,38,0,0
Lancelot,88,96,0
Lancelot,66,5,0
Lancelot,72,19,15
Lancelot,69,75,35
Lancelot,37,97,0
Lancelot,69,0,0
Lancelot,17,0,0
Lancelot,55,66,0
Lancelot,52,90,0
Lancelot,74,81,61
Lancelot,52,0,0
Lancelot,57,0,0
Lancelot,83,0,0
Lancelot,48,0,0
Lancelot,84,0,0
Lancelot,40,99,25
Lancelot,57,1,0
Lancelot,4,5,4
Lancelot,7,79,5
Lancelot,1,28,1
Lancelot,83,97,55
Lancelot,73,27,10
Lancelot,31,0,0
Lancelot,80,94,0
Lancelot,26,93,2
Lancelot,51,28,0
Lancelot,7,82,3
Lancelot,26,0,0
Lancelot,68,91,16
Lancelot,16,0,0
Lancelot,38,90,0
Lancelot,59,67,0
Lancelot,12,0,0
Lancelot,72,76,16
Lancelot,95,91,0
Lancelot,56,100,0
Lancelot,24,85,0
Lancelot,19,80,18
Lancelot,47,82,0
Lancelot,71,0,0
Lancelot,17,7,0
Lancelot,47,10,1
Lancelot,86,0,0
Lancelot,35,24,0
Lancelot,71,9,8
Lancelot,69,0,0
Lancelot,25,0,0
Lancelot,75,50,0
Lancelot,51,94,27
Lancelot,60,64,50
Lancelot,51,0,0
Lancelot,27,23,3
Lancelot,61,0,0
Lancelot,91,0,0
Lancelot,11,0,0
Lancelot,60,67,59
Lancelot,13,0,0
Lancelot,98,42,0
Lancelot,1,72,0
Lancelot,58,0,0
Lancelot,100,63,0
Lancelot,89,0,0
Lancelot,30,0,0
Lancelot,12,0,0
Lancelot,73,31,0
Lancelot,87,74,0
Lancelot,88,65,17
Lancelot,80,68,32
Lancelot,33,57,0
Lancelot,37,0,0
Lancelot,17,11,0
Lancelot,30,29,22
Lancelot,38,0,0
Lancelot,32,0,0
Lancelot,6,82,0
Lancelot,3,98,0
Lancelot,47,90,0
Lancelot,67,34,25
Lancelot,9,32,0
Lancelot,49,8,0
Lancelot,92,0,0
Lancelot,38,97,0
Lancelot,65,48,0
Lancelot,88,41,0
Lancelot,92,0,0
Lancelot,67,98,0
Lancelot,98,11,0
Lancelot,92,0,0
Lancelot,57,75,0
Lancelot,59,74,2
Lancelot,15,34,0
Lancelot,91,83,0
Lancelot,82,0,0
Lancelot,50,50,18
Lancelot,82,46,0
Lancelot,89,61,37
Lancelot,76,0,0
Lancelot,15,7,0
Lancelot,100,78,0
Lancelot,61,81,0
Lancelot,87,20,0
Lancelot,85,36,0
Lancelot,74,51,0
Lancelot,10,70,0
Lancelot,5,67,0
Lancelot,13,17,0
Lancelot,79,15,0
Lancelot,84,90,53
Lancelot,91,56,40
Lancelot,89,0,0
Lancelot,58,42,17
Lancelot,95,0,0
Lancelot,41,77,5
Lancelot,72,18,2
Lancelot,48,4,3
Lancelot,70,43,22
Lancelot,45,53,0
Lancelot,41,0,0
Lancelot,85,25,0
Lancelot,51,34,0
Lancelot,26,14,3
Lancelot,67,0,0
Lancelot,95,13,11
Lancelot,16,0,0
Lancelot,61,0,0
Lancelot,56,0,0
Lancelot,17,0,0
Lancelot,83,65,41
Lancelot,37,19,0
Lancelot,20,14,14
Lancelot,59,25,9
Lancelot,59,51,0
Lancelot,40,0,0
Lancelot,96,56,0
Lancelot,81,79,42
Lancelot,13,55,4
Lancelot,39,0,0
Lancelot,46,75,10
Lancelot,40,43,23
Lancelot,4,0,0
Lancelot,25,89,16
Lancelot,63,0,0
Lancelot,31,0,0
Lancelot,87,37,0
Lancelot,39,8,0
Lancelot,11,25,0
Lancelot,81,26,0
Lancelot,39,0,0
Lancelot,27,8,3
Lancelot,30,90,0
Lancelot,95,79,0
Lancelot,53,0,0
Lancelot,88,0,0
Lancelot,73,9,0
Lancelot,89,0,0
Lancelot,87,42,0
Lancelot,53,0,0
Lancelot,94,54,54
Lancelot,66,0,0
Lancelot,80,27,25
Lancelot,38,43,0
Lancelot,98,19,18
Lancelot,2,68,1
Lancelot,19,0,0
Lancelot,43,0,0
Lancelot,90,0,0
Lancelot,95,14,0
Lancelot,88,100,67
Lancelot,7,64,0
Lancelot,57,0,0
Lancelot,49,19,0
Lancelot,37,60,0
Lancelot,86,0,0
Lancelot,59,0,0
Lancelot,61,0,0
Lancelot,73,11,0
Lancelot,67,32,0
Lancelot,14,90,0
Lancelot,72,0,0
Lancelot,29,87,0
Lancelot,43,25,0
Lancelot,21,50,9
Lancelot,77,0,0
Lancelot,45,99,33
Lancelot,96,18,1
Lancelot,20,41,6
Lancelot,61,4,1
Lancelot,95,67,14
Lancelot,57,0,0
Lancelot,24,13,1
Lancelot,99,15,0
Lancelot,60,0,0
Lancelot,98,65,0
Lancelot,18,78,18
Lancelot,6,0,0
Lancelot,56,0,0
Lancelot,22,75,0
Lancelot,68,7,0
Lancelot,91,7,3
Lancelot,29,0,0
Lancelot,46,27,16
Lancelot,34,0,0
Lancelot,19,3,0
Lancelot,93,81,0
Lancelot,78,0,0
Lancelot,93,0,0
Lancelot,82,21,0
Lancelot,35,26,8
Lancelot,49,38,12
Lancelot,65,2,0
Lancelot,97,45,0
Lancelot,39,0,0
Lancelot,12,0,0
Lancelot,21,0,0
Lancelot,12,97,6
Lancelot,96,0,0
Lancelot,52,0,0
Lancelot,74,54,0
Lancelot,44,74,34
Lancelot,24,37,3
Lancelot,31,15,0
Lancelot,94,60,0
Lancelot,97,0,0
Lancelot,58,96,40
Lancelot,40,74,37
Lancelot,74,46,41
Lancelot,13,54,0
Lancelot,47,2,0
Lancelot,38,0,0
Lancelot,45,41,34
Lancelot,88,0,0
Lancelot,51,0,0
Lancelot,53,0,0
Lancelot,5,0,0
Lancelot,66,1,0
Lancelot,10,64,0
Lancelot,64,6,0
Lancelot,99,0,0
Lancelot,80,11,0
Lancelot,66,50,0
Lancelot,11,34,0
Lancelot,83,73,0
Lancelot,78,79,0
Lancelot,56,28,0
Lancelot,8,36,0
Lancelot,27,5,0
Lancelot,74,0,0
Lancelot,100,0,0
Lancelot,40,35,0
Lancelot,6,81,0
Lancelot,66,43,39
Lancelot,40,0,0
Lancelot,29,38,0
Lancelot,84,93,0
Lancelot,6,64,0
Lancelot,27,31,0
Lancelot,83,0,0
Lancelot,75,0,0
Lancelot,76,88,0
Lancelot,41,8,0
Lancelot,17,0,0
Lancelot,36,0,0
Lancelot,2,57,2
Lancelot,30,35,0
Lancelot,68,0,0
Lancelot,21,81,5
Lancelot,12,75,0
Lancelot,40,60,0
Lancelot,9,82,9
Lancelot,56,46,0
Lancelot,20,54,11
Lancelot,52,75,3
Lancelot,96,5,2
Lancelot,49,37,0
Lancelot,92,70,26
Lancelot,55,0,0
Lancelot,16,73,0
Lancelot,1,23,0
Lancelot,62,0,0
Lancelot,51,60,0
Lancelot,5,75,0
Lancelot,92,18,0
Lancelot,100,0,0
Lancelot,38,16,0
Lancelot,87,33,29
Lancelot,33,0,0
Lancelot,28,25,22
Lancelot,77,0,0
Lancelot,66,95,11
Lancelot,69,21,17
Lancelot,65,67,0
Lancelot,5,90,0
Lancelot,70,0,0
Lancelot,92,6,0
Lancelot,40,52,0
Lancelot,83,100,22
Lancelot,53,7,5
Lancelot,88,66,0
Lancelot,27,84,20
Lancelot,7,57,0
Lancelot,19,49,1
Lancelot,23,10,0
Lancelot,8,0,0
Lancelot,44,22,0
Lancelot,8,0,0
Lancelot,17,96,0
Lancelot,75,99,0
Lancelot,65,55,35
Lancelot,55,71,0
Lancelot,21,59,0
Lancelot,63,59,0
Lancelot,43,68,27
Lancelot,83,21,0
Lancelot,5,37,0
Lancelot,7,5,0
Lancelot,75,0,0
Lancelot,34,0,0
Lancelot,59,74,0
Lancelot,43,85,0
Lancelot,74,43,16
Lancelot,60,100,36
Lancelot,62,12,0
Lancelot,96,34,0
Lancelot,87,78,0
Lancelot,59,1,0
Lancelot,84,0,0
Lancelot,56,7,4
Lancelot,64,30,28
Lancelot,58,0,0
Lancelot,8,90,5
Lancelot,13,0,0
Lancelot,60,41,0
Lancelot,38,41,0
Lancelot,27,67,15
Lancelot,95,65,22
Lancelot,71,91,0
Lancelot,71,46,0
Lancelot,80,0,0
Lancelot,6,90,1
Lancelot,73,76,58
Lancelot,9,0,0
Lancelot,50,68,0
Lancelot,46,66,23
Lancelot,44,1,0
Lancelot,84,0,0
Lancelot,30,29,0
Lancelot,77,61,0
Lancelot,95,90,0
Lancelot,65,15,2
Lancelot,11,0,0
Lancelot,23,50,0
Lancelot,30,0,0
Lancelot,84,71,0
Lancelot,31,68,25
Lancelot,22,25,0
Lancelot,63,82,0
Lancelot,24,65,0
Lancelot,89,18,9
Lancelot,82,78,0
Lancelot,27,56,1
Lancelot,71,0,0
Lancelot,62,46,0
Lancelot,48,4,0
Lancelot,47,29,0
Lancelot,25,90,0
Lancelot,79,90,0
Lancelot,73,0,0
Lancelot,70,54,29
Lancelot,84,15,0
Lancelot,94,85,85
Lancelot,60,0,0
Lancelot,55,10,0
Lancelot,28,0,0
Lancelot,50,70,0
Lancelot,49,9,0
Lancelot,36,19,0
Lancelot,44,95,16
Lancelot,11,23,5
Lancelot,76,4,0
Lancelot,28,20,0
Lancelot,46,0,0
Lancelot,49,8,5
Lancelot,97,6,3
Lancelot,24,68,0
Lancelot,85,0,0
Lancelot,37,96,0
Lancelot,100,69,37
Lancelot,65,76,0
Lancelot,87,21,4
Lancelot,36,3,3
Lancelot,42,26,3
Lancelot,43,35,0
Lancelot,98,0,0
Lancelot,65,13,0
Lancelot,70,87,22
Lancelot,75,72,70
Lancelot,52,51,4
Lancelot,19,0,0
Lancelot,91,0,0
Lancelot,87,89,0
Lancelot,80,12,4
Lancelot,38,0,0
Lancelot,51,72,0
Lancelot,71,31,16
Lancelot,55,98,33
Lancelot,18,0,0
Lancelot,44,83,0
Lancelot,84,0,0
Lancelot,6,9,0
Lancelot,6,0,0
Lancelot,11,100,10
Lancelot,41,0,0
Lancelot,80,83,77
Lancelot,74,0,0
Lancelot,28,71,0
Lancelot,63,0,0
Lancelot,71,43,0
Lancelot,75,32,0
Lancelot,57,60,0
Lancelot,28,56,0
Lancelot,38,0,0
Lancelot,54,36,15
Lancelot,65,0,0
Lancelot,49,39,0
Lancelot,91,74,58
Lancelot,5,79,0
Lancelot,14,87,0
Lancelot,29,0,0
Lancelot,74,86,0
Lancelot,98,89,47
Lancelot,29,91,0
Lancelot,19,99,0
Lancelot,21,36,5
Lancelot,65,0,0
Lancelot,2,0,0
Lancelot,90,0,0
Lancelot,61,26,0
Lancelot,94,0,0
Lancelot,33,28,0
Lancelot,48,50,0
Lancelot,31,0,0
Lancelot,1,99,0
Lancelot,90,65,0
Lancelot,41,96,0
Lancelot,99,0,0
Lancelot,94,52,22
Lancelot,4,0,0
Lancelot,39,0,0
Lancelot,10,48,0
Lancelot,2,0,0
Lancelot,59,19,0
Lancelot,27,34,0
Lancelot,39,69,0
Lancelot,87,0,0
Lancelot,88,55,7
Lancelot,57,0,0
Lancelot,71,91,0
Lancelot,29,19,1
Lancelot,76,17,0
Lancelot,35,0,0
Lancelot,6,0,0
Lancelot,1,22,0
Lancelot,61,0,0
Lancelot,97,17,7
Lancelot,28,0,0
Lancelot,78,0,0
Lancelot,77,100,28
Lancelot,56,90,0
Lancelot,36,65,0
Lancelot,62,0,0
Lancelot,69,0,0
Lancelot,91,16,0
Lancelot,55,78,24
Lancelot,60,43,0
Lancelot,50,0,0
Lancelot,95,86,1
Lancelot,89,0,0
Lancelot,91,78,62
Lancelot,43,32,0
Lancelot,70,29,0
Lancelot,91,46,0
Lancelot,55,7,4
Lancelot,62,40,23
Lancelot,75,51,34
Lancelot,46,14,10
Lancelot,36,70,0
Lancelot,91,0,0
Lancelot,84,0,0
Lancelot,18,96,16
Lancelot,67,61,0
Lancelot,74,88,0
Lancelot,5,0,0
Lancelot,9,0,0
Lancelot,4,61,3
Lancelot,88,64,0
Lancelot,91,0,0
Lancelot,73,0,0
Lancelot,99,16,7
Lancelot,85,23,0
Lancelot,47,0,0
Lancelot,33,44,0
Lancelot,48,37,0
Lancelot,29,25,0
Lancelot,69,69,21
Lancelot,20,48,0
Lancelot,93,0,0
Lancelot,81,25,0
Lancelot,77,0,0
Lancelot,80,0,0
Lancelot,12,97,0
Lancelot,2,94,0
Lancelot,94,28,0
Lancelot,64,0,0
Lancelot,86,72,48
Lancelot,48,88,0
Lancelot,58,63,37
Lancelot,83,0,0
Lancelot,83,0,0
Lancelot,20,68,0
Lancelot,63,39,0
Lancelot,65,99,11
Lancelot,61,73,0
Lancelot,69,78,0
Lancelot,68,21,0
Lancelot,87,59,0
Lancelot,23,1,1
Lancelot,3,57,0
Lancelot,67,27,0
Lancelot,98,0,0
Lancelot,42,0,0
Lancelot,61,80,9
Lancelot,27,0,0
Lancelot,5,44,0
Lancelot,32,31,0
Lancelot,46,0,0
Lancelot,23,0,0
Lancelot,90,18,0
Lancelot,100,23,0
Lancelot,65,36,27
Lancelot,22,85,0
Lancelot,95,94,88
Lancelot,39,6,0
Lancelot,33,37,0
Lancelot,4,44,0
Lancelot,69,66,5
Lancelot,5,0,0
Lancelot,32,0,0
Lancelot,86,43,0
Lancelot,29,78,0
Lancelot,21,98,0
Lancelot,80,41,0
Lancelot,99,0,0
Lancelot,89,0,0
Lancelot,72,0,0
Lancelot,33,0,0
Lancelot,82,3,3
Lancelot,72,84,16
Lancelot,46,64,0
Lancelot,26,97,26
Lancelot,5,10,0
Lancelot,99,38,0
Lancelot,29,43,0
Lancelot,97,100,0
Lancelot,6,86,4
Lancelot,64,82,44
Lancelot,47,61,0
Lancelot,14,0,0
Lancelot,7,12,0
Lancelot,48,0,0
Lancelot,74,0,0
Lancelot,73,38,0
Lancelot,35,0,0
Lancelot,31,35,0
Lancelot,17,29,0
Lancelot,1,14,0
Lancelot,85,53,45
Lancelot,11,83,7
Lancelot,60,0,0
Lancelot,82,0,0
Lancelot,85,16,0
Lancelot,75,10,0
Lancelot,43,0,0
Lancelot,96,71,0
Lancelot,18,0,0
Lancelot,84,96,45
Lancelot,93,97,0
Lancelot,81,74,32
Lancelot,82,43,37
Lancelot,26,74,0
Lancelot,88,84,0
Lancelot,53,67,0
Lancelot,84,58,0
Lancelot,15,0,0
Lancelot,50,31,27
Lancelot,72,43,0
Lancelot,67,52,0
Lancelot,83,70,0
Lancelot,46,51,39
Lancelot,78,0,0
Lancelot,45,54,25
Lancelot,96,44,4
Lancelot,70,88,34
Lancelot,33,0,0
Lancelot,98,21,0
Lancelot,31,87,8
Lancelot,87,0,0
Lancelot,85,47,12
Lancelot,29,0,0
Lancelot,17,73,0
Lancelot,60,35,0
Lancelot,78,67,0
Lancelot,73,47,0
Lancelot,24,93,7
Lancelot,7,68,6
Lancelot,14,0,0
Lancelot,94,0,0
Lancelot,18,19,0
Lancelot,14,61,0
Lancelot,30,59,0
Lancelot,53,67,0
Lancelot,55,0,0
Lancelot,58,59,0
Lancelot,15,27,0
Lancelot,72,77,0
Lancelot,32,54,0
Lancelot,86,56,38
Lancelot,70,85,0
Lancelot,12,17,0
Lancelot,31,45,22
Lancelot,86,87,0
Lancelot,15,0,0
Lancelot,6,35,2
Lancelot,16,92,11
Lancelot,13,99,0
Lancelot,37,16,7
Lancelot,71,56,24
Lancelot,42,0,0
Lancelot,60,82,0
Lancelot,94,79,0
Lancelot,55,22,0
Lancelot,17,61,0
Lancelot,16,42,0
Lancelot,19,0,0
Lancelot,81,0,0
Lancelot,71,97,0
Lancelot,45,88,0
Lancelot,57,85,0
Lancelot,62,0,0
Lancelot,67,0,0
Lancelot,11,58,10
Lancelot,66,0,0
Lancelot,50,26,3
Lancelot,94,51,0
Lancelot,25,0,0
Lancelot,59,82,0
Lancelot,59,71,24
Lancelot,4,0,0
Lancelot,27,0,0
Lancelot,33,0,0
Lancelot,80,0,0
Lancelot,61,51,48
Lancelot,46,4,0
Lancelot,35,77,0
Lancelot,91,94,0
Lancelot,47,77,5
Lancelot,27,28,0
Lancelot,38,0,0
Lancelot,39,91,30
Lancelot,92,11,0
Lancelot,45,65,0
Lancelot,4,0,0
Lancelot,53,89,0
Lancelot,100,8,0
Lancelot,12,69,0
Lancelot,42,0,0
Lancelot,80,98,1
Lancelot,92,0,0
Lancelot,86,53,0
Lancelot,61,70,0
Lancelot,9,46,8
Lancelot,2,44,0
Lancelot,64,71,0
Lancelot,41,88,36
Lancelot,20,68,0
Lancelot,2,11,0
Lancelot,66,57,0
Lancelot,94,10,2
Lancelot,49,97,14
Lancelot,26,0,0
Lancelot,66,0,0
Lancelot,7,18,0
Lancelot,5,0,0
Lancelot,60,7,5
Lancelot,50,0,0
Lancelot,28,5,4
Lancelot,70,7,0
Lancelot,6,72,0
Lancelot,65,71,0
Lancelot,7,0,0
Lancelot,69,0,0
Lancelot,46,3,0
Lancelot,65,47,0
Lancelot,29,55,0
Lancelot,36,56,5
Lancelot,30,0,0
Lancelot,14,0,0
Lancelot,73,0,0
Lancelot,78,81,0
Lancelot,90,85,0
Lancelot,37,68,0
Lancelot,5,43,1
Lancelot,74,10,0
Lancelot,17,16,0
Lancelot,10,39,0
Lancelot,77,0,0
Lancelot,8,10,0
Lancelot,11,90,0
Lancelot,75,94,0
Lancelot,97,78,64
Lancelot,40,23,16
Lancelot,27,0,0
Lancelot,55,0,0
Lancelot,95,87,0
Lancelot,4,15,0
Lancelot,23,93,9
Lancelot,36,21,19
Lancelot,15,44,0
Lancelot,63,43,0
Lancelot,67,0,0
Lancelot,47,23,0
Lancelot,98,0,0
Lancelot,62,85,0
Lancelot,56,87,25
Lancelot,70,0,0
Lancelot,57,0,0
Lancelot,83,0,0
Lancelot,20,35,3
Lancelot,12,26,11
Lancelot,8,0,0
Lancelot,73,0,0
Lancelot,63,36,33
Lancelot,8,0,0
Lancelot,5,65,0
Lancelot,96,38,27
Lancelot,4,0,0
Lancelot,13,7,2
Lancelot,53,0,0
Lancelot,53,0,0
Lancelot,50,0,0
Lancelot,47,98,37
Lancelot,19,34,10
Lancelot,51,0,0
Lancelot,80,0,0
Lancelot,42,76,0
Lancelot,80,46,0
Lancelot,76,0,0
Lancelot,68,0,0
Lancelot,99,0,0
Lancelot,32,92,0
Lancelot,1,0,0
Lancelot,82,38,0
Lancelot,19,2,1
Lancelot,38,71,0
Lancelot,20,64,0
Lancelot,69,0,0
Lancelot,60,0,0
Lancelot,15,64,0
Lancelot,28,47,16
Lancelot,27,0,0
Lancelot,72,41,0
Lancelot,53,34,9
Lancelot,12,20,0
Lancelot,93,28,0
Lancelot,56,32,0
Lancelot,91,0,0
Lancelot,54,13,0
Lancelot,31,0,0
Lancelot,55,69,0
Lancelot,27,0,0
Lancelot,17,69,9
Lancelot,81,29,1
Lancelot,1,49,0
Lancelot,98,62,36
Lancelot,3,86,0
Lancelot,61,0,0
Lancelot,11,0,0
Lancelot,78,0,0
Lancelot,74,65,47
Lancelot,48,52,16
Lancelot,81,47,42
Lancelot,87,9,6
Lancelot,65,91,26
Lancelot,41,55,0
Lancelot,40,0,0
Lancelot,72,0,0
Lancelot,62,36,21
Lancelot,61,0,0
Lancelot,69,82,0
Lancelot,90,0,0
Lancelot,10,44,0
Lancelot,58,49,19
Lancelot,83,13,0
Lancelot,100,36,22
Lancelot,27,5,2
Lancelot,83,42,37
Lancelot,34,96,11
Lancelot,64,40,6
Lancelot,84,19,4
Lancelot,74,68,0
Lancelot,40,52,32
Lancelot,52,0,0
Lancelot,82,14,0
Lancelot,89,0,0
Lancelot,58,92,35
Lancelot,7,17,0
Lancelot,77,100,64
Lancelot,33,52,0
Lancelot,23,30,0
Lancelot,16,96,0
Lancelot,87,89,0
Lancelot,89,78,61
Lancelot,28,0,0
Lancelot,66,41,8
Lancelot,42,85,0
Lancelot,4,76,0
Lancelot,94,0,0
Lancelot,40,29,0
Lancelot,47,47,0
Lancelot,71,29,0
Lancelot,66,67,0
Lancelot,32,91,0
Lancelot,67,0,0
Lancelot,23,1,0
Lancelot,59,66,29
Lancelot,57,83,0
Lancelot,60,0,0
Lancelot,66,49,0
Lancelot,80,79,18
Lancelot,100,0,0
Lancelot,1,84,0
Lancelot,16,0,0
Lancelot,35,33,0
Lancelot,26,11,0
Lancelot,66,8,0
Lancelot,31,54,9
Lancelot,80,0,0
Lancelot,91,93,28
Lancelot,17,47,0
Lancelot,93,22,0
Lancelot,34,78,0
Lancelot,20,13,4
Lancelot,7,100,0
Lancelot,34,74,0
Lancelot,24,2,2
Lancelot,77,37,11
Lancelot,13,65,2
Lancelot,59,60,0
Lancelot,28,21,0
Lancelot,15,0,0
Lancelot,8,57,4
Lancelot,59,0,0
Lancelot,27,93,0
Lancelot,75,19,0
Lancelot,98,23,22
Lancelot,13,0,0
Lancelot,25,62,5
Lancelot,44,76,12
Lancelot,96,1,0
Lancelot,60,45,0
Lancelot,68,38,19
Lancelot,85,47,32
Lancelot,18,18,15
Lancelot,12,56,0
Lancelot,96,72,0
Lancelot,16,83,0
Lancelot,20,0,0
Lancelot,97,33,0
Lancelot,37,2,0
Lancelot,75,26,12
Lancelot,64,80,0
Lancelot,2,36,2
Lancelot,3,60,0
Lancelot,38,0,0
Lancelot,55,0,0
Lancelot,80,14,0
Lancelot,83,65,0
Lancelot,52,0,0
Lancelot,81,24,0
Lancelot,11,0,0
Lancelot,43,0,0
Lancelot,1,79,0
Lancelot,48,0,0
Lancelot,27,0,0
Lancelot,8,2,0
Lancelot,62,82,1
Lancelot,37,64,0
Lancelot,50,25,0
Lancelot,75,0,0
Lancelot,58,21,12
Lancelot,28,75,0
Lancelot,58,38,0
Lancelot,71,83,14
Lancelot,35,0,0
Lancelot,48,0,0
Lancelot,54,74,42
Lancelot,45,0,0
Lancelot,14,51,12
Lancelot,44,0,0
Lancelot,93,16,0
Lancelot,76,88,37
Lancelot,1,0,0
Lancelot,4,11,1
Lancelot,14,0,0
Lancelot,40,59,0
Lancelot,88,15,12
Lancelot,65,84,0
Lancelot,52,20,17
Lancelot,86,78,52
Lancelot,19,0,0
Lancelot,13,83,5
Lancelot,7,0,0
Lancelot,19,2,0
Lancelot,15,0,0
Lancelot,74,20,3
Lancelot,99,79,0
Lancelot,98,16,0
Lancelot,81,45,0
Lancelot,26,58,0
Lancelot,21,74,4
Lancelot,9,0,0
Lancelot,46,29,0
Lancelot,76,88,62
Lancelot,12,0,0
Lancelot,79,19,0
Lancelot,57,0,0
Lancelot,73,38,0
Lancelot,14,75,1
Lancelot,8,22,0
Lancelot,38,86,0
Lancelot,75,0,0
Lancelot,21,83,12
Lancelot,2,44,1
Lancelot,94,0,0
Lancelot,95,74,30
Lancelot,44,42,0
Lancelot,23,0,0
Lancelot,2,59,0
Lancelot,7,96,1
Lancelot,42,84,0
Lancelot,75,23,23
Lancelot,2,56,2
Lancelot,25,0,0
Lancelot,42,60,12
Lancelot,50,0,0
Lancelot,37,99,37
Lancelot,88,0,0
Lancelot,79,0,0
Lancelot,27,74,0
Lancelot,83,51,0
Lancelot,9,83,8
Lancelot,35,0,0
Lancelot,75,0,0
Lancelot,25,0,0
Lancelot,28,0,0
Lancelot,66,20,0
Lancelot,27,38,0
Lancelot,3,81,2
Lancelot,47,0,0
Lancelot,56,52,26
Lancelot,70,59,34
Lancelot,16,0,0
Lancelot,64,36,0
Lancelot,87,84,21
Lancelot,47,39,0
Lancelot,76,63,0
Lancelot,46,83,0
Lancelot,70,23,0
Lancelot,12,0,0
Lancelot,17,0,0
Lancelot,89,75,0
Lancelot,80,0,0
Lancelot,88,81,74
Lancelot,43,77,6
Lancelot,18,63,0
Lancelot,63,0,0
Lancelot,54,86,0
Lancelot,43,25,0
Lancelot,98,52,0
Lancelot,55,0,0
Lancelot,5,20,4
Lancelot,68,0,0
Lancelot,56,82,0
Lancelot,91,11,4
Lancelot,33,9,0
Lancelot,78,39,20
Lancelot,32,0,0
Lancelot,19,12,0
Lancelot,28,45,0
Lancelot,59,97,0
Lancelot,89,57,34
Lancelot,45,85,0
Lancelot,21,51,0
Lancelot,96,42,0
Lancelot,73,11,9
Lancelot,90,52,0
Lancelot,82,73,0
Lancelot,77,46,0
Lancelot,35,40,17
Lancelot,39,13,12
Lancelot,55,0,0
Lancelot,91,45,0
Lancelot,37,0,0
Lancelot,47,0,0
Lancelot,63,0,0
Lancelot,18,26,0
Lancelot,7,19,2
Lancelot,43,0,0
Lancelot,21,91,0
Lancelot,78,0,0
Lancelot,91,0,0
Lancelot,63,35,27
Lancelot,31,65,0
Lancelot,87,0,0
Lancelot,66,83,0
Lancelot,14,1,0
Lancelot,89,0,0
Lancelot,23,39,0
Lancelot,31,58,19
Lancelot,3,23,3
Lancelot,40,93,28
Lancelot,9,26,1
Lancelot,5,0,0
Lancelot,18,5,1
Lancelot,69,26,3
Lancelot,47,58,9
Lancelot,51,39,0
Lancelot,84,0,0
Lancelot,54,87,48
Lancelot,11,0,0
Lancelot,20,87,13
Lancelot,55,37,0
Lancelot,60,0,0
Lancelot,76,46,0
Lancelot,18,100,14
Lancelot,16,22,0
Lancelot,32,87,10
Lancelot,45,42,0
Lancelot,96,0,0
Lancelot,44,0,0
Lancelot,22,63,0
Lancelot,57,49,0
Lancelot,69,48,13
Lancelot,88,59,0
Lancelot,48,16,4
Lancelot,9,3,0
Lancelot,7,0,0
Lancelot,10,13,0
Lancelot,30,35,2
Lancelot,54,16,0
Lancelot,37,87,24
Lancelot,62,0,0
Lancelot,61,82,30
Lancelot,20,25,0
Lancelot,41,67,1
Lancelot,80,8,0
Lancelot,7,40,7
Lancelot,35,23,0
Lancelot,70,0,0
Lancelot,62,0,0
Lancelot,56,50,0
Lancelot,90,79,0
Lancelot,44,76,12
Lancelot,82,57,51
Lancelot,72,0,0
Lancelot,43,0,0
Lancelot,49,0,0
Lancelot,30,9,2
Lancelot,28,29,0
Lancelot,68,0,0
Lancelot,11,49,1
Lancelot,53,76,48
Lancelot,70,5,0
Lancelot,98,73,0
Lancelot,74,35,1
Lancelot,9,0,0
Lancelot,41,52,26
Lancelot,63,24,0
Lancelot,35,44,35
Lancelot,66,1,0
Lancelot,45,62,37
Lancelot,29,5,3
Lancelot,81,39,6
Lancelot,29,0,0
Lancelot,43,82,6
Lancelot,12,46,0
Lancelot,71,74,8
Lancelot,33,58,0
Lancelot,90,24,0
Lancelot,4,4,0
Lancelot,15,85,0
Lancelot,73,84,67
Lancelot,10,0,0
Lancelot,11,100,6
Lancelot,43,31,0
Lancelot,73,76,65
Lancelot,18,57,0
Lancelot,20,91,0
Lancelot,45,0,0
Lancelot,50,86,7
Lancelot,15,87,3
Lancelot,49,8,0
Lancelot,87,61,0
Lancelot,9,55,3
Lancelot,38,30,20
Lancelot,81,0,0
Lancelot,7,59,1
Lancelot,36,96,32
Lancelot,88,62,0
Lancelot,1,1,0
Lancelot,11,5,0
Lancelot,50,87,0
Lancelot,89,94,0
Lancelot,45,63,34
Lancelot,21,82,7
Lancelot,49,64,0
Lancelot,32,0,0
Lancelot,39,0,0
Lancelot,36,0,0
Lancelot,29,13,0
Lancelot,79,0,0
Lancelot,65,46,13
Lancelot,1,6,0
Lancelot,91,28,11
Lancelot,91,0,0
Lancelot,22,0,0
Lancelot,56,0,0
Lancelot,49,0,0
Lancelot,59,23,0
Lancelot,98,39,0
Lancelot,12,0,0
Lancelot,51,0,0
Lancelot,31,69,0
Lancelot,31,0,0
Lancelot,30,0,0
Lancelot,78,71,44
Lancelot,85,44,0
Lancelot,15,80,3
Lancelot,45,73,0
Lancelot,55,0,0
Lancelot,36,0,0
Lancelot,24,0,0
Lancelot,62,92,46
Lancelot,30,0,0
Lancelot,3,70,0
Lancelot,65,25,0
Lancelot,26,0,0
Lancelot,64,77,53
Lancelot,55,60,12
Lancelot,80,0,0
Lancelot,22,54,21
Lancelot,23,87,23
Lancelot,96,53,0
Lancelot,5,0,0
Lancelot,83,99,0
Lancelot,21,7,0
Lancelot,23,0,0
Lancelot,75,0,0
Lancelot,100,83,64
Lancelot,100,0,0
Lancelot,36,34,16
Lancelot,59,46,13
Lancelot,11,85,0
Lancelot,22,84,21
Lancelot,26,0,0
Lancelot,53,16,0
Lancelot,80,0,0
Lancelot,24,90,0
Lancelot,46,0,0
Lancelot,52,0,0
Lancelot,11,39,0
Lancelot,78,73,26
Lancelot,4,26,0
Lancelot,68,90,34
Lancelot,10,70,0
Lancelot,67,24,0
Lancelot,51,19,0
Lancelot,9,56,9
Lancelot,68,0,0
Lancelot,45,5,4
Lancelot,35,9,0
Lancelot,54,21,0
Lancelot,70,90,6
Lancelot,96,9,3
Lancelot,81,99,0
Lancelot,73,18,0
Lancelot,30,26,18
Lancelot,11,24,0
Lancelot,84,0,0
Lancelot,48,0,0
Lancelot,59,87,0
Lancelot,39,89,0
Lancelot,80,0,0
Lancelot,37,92,0
Lancelot,53,0,0
Lancelot,6,0,0
Lancelot,21,3,3
Lancelot,76,0,0
Lancelot,71,4,0
Lancelot,32,0,0
Lancelot,64,64,0
Lancelot,49,80,0
Lancelot,83,0,0
Lancelot,11,0,0
Lancelot,97,31,0
Lancelot,93,85,0
Lancelot,83,49,28
Lancelot,53,18,0
Lancelot,82,55,0
Lancelot,31,0,0
Lancelot,53,0,0
Lancelot,25,0,0
Lancelot,56,13,8
Lancelot,80,0,0
Lancelot,66,75,0
Lancelot,76,5,0
Lancelot,14,63,0
Lancelot,37,64,30
Lancelot,19,81,14
Lancelot,55,24,0
Lancelot,97,78,0
Lancelot,40,31,0
Lancelot,88,4,0
Lancelot,90,38,0
Lancelot,77,0,0
Lancelot,34,31,7
Lancelot,25,7,6
Lancelot,58,31,0
Lancelot,1,34,0
Lancelot,12,0,0
Lancelot,62,40,0
Lancelot,61,61,45
Lancelot,76,97,43
Lancelot,14,10,9
Lancelot,20,20,0
Lancelot,47,74,0
Lancelot,61,2,1
Lancelot,69,49,0
Lancelot,34,100,2
Lancelot,18,92,15
Lancelot,96,53,0
Lancelot,74,94,0
Lancelot,34,48,0
Lancelot,36,56,0
Lancelot,43,0,0
Lancelot,79,0,0
Lancelot,99,0,0
Lancelot,57,0,0
Lancelot,38,0,0
Lancelot,7,19,7
Lancelot,65,72,50
Lancelot,17,3,0
Lancelot,3,56,0
Lancelot,85,23,10
Lancelot,38,60,0
Lancelot,59,0,0
Lancelot,96,46,0
Lancelot,83,0,0
Lancelot,22,0,0
Lancelot,93,39,0
Lancelot,61,0,0
Lancelot,15,0,0
Lancelot,28,0,0
Lancelot,64,34,0
Lancelot,76,80,0
Lancelot,26,99,0
Lancelot,50,52,0
Lancelot,18,9,0
Lancelot,60,56,0
Lancelot,21,0,0
Lancelot,60,0,0
Lancelot,5,33,0
Lancelot,67,48,0
Lancelot,38,100,20
Lancelot,74,0,0
Lancelot,19,29,0
Lancelot,64,67,0
Lancelot,30,60,0
Lancelot,65,0,0
Lancelot,56,72,0
Lancelot,63,97,55
Lancelot,69,7,3
Lancelot,3,0,0
Lancelot,54,44,0
Lancelot,34,55,6
Lancelot,39,0,0
Lancelot,74,59,0
Lancelot,32,0,0
Lancelot,1,73,0
Lancelot,95,37,17
Lancelot,49,0,0
Lancelot,13,18,11
Lancelot,67,53,0
Lancelot,70,2,0
Lancelot,96,63,0
Lancelot,41,0,0
Lancelot,29,25,0
Lancelot,60,61,9
Lancelot,14,67,0
Lancelot,30,0,0
Lancelot,43,79,0
Lancelot,33,16,5
Lancelot,27,80,21
Lancelot,11,12,0
Lancelot,11,0,0
Lancelot,64,0,0
Lancelot,47,0,0
Lancelot,94,2,1
Lancelot,81,0,0
Lancelot,42,93,0
Lancelot,72,0,0
Lancelot,56,49,0
Lancelot,14,17,4
Lancelot,33,3,1
Lancelot,10,18,0
Lancelot,54,0,0
Lancelot,57,17,0
Lancelot,77,84,0
Lancelot,91,0,0
Lancelot,6,0,0
Lancelot,59,53,0
Lancelot,10,69,0
Lancelot,74,5,0
Lancelot,73,84,10
Lancelot,50,0,0
Lancelot,49,74,0
Lancelot,10,0,0
Lancelot,84,0,0
Lancelot,86,10,0
Lancelot,64,4,0
Lancelot,17,67,0
Lancelot,50,11,0
Lancelot,31,0,0
Lancelot,27,41,0
Lancelot,1,41,1
Lancelot,55,0,0
Lancelot,93,84,0
Lancelot,93,76,0
Lancelot,21,88,0
Lancelot,92,0,0
Lancelot,62,0,0
Lancelot,60,90,20
Lancelot,28,0,0
Lancelot,30,0,0
Lancelot,16,0,0
Lancelot,72,0,0
Lancelot,57,71,0
Lancelot,16,44,0
Lancelot,11,19,0
Lancelot,22,64,9
Lancelot,5,63,5
Lancelot,4,7,0
Lancelot,37,0,0
Lancelot,77,0,0
Lancelot,3,2,2
Lancelot,84,4,0
Lancelot,31,55,29
Lancelot,57,4,1
Lancelot,23,0,0
Lancelot,67,77,31
Lancelot,87,0,0
Lancelot,42,20,1
Lancelot,63,75,47
Lancelot,21,96,20
Lancelot,38,65,0
Lancelot,76,64,0
Lancelot,11,0,0
Lancelot,74,33,9
Lancelot,83,6,3
Lancelot,2,36,0
Lancelot,49,0,0
Lancelot,27,87,0
Lancelot,59,64,0
Lancelot,97,72,55
Lancelot,76,70,0
Lancelot,10,0,0
Lancelot,81,93,69
Lancelot,99,41,0
Lancelot,100,100,0
Lancelot,89,0,0
Lancelot,79,80,50
Lancelot,58,28,14
Lancelot,55,47,0
Lancelot,26,45,0
Lancelot,40,63,22
Lancelot,70,42,38
Lancelot,98,0,0
Lancelot,5,87,0
Lancelot,52,70,39
Lancelot,8,0,0
Lancelot,95,92,0
Lancelot,37,52,27
Lancelot,60,28,0
Lancelot,65,0,0
Lancelot,72,36,11
Lancelot,57,29,0
Lancelot,78,0,0
Lancelot,90,64,0
Lancelot,78,48,30
Lancelot,95,0,0
Lancelot,17,0,0
Lancelot,81,26,0
Lancelot,38,0,0
Lancelot,25,0,0
Lancelot,70,20,17
Lancelot,39,99,0
Lancelot,49,0,0
Lancelot,66,0,0
Lancelot,34,9,0
Lancelot,100,66,0
Lancelot,72,0,0
Lancelot,2,0,0
Lancelot,8,0,0
Lancelot,49,0,0
Lancelot,59,52,0
Lancelot,11,0,0
Lancelot,76,57,0
Lancelot,14,8,2
Lancelot,58,5,0
Lancelot,40,84,0
Lancelot,32,22,0
Lancelot,46,55,0
Lancelot,56,58,0
Lancelot,62,91,62
Lancelot,58,1,0
Lancelot,29,7,0
Lancelot,56,52,14
Lancelot,59,71,0
Lancelot,26,0,0
Lancelot,79,0,0
Lancelot,81,62,0
Lancelot,64,0,0
Lancelot,6,0,0
Lancelot,73,8,0
Lancelot,16,86,0
Lancelot,34,70,0
Lancelot,17,8,0
Lancelot,13,33,0
Lancelot,96,88,0
Lancelot,92,64,18
Lancelot,43,51,24
Lancelot,7,71,0
Lancelot,21,59,0
Lancelot,91,73,0
Lancelot,72,0,0
Lancelot,98,57,34
Lancelot,59,48,0
Lancelot,31,31,10
Lancelot,8,81,0
Lancelot,65,0,0
Lancelot,34,10,0
Lancelot,12,27,0
Lancelot,26,71,0
Lancelot,33,73,0
Lancelot,74,75,30
Lancelot,32,0,0
Lancelot,14,27,6
Lancelot,39,84,0
Lancelot,52,78,0
Lancelot,48,53,0
Lancelot,1,96,0
Lancelot,19,37,0
Lancelot,36,36,0
Lancelot,99,35,0
Lancelot,7,29,0
Lancelot,25,71,16
Lancelot,50,15,0
Lancelot,22,0,0
Lancelot,68,0,0
Lancelot,57,0,0
Lancelot,29,95,12
Lancelot,63,96,0
Lancelot,59,27,27
Lancelot,21,2,0
Lancelot,54,36,3
Lancelot,50,0,0
Lancelot,5,0,0
Lancelot,3,38,0
Lancelot,43,63,0
Lancelot,4,92,0
Lancelot,4,76,2
Lancelot,66,1,0
Lancelot,22,14,0
Lancelot,100,60,0
Lancelot,92,44,0
Lancelot,76,0,0
Lancelot,65,83,0
Lancelot,36,68,0
Lancelot,79,30,4
Lancelot,48,25,0
Lancelot,30,100,0
Lancelot,100,0,0
Lancelot,59,19,15
Lancelot,12,0,0
Lancelot,79,59,7
Lancelot,4,1,1
Lancelot,74,80,0
Lancelot,10,0,0
Lancelot,65,77,0
Lancelot,90,24,10
Lancelot,54,57,54
Lancelot,38,29,0
Lancelot,30,0,0
Lancelot,4,44,4
Lancelot,24,87,0
Lancelot,27,67,0
Lancelot,57,7,7
Lancelot,69,40,0
Lancelot,99,11,10
Lancelot,30,28,0
Lancelot,77,0,0
Lancelot,9,0,0
Lancelot,95,4,0
Lancelot,26,0,0
Lancelot,5,31,0
Lancelot,68,0,0
Lancelot,62,16,13
Lancelot,93,42,9
Lancelot,23,56,13
Lancelot,86,29,17
Lancelot,6,0,0
Lancelot,95,100,0
Lancelot,73,56,0
Lancelot,62,62,0
Lancelot,12,74,0
Lancelot,85,43,0
Lancelot,25,0,0
Lancelot,98,0,0
Lancelot,67,52,14
Lancelot,98,92,55
Lancelot,19,0,0
Lancelot,76,0,0
Lancelot,72,52,15
Lancelot,73,39,28
Lancelot,41,0,0
Lancelot,90,87,0
Lancelot,17,13,7
Lancelot,16,0,0
Lancelot,33,86,0
Lancelot,58,0,0
Lancelot,38,51,0
Lancelot,57,93,33
Lancelot,87,0,0
Lancelot,19,0,0
Lancelot,86,79,68
Lancelot,29,60,0
Lancelot,56,0,0
Lancelot,23,0,0
Lancelot,58,0,0
Lancelot,83,51,33
Lancelot,64,0,0
Lancelot,35,62,5
Lancelot,95,6,2
Lancelot,74,75,0
Lancelot,59,5,3
Lancelot,82,41,0
Lancelot,56,0,0
Lancelot,84,88,38
Lancelot,46,74,3
Lancelot,47,23,0
Lancelot,8,34,0
Lancelot,15,25,10
Lancelot,68,0,0
Lancelot,39,0,0
Lancelot,63,12,11
Lancelot,66,0,0
Lancelot,35,0,0
Lancelot,39,0,0
Lancelot,44,75,0
Lancelot,45,0,0
Lancelot,98,95,0
Lancelot,79,0,0
Lancelot,43,51,0
Lancelot,52,96,0
Lancelot,87,90,0
Lancelot,12,52,0
Lancelot,35,47,0
Lancelot,20,1,0
Lancelot,7,28,0
Lancelot,95,39,0
Lancelot,93,98,0
Lancelot,8,83,0
Lancelot,94,95,0
Lancelot,95,91,0
Lancelot,5,31,5
Lancelot,63,0,0
Lancelot,66,0,0
Lancelot,34,34,0
Lancelot,38,0,0
Lancelot,91,69,0
Lancelot,99,6,6
Lancelot,78,0,0
Lancelot,81,85,68
Lancelot,6,10,2
Lancelot,16,56,15
Lancelot,58,84,46
Lancelot,11,0,0
Lancelot,22,0,0
Lancelot,40,0,0
Lancelot,6,41,5
Lancelot,73,36,12
Lancelot,94,21,10
Lancelot,55,69,0
Lancelot,43,0,0
Lancelot,100,31,0
Lancelot,87,22,0
Lancelot,86,48,0
Lancelot,18,0,0
Lancelot,89,63,0
Lancelot,58,0,0
Lancelot,6,0,0
Lancelot,13,17,0
Lancelot,75,65,0
Lancelot,63,0,0
Lancelot,16,15,13
Lancelot,65,0,0
Lancelot,10,16,7
Lancelot,68,53,8
Lancelot,37,86,0
Lancelot,47,0,0
Lancelot,3,0,0
Lancelot,67,84,0
Lancelot,72,81,34
Lancelot,65,0,0
Lancelot,95,56,0
Lancelot,85,54,0
Lancelot,60,0,0
Lancelot,19,6,5
Lancelot,82,74,0
Lancelot,16,0,0
Lancelot,74,45,0
Lancelot,88,59,29
Lancelot,83,43,0
Lancelot,18,0,0
Lancelot,65,57,38
Lancelot,74,0,0
Lancelot,30,0,0
Lancelot,21,35,11
Lancelot,8,59,0
Lancelot,46,57,0
Lancelot,85,17,0
Lancelot,50,79,0
Lancelot,70,0,0
Lancelot,52,28,0
Lancelot,81,0,0
Lancelot,25,87,0
Lancelot,86,91,57
Lancelot,3,0,0
Lancelot,2,60,1
Lancelot,61,39,32
Lancelot,83,75,0
Lancelot,63,0,0
Lancelot,66,34,21
Lancelot,54,0,0
Lancelot,80,100,43
Lancelot,34,0,0
Lancelot,27,45,0
Lancelot,3,50,1
Lancelot,82,16,13
Lancelot,39,61,5
Lancelot,50,0,0
Lancelot,2,45,0
Lancelot,78,83,0
Lancelot,21,0,0
Lancelot,30,86,0
Lancelot,71,0,0
Lancelot,74,30,0
Lancelot,58,0,0
Lancelot,33,43,0
Lancelot,67,7,0
Lancelot,2,0,0
Lancelot,3,0,0
Lancelot,40,24,0
Lancelot,77,35,34
Lancelot,86,0,0
Lancelot,51,0,0
Lancelot,81,65,0
Lancelot,72,0,0
Lancelot,74,0,0
Lancelot,76,0,0
Lancelot,16,84,7
Lancelot,71,86,0
Lancelot,44,1,1
Lancelot,4,70,0
Lancelot,96,0,0
Lancelot,84,6,2
Lancelot,3,0,0
Lancelot,99,0,0
Lancelot,91,22,10
Lancelot,26,84,25
Lancelot,6,38,3
Lancelot,84,60,0
Lancelot,25,0,0
Lancelot,62,87,0
Lancelot,75,29,0
Lancelot,10,1,0
Lancelot,81,0,0
Lancelot,4,0,0
Lancelot,99,94,0
Lancelot,67,27,0
Lancelot,55,0,0
Lancelot,73,68,0
Lancelot,8,24,1
Lancelot,68,59,57
Lancelot,8,0,0
Lancelot,69,16,0
Lancelot,17,18,0
Lancelot,9,69,0
Lancelot,75,56,4
Lancelot,36,3,0
Lancelot,53,0,0
Lancelot,76,0,0
Lancelot,85,25,15
Lancelot,13,15,0
Lancelot,10,46,0
Lancelot,62,22,0
Lancelot,56,20,0
Lancelot,33,70,33
Lancelot,50,76,0
Lancelot,15,86,2
Lancelot,33,28,27
Lancelot,85,20,0
Lancelot,80,1,1
Lancelot,88,38,23
Lancelot,25,77,0
Lancelot,65,57,0
Lancelot,42,80,30
Lancelot,54,28,0
Lancelot,54,53,0
Lancelot,91,0,0
Lancelot,81,88,38
Lancelot,77,0,0
Lancelot,47,83,0
Lancelot,48,32,0
Lancelot,47,0,0
Lancelot,66,0,0
Lancelot,4,44,0
Lancelot,61,0,0
Lancelot,99,66,0
Lancelot,49,0,0
Lancelot,42,92,0
Lancelot,28,82,0
Lancelot,18,34,6
Lancelot,79,28,1
Lancelot,63,70,53
Lancelot,89,20,15
Lancelot,26,45,8
Lancelot,10,44,7
Lancelot,48,57,26
Lancelot,42,0,0
Lancelot,81,40,23
Lancelot,31,0,0
Lancelot,51,75,0
Lancelot,13,39,8
Lancelot,50,37,18
Lancelot,60,80,0
Lancelot,82,58,0
Lancelot,37,4,0
Lancelot,44,99,16
Lancelot,94,0,0
Lancelot,44,14,14
Lancelot,65,3,2
Lancelot,61,74,37
Lancelot,5,71,4
Lancelot,5,0,0
Lancelot,39,68,27
Lancelot,11,0,0
Lancelot,82,0,0
Lancelot,36,98,30
Lancelot,22,8,6
Lancelot,26,29,0
Lancelot,91,0,0
Lancelot,9,80,5
Lancelot,5,29,0
Lancelot,27,0,0
Lancelot,63,97,25
Lancelot,61,35,0
Lancelot,4,66,0
Lancelot,71,81,0
Lancelot,39,81,0
Lancelot,66,34,0
Lancelot,30,50,0
Lancelot,79,45,19
Lancelot,68,0,0
Lancelot,42,98,0
Lancelot,42,47,0
Lancelot,21,10,0
Lancelot,65,52,0
Lancelot,31,94,1
Lancelot,50,31,0
Lancelot,14,0,0
Lancelot,1,95,0
Lancelot,78,17,0
Lancelot,100,0,0
Lancelot,72,0,0
Lancelot,66,26,0
Lancelot,54,69,0
Lancelot,36,0,0
Lancelot,23,55,6
Lancelot,51,0,0
Lancelot,18,8,0
Lancelot,89,0,0
Lancelot,76,2,1
Lancelot,21,78,5
Lancelot,38,86,0
Lancelot,80,73,0
Lancelot,96,43,30
Lancelot,91,71,0
Lancelot,80,0,0
Lancelot,38,32,9
Lancelot,45,57,41
Lancelot,8,0,0
Lancelot,67,35,0
Lancelot,79,97,0
Lancelot,47,0,0
Lancelot,57,93,17
Lancelot,38,0,0
Lancelot,10,0,0
Lancelot,57,79,0
Lancelot,87,0,0
Lancelot,23,0,0
Lancelot,47,11,1
Lancelot,20,13,1
Lancelot,74,51,0
Lancelot,60,19,0
Lancelot,55,22,8
Lancelot,87,72,0
Lancelot,35,46,16
Lancelot,92,63,56
Lancelot,48,0,0
Lancelot,65,0,0
Lancelot,55,17,0
Lancelot,47,27,0
Lancelot,82,70,28
Lancelot,62,65,0
Lancelot,9,23,6
Lancelot,80,74,0
Lancelot,5,0,0
Lancelot,48,0,0
Lancelot,78,0,0
Lancelot,90,40,20
Lancelot,31,6,2
Lancelot,8,21,7
Lancelot,5,0,0
Lancelot,92,10,0
Lancelot,3,33,0
Lancelot,42,51,0
Lancelot,91,26,17
Lancelot,72,0,0
Lancelot,14,4,0
Lancelot,17,78,6
Lancelot,81,14,0
Lancelot,2,18,0
Lancelot,93,66,62
Lancelot,90,99,0
Lancelot,51,0,0
Lancelot,22,0,0
Lancelot,82,0,0
Lancelot,45,0,0
Lancelot,39,51,4
Lancelot,51,37,10
Lancelot,46,0,0
Lancelot,58,32,27
Lancelot,1,94,1
Lancelot,93,42,0
Lancelot,70,0,0
Lancelot,21,0,0
Lancelot,76,0,0
Lancelot,32,94,0
Lancelot,32,50,4
Lancelot,57,1,1
Lancelot,45,0,0
Lancelot,46,0,0
Lancelot,4,35,0
Lancelot,65,37,0
Lancelot,97,30,0
Lancelot,45,81,0
Lancelot,12,0,0
Lancelot,76,51,4
Lancelot,35,18,0
Lancelot,97,85,0
Lancelot,28,97,0
Lancelot,11,48,1
Lancelot,27,0,0
Lancelot,66,99,0
Lancelot,23,42,5
Lancelot,100,0,0
Lancelot,66,32,22
Lancelot,51,21,21
Lancelot,12,90,0
Lancelot,79,40,0
Lancelot,22,88,0
Lancelot,15,0,0
Lancelot,53,0,0
Lancelot,29,49,0
Lancelot,4,0,0
Lancelot,49,7,0
Lancelot,59,0,0
Lancelot,87,66,0
Lancelot,82,31,0
Lancelot,100,0,0
Lancelot,100,85,39
Lancelot,49,59,9
Lancelot,13,62,12
Lancelot,31,0,0
Lancelot,55,0,0
Lancelot,68,32,5
Lancelot,2,26,1
Lancelot,50,0,0
Lancelot,92,78,64
Lancelot,28,59,0
Lancelot,83,0,0
Lancelot,32,0,0
Lancelot,10,13,0
Lancelot,90,0,0
Lancelot,43,0,0
Lancelot,64,0,0
Lancelot,16,24,15
Lancelot,3,0,0
Lancelot,91,0,0
Lancelot,19,38,2
Lancelot,92,67,11
Lancelot,41,51,0
Lancelot,72,0,0
Lancelot,38,0,0
Lancelot,56,10,8
Lancelot,87,66,0
Lancelot,28,97,3
Lancelot,3,26,0
Lancelot,61,42,0
Lancelot,93,91,71
Lancelot,64,19,0
Lancelot,22,23,0
Lancelot,1,4,0
Lancelot,22,0,0
Lancelot,99,21,0
Lancelot,30,5,5
Lancelot,8,57,5
Lancelot,85,0,0
Lancelot,10,69,0
Lancelot,38,94,0
Lancelot,44,0,0
Lancelot,100,0,0
Lancelot,89,42,35
Lancelot,15,0,0
Lancelot,43,15,9
Lancelot,45,40,0
Lancelot,45,51,0
Lancelot,26,46,22
Lancelot,95,0,0
Lancelot,43,0,0
Lancelot,31,70,0
Lancelot,84,87,37
Lancelot,87,34,15
Lancelot,10,0,0
Lancelot,50,0,0
Lancelot,79,29,0
Lancelot,83,0,0
Lancelot,83,42,0
Lancelot,95,0,0
Lancelot,61,77,0
Lancelot,25,87,0
Lancelot,78,14,0
Lancelot,50,75,0
Lancelot,25,0,0
Lancelot,4,0,0
Lancelot,63,68,40
Lancelot,96,36,0
Lancelot,60,69,0
Lancelot,18,0,0
Lancelot,80,57,0
Lancelot,41,94,17
Lancelot,20,82,14
Lancelot,32,0,0
Lancelot,41,2,2
Lancelot,99,28,3
Lancelot,77,22,0
Lancelot,89,0,0
Lancelot,59,51,0
Lancelot,68,42,23
Lancelot,6,73,2
Lancelot,87,0,0
Lancelot,73,57,0
Lancelot,26,7,0
Lancelot,68,85,0
Lancelot,31,74,0
Lancelot,65,23,0
Lancelot,57,10,0
Lancelot,29,25,0
Lancelot,27,0,0
Lancelot,93,76,53
Lancelot,28,100,0
Lancelot,6,0,0
Lancelot,74,0,0
Lancelot,16,73,0
Lancelot,73,4,1
Lancelot,96,0,0
Lancelot,39,0,0
Lancelot,27,75,0
Lancelot,61,87,0
Lancelot,94,34,11
Lancelot,87,91,33
Lancelot,5,92,0
Lancelot,92,47,0
Lancelot,66,20,0
Lancelot,57,15,0
Lancelot,70,0,0
Lancelot,29,50,22
Lancelot,70,11,0
Lancelot,84,57,21
Lancelot,32,23,0
Lancelot,89,74,0
Lancelot,74,48,0
Lancelot,8,90,0
Lancelot,52,42,0
Lancelot,36,16,0
Lancelot,99,0,0
Lancelot,17,85,2
Lancelot,82,44,0
Lancelot,19,57,0
Lancelot,100,49,0
Lancelot,72,0,0
Lancelot,98,0,0
Lancelot,62,54,1
Lancelot,24,100,17
Lancelot,45,80,0
Lancelot,100,46,39
Lancelot,98,9,4
Lancelot,72,4,0
Lancelot,38,7,6
Lancelot,66,49,0
Lancelot,31,77,0
Lancelot,29,29,0
Lancelot,97,66,0
Lancelot,61,41,25
Lancelot,2,2,0
Lancelot,59,69,20
Lancelot,23,78,0
Lancelot,58,0,0
Lancelot,82,79,0
Lancelot,80,20,0
Lancelot,8,15,6
Lancelot,90,0,0
Lancelot,38,0,0
Lancelot,95,55,0
Lancelot,76,0,0
Lancelot,13,73,0
Lancelot,30,43,0
Lancelot,47,71,0
Lancelot,24,45,0
Lancelot,78,5,1
Lancelot,14,0,0
Lancelot,44,0,0
Lancelot,88,34,0
Lancelot,57,23,12
Lancelot,66,46,0
Lancelot,54,81,0
Lancelot,86,34,0
Lancelot,26,53,0
Lancelot,14,0,0
Lancelot,92,36,0
Lancelot,27,0,0
Lancelot,89,23,6
Lancelot,89,61,38
Lancelot,43,0,0
Lancelot,83,51,0
Lancelot,44,95,44
Lancelot,38,0,0
Lancelot,3,24,0
Lancelot,70,16,0
Lancelot,15,60,0
Lancelot,70,33,0
Lancelot,94,0,0
Lancelot,91,0,0
Lancelot,39,65,0
Lancelot,45,0,0
Lancelot,39,24,19
Lancelot,1,0,0
Lancelot,56,30,27
Lancelot,7,75,5
Lancelot,41,90,0
Lancelot,2,42,0
Lancelot,8,67,0
Lancelot,76,83,0
Lancelot,66,0,0
Lancelot,23,23,0
Lancelot,92,9,0
Lancelot,54,0,0
Lancelot,28,0,0
Lancelot,32,3,0
Lancelot,67,0,0
Lancelot,41,7,2
Lancelot,83,0,0
Lancelot,97,0,0
Lancelot,43,4,2
Lancelot,68,61,0
Lancelot,61,72,60
Lancelot,57,97,0
Lancelot,100,73,9
Lancelot,57,62,0
Lancelot,90,0,0
Lancelot,83,48,48
Lancelot,72,0,0
Lancelot,36,0,0
Lancelot,71,0,0
Lancelot,54,0,0
Lancelot,45,0,0
Lancelot,59,0,0
Lancelot,87,41,3
Lancelot,16,0,0
Lancelot,79,0,0
Lancelot,40,30,0
Lancelot,54,30,0
Lancelot,68,11,0
Lancelot,39,93,0
Lancelot,5,93,0
Lancelot,91,0,0
Lancelot,16,0,0
Lancelot,94,81,0
Lancelot,86,56,39
Lancelot,69,21,0
Lancelot,70,0,0
Lancelot,51,0,0
Lancelot,90,2,1
Lancelot,2,0,0
Lancelot,47,31,3
Lancelot,50,0,0
Lancelot,95,0,0
Lancelot,46,68,0
Lancelot,18,78,0
Lancelot,31,0,0
Lancelot,94,0,0
Lancelot,77,22,6
Lancelot,88,64,0
Lancelot,58,95,0
Lancelot,77,0,0
Lancelot,30,0,0
Lancelot,66,18,0
Lancelot,66,77,0
Lancelot,24,94,0
Lancelot,11,64,3
Lancelot,6,0,0
Lancelot,75,0,0
Lancelot,18,0,0
Lancelot,83,0,0
Lancelot,12,12,0
Lancelot,46,92,0
Lancelot,60,32,0
Lancelot,7,19,0
Lancelot,60,13,0
Lancelot,71,5,5
Lancelot,26,87,0
Lancelot,23,82,0
Lancelot,50,1,0
Lancelot,14,93,11
Lancelot,72,0,0
Lancelot,6,0,0
Lancelot,56,0,0
Lancelot,29,0,0
Lancelot,76,97,65
Lancelot,37,75,3
Lancelot,82,44,3
Lancelot,23,0,0
Lancelot,19,64,0
Lancelot,70,83,14
Lancelot,38,0,0
Lancelot,22,63,0
Lancelot,81,80,0
Lancelot,67,24,2
Lancelot,19,0,0
Lancelot,72,15,11
Lancelot,83,0,0
Lancelot,43,0,0
Lancelot,83,0,0
Lancelot,92,84,0
Lancelot,77,36,28
Lancelot,53,62,0
Lancelot,14,0,0
Lancelot,42,0,0
Lancelot,96,75,0
Lancelot,87,88,53
Lancelot,46,75,31
Lancelot,97,80,19
Lancelot,82,25,0
Lancelot,54,19,4
Lancelot,26,0,0
Lancelot,88,0,0
Lancelot,13,2,1
Lancelot,12,62,9
Lancelot,93,0,0
Lancelot,93,98,0
Lancelot,90,60,31
Lancelot,74,100,28
Lancelot,49,77,5
Lancelot,4,0,0
Lancelot,54,23,5
Lancelot,2,91,0
Lancelot,74,3,3
Lancelot,84,77,0
Lancelot,90,0,0
Lancelot,3,0,0
Lancelot,39,22,8
Lancelot,56,47,15
Lancelot,21,0,0
Lancelot,27,0,0
Lancelot,42,0,0
Lancelot,90,0,0
Lancelot,29,1,1
Lancelot,24,0,0
Lancelot,44,1,0
Lancelot,42,45,0
Lancelot,23,1,1
Lancelot,18,0,0
Lancelot,17,24,0
Lancelot,87,9,4
Lancelot,57,6,0
Lancelot,43,0,0
Lancelot,52,0,0
Lancelot,72,80,0
Lancelot,23,0,0
Lancelot,60,37,37
Lancelot,5,0,0
Lancelot,87,0,0
Lancelot,34,0,0
Lancelot,86,70,0
Lancelot,34,86,0
Lancelot,51,81,0
Lancelot,61,0,0
Lancelot,61,85,31
Lancelot,99,0,0
Lancelot,100,44,0
Lancelot,70,0,0
Lancelot,38,75,0
Lancelot,71,100,0
Lancelot,49,100,0
Lancelot,36,27,9
Lancelot,35,0,0
Lancelot,45,0,0
Lancelot,91,26,19
Lancelot,43,94,0
Lancelot,86,40,0
Lancelot,77,45,0
Lancelot,67,96,12
Lancelot,38,32,0
Lancelot,40,0,0
Lancelot,51,67,37
Lancelot,100,82,2
Lancelot,77,0,0
Lancelot,24,48,0
Lancelot,97,0,0
Lancelot,28,85,0
Lancelot,100,10,0
Lancelot,8,0,0
Lancelot,37,76,0
Lancelot,45,73,0
Lancelot,84,74,0
Lancelot,99,44,10
Lancelot,33,0,0
Lancelot,100,72,0
Lancelot,22,56,0
Lancelot,43,57,11
Lancelot,62,0,0
Lancelot,47,61,0
Lancelot,92,0,0
Lancelot,50,61,0
Lancelot,47,19,0
Lancelot,76,32,0
Lancelot,34,65,0
Lancelot,83,95,15
Lancelot,97,30,27
Lancelot,53,15,6
Lancelot,13,73,4
Lancelot,4,15,3
Lancelot,79,30,17
Lancelot,25,59,0
Lancelot,22,5,2
Lancelot,28,8,0
Lancelot,94,0,0
Lancelot,97,0,0
Lancelot,40,44,0
Lancelot,63,17,0
Lancelot,82,78,10
Lancelot,62,0,0
Lancelot,68,0,0
Lancelot,47,0,0
Lancelot,62,46,0
Lancelot,8,77,0
Lancelot,35,94,0
Lancelot,66,0,0
Lancelot,33,65,30
Lancelot,79,0,0
Lancelot,47,63,0
Lancelot,33,0,0
Lancelot,97,78,0
Lancelot,69,62,0
Lancelot,3,0,0
Lancelot,48,16,0
Lancelot,34,6,0
Lancelot,81,26,0
Lancelot,86,7,5
Lancelot,89,0,0
Lancelot,7,22,2
Lancelot,35,70,24
Lancelot,27,59,0
Lancelot,93,5,3
Lancelot,99,0,0
Lancelot,85,72,38
Lancelot,8,61,0
Lancelot,97,0,0
Lancelot,1,16,0
Lancelot,8,83,0
Lancelot,91,0,0
Lancelot,79,43,0
Lancelot,38,0,0
Lancelot,54,83,0
Lancelot,20,59,0
Lancelot,80,23,0
Lancelot,45,100,0
Lancelot,14,0,0
Lancelot,88,26,21
Lancelot,54,32,3
Lancelot,83,0,0
Lancelot,49,96,0
Lancelot,66,0,0
Lancelot,40,84,1
Lancelot,30,0,0
Lancelot,77,87,73
Lancelot,52,27,0
Lancelot,77,16,9
Lancelot,14,30,0
Lancelot,28,84,18
Lancelot,76,5,0
Lancelot,89,12,0
Lancelot,74,53,0
Lancelot,5,12,0
Lancelot,90,40,0
Lancelot,73,20,0
Lancelot,36,0,0
Lancelot,78,52,0
Lancelot,14,0,0
Lancelot,59,0,0
Lancelot,1,0,0
Lancelot,61,30,0
Lancelot,54,36,0
Lancelot,96,91,0
Lancelot,11,31,0
Lancelot,82,0,0
Lancelot,94,14,0
Lancelot,58,0,0
Lancelot,21,11,5
Lancelot,40,52,0
Lancelot,70,65,0
Lancelot,19,31,10
Lancelot,12,74,0
Lancelot,63,1,1
Lancelot,28,15,0
Lancelot,18,0,0
Lancelot,2,56,0
Lancelot,40,91,18
Lancelot,82,0,0
Lancelot,69,0,0
Lancelot,93,61,0
Lancelot,44,0,0
Lancelot,77,0,0
Lancelot,18,68,3
Lancelot,44,55,0
Lancelot,11,92,0
Lancelot,40,0,0
Lancelot,42,66,28
Lancelot,94,91,12
Lancelot,36,3,3
Lancelot,34,21,0
Lancelot,5,0,0
Lancelot,38,75,19
Lancelot,10,33,3
Lancelot,85,0,0
Lancelot,11,22,0
Lancelot,63,0,0
Lancelot,85,68,24
Lancelot,98,6,0
Lancelot,18,46,6
Lancelot,62,0,0
Lancelot,20,85,5
Lancelot,46,41,0
Lancelot,31,76,0
Lancelot,11,0,0
Lancelot,87,52,3
Lancelot,57,0,0
Lancelot,88,0,0
Lancelot,32,71,0
Lancelot,100,0,0
Lancelot,89,47,0
Lancelot,27,49,0
Lancelot,17,0,0
Lancelot,64,0,0
Lancelot,60,44,0
Lancelot,42,94,0
Lancelot,11,42,0
Lancelot,41,51,0
Lancelot,84,1,1
Lancelot,37,9,0
Lancelot,6,61,0
Lancelot,25,52,0
Lancelot,9,54,0
Lancelot,29,58,16
Lancelot,80,94,0
Lancelot,12,70,2
Lancelot,38,26,0
Lancelot,96,0,0
Lancelot,35,88,0
Lancelot,4,34,0
Lancelot,19,0,0
Lancelot,24,0,0
Lancelot,22,29,0
Lancelot,92,55,0
Lancelot,64,96,63
Lancelot,51,16,15
Lancelot,43,10,0
Lancelot,74,93,33
Lancelot,9,20,5
Lancelot,26,62,13
Lancelot,10,0,0
Lancelot,28,0,0
Lancelot,77,26,8
Lancelot,6,56,4
Lancelot,71,0,0
Lancelot,63,99,0
Lancelot,95,91,49
Lancelot,79,2,1
Lancelot,58,55,0
Lancelot,65,3,1
Lancelot,69,51,0
Lancelot,25,77,22
Lancelot,11,72,0
Lancelot,24,11,0
Lancelot,57,87,0
Lancelot,85,5,0
Lancelot,27,97,0
Lancelot,8,0,0
Lancelot,94,43,39
Lancelot,84,75,42
Lancelot,38,4,0
Lancelot,4,56,0
Lancelot,37,3,1
Lancelot,81,80,0
Lancelot,33,0,0
Lancelot,55,39,7
Lancelot,46,0,0
Lancelot,42,0,0
Lancelot,93,0,0
Lancelot,20,0,0
Lancelot,14,0,0
Lancelot,62,83,0
Lancelot,30,14,1
Lancelot,66,4,2
Lancelot,21,0,0
Lancelot,61,19,0
Lancelot,58,0,0
Lancelot,37,17,4
Lancelot,73,76,26
Lancelot,92,46,1
Lancelot,10,78,0
Lancelot,83,0,0
Lancelot,93,10,0
Lancelot,41,39,0
Lancelot,73,11,11
Lancelot,23,1,0
Lancelot,79,0,0
Lancelot,96,0,0
Lancelot,38,85,0
Lancelot,41,58,0
Lancelot,88,76,0
Lancelot,23,4,0
Lancelot,22,15,0
Lancelot,56,96,0
Lancelot,84,0,0
Lancelot,64,23,0
Lancelot,47,69,0
Lancelot,74,0,0
Lancelot,11,62,9
Lancelot,21,0,0
Lancelot,65,53,0
Lancelot,14,0,0
Lancelot,54,0,0
Lancelot,60,57,0
Lancelot,49,87,26
Lancelot,97,63,0
Lancelot,7,0,0
Lancelot,69,0,0
Lancelot,26,0,0
Lancelot,17,49,0
Lancelot,84,24,21
Lancelot,54,74,0
Lancelot,98,0,0
Lancelot,53,0,0
Lancelot,60,0,0
Lancelot,25,24,18
Lancelot,10,26,0
Lancelot,55,1,0
Lancelot,63,16,0
Lancelot,54,40,13
Lancelot,86,0,0
Lancelot,64,34,0
Lancelot,38,0,0
Lancelot,46,45,0
Lancelot,93,99,73
Lancelot,32,64,0
Lancelot,89,63,0
Lancelot,33,0,0
Lancelot,92,36,34
Lancelot,35,0,0
Lancelot,4,64,3
Lancelot,44,19,0
Lancelot,49,78,29
Lancelot,74,80,12
Lancelot,28,39,1
Lancelot,31,24,0
Lancelot,80,0,0
Lancelot,49,53,42
Lancelot,29,22,0
Lancelot,26,25,0
Lancelot,47,90,0
Lancelot,35,41,0
Lancelot,82,78,0
Lancelot,51,51,0
Lancelot,86,32,27
Lancelot,99,81,0
Lancelot,22,75,8
Lancelot,70,51,0
Lancelot,92,0,0
Lancelot,84,82,0
Lancelot,25,89,0
Lancelot,1,90,0
Lancelot,62,46,41
Lancelot,75,57,8
Lancelot,69,98,28
Lancelot,37,0,0
Lancelot,35,37,35
Lancelot,23,78,0
Lancelot,64,91,1
Lancelot,6,72,1
Lancelot,81,0,0
Lancelot,32,86,0
Lancelot,6,100,0
Lancelot,59,39,26
Lancelot,3,0,0
Lancelot,72,19,0
Lancelot,23,99,0
Lancelot,94,38,0
Lancelot,72,74,27
Lancelot,47,78,10
Lancelot,56,75,8
Lancelot,32,0,0
Lancelot,21,57,0
Lancelot,16,14,0
Lancelot,37,71,0
Lancelot,74,57,17
Lancelot,65,0,0
Lancelot,49,89,0
Lancelot,36,27,0
Lancelot,76,68,0
Lancelot,40,43,0
Lancelot,78,0,0
Lancelot,34,45,6
Lancelot,43,63,0
Lancelot,32,0,0
Lancelot,100,59,19
Lancelot,33,0,0
Lancelot,58,0,0
Lancelot,9,0,0
Lancelot,95,22,0
Lancelot,27,12,0
Lancelot,60,82,0
Lancelot,81,0,0
Lancelot,54,89,34
Lancelot,56,52,34
Lancelot,47,14,0
Lancelot,1,0,0
Lancelot,85,74,29
Lancelot,59,47,19
Lancelot,63,14,0
Lancelot,29,38,23
Lancelot,83,20,0
Lancelot,30,99,0
Lancelot,40,34,0
Lancelot,40,26,0
Lancelot,50,5,0
Lancelot,43,39,28
Lancelot,25,95,9
Lancelot,72,0,0
Lancelot,73,57,0
Lancelot,26,61,0
Lancelot,22,0,0
Lancelot,62,0,0
Lancelot,25,67,0
Lancelot,28,46,0
Lancelot,63,0,0
Lancelot,80,0,0
Lancelot,56,44,0
Lancelot,74,0,0
Lancelot,74,33,33
Lancelot,89,79,71
Lancelot,88,27,0
Lancelot,71,10,0
Lancelot,95,67,57
Lancelot,2,0,0
Lancelot,70,93,43
Lancelot,58,63,0
Lancelot,97,0,0
Lancelot,72,41,0
Lancelot,43,73,0
Lancelot,72,18,0
Lancelot,16,0,0
Lancelot,69,0,0
Lancelot,27,0,0
Lancelot,12,14,0
Lancelot,7,0,0
Lancelot,64,0,0
Lancelot,53,82,0
Lancelot,38,33,0
Lancelot,63,37,0
Lancelot,37,8,0
Lancelot,32,0,0
Lancelot,13,21,13
Lancelot,25,5,0
Lancelot,91,18,0
Lancelot,58,0,0
Lancelot,11,51,0
Lancelot,5,36,0
Lancelot,100,33,26
Lancelot,14,9,5
Lancelot,85,35,0
Lancelot,86,26,15
Lancelot,72,35,0
Lancelot,45,46,0
Lancelot,73,89,19
Lancelot,5,73,3
Lancelot,16,74,0
Lancelot,66,31,30
Lancelot,77,29,0
Lancelot,53,0,0
Lancelot,14,5,0
Lancelot,99,81,0
Lancelot,99,69,0
Lancelot,58,67,11
Lancelot,43,0,0
Lancelot,8,23,0
Lancelot,59,47,37
Lancelot,7,69,4
Lancelot,82,0,0
Lancelot,10,0,0
Lancelot,62,42,5
Lancelot,68,83,0
Lancelot,70,72,0
Lancelot,89,6,2
Lancelot,82,53,16
Lancelot,30,51,0
Lancelot,41,0,0
Lancelot,17,47,0
Lancelot,14,5,0
Lancelot,9,72,7
Lancelot,15,0,0
Lancelot,82,0,0
Lancelot,67,76,4
Lancelot,71,51,47
Lancelot,69,9,2
Lancelot,75,0,0
Lancelot,42,97,0
Lancelot,80,0,0
Lancelot,49,53,21
Lancelot,73,84,0
Lancelot,46,45,0
Lancelot,75,0,0
Lancelot,68,0,0
Lancelot,32,12,0
Lancelot,22,98,0
Lancelot,39,2,0
Lancelot,86,0,0
Lancelot,99,74,63
Lancelot,44,0,0
Lancelot,79,56,23
Lancelot,15,48,8
Lancelot,7,15,4
Lancelot,92,5,2
Lancelot,59,0,0
Lancelot,3,85,0
Lancelot,6,43,5
Lancelot,27,1,0
Lancelot,76,0,0
Lancelot,3,15,2
Lancelot,50,18,0
Lancelot,22,0,0
Lancelot,57,0,0
Lancelot,83,0,0
Lancelot,18,57,0
Lancelot,7,12,3
Lancelot,48,83,0
Lancelot,94,0,0
Lancelot,4,0,0
Lancelot,52,82,36
Lancelot,15,87,0
Lancelot,72,0,0
Lancelot,20,39,13
Lancelot,80,80,48
Lancelot,27,0,0
Lancelot,17,86,11
Lancelot,47,0,0
Lancelot,42,42,0
Lancelot,49,41,0
Lancelot,14,32,0
Lancelot,19,3,0
Lancelot,9,0,0
Lancelot,85,50,21
Lancelot,95,66,0
Lancelot,1,74,1
Lancelot,4,44,0
Lancelot,17,74,13
Lancelot,8,90,3
Lancelot,67,97,36
Lancelot,99,59,4
Lancelot,27,93,0
Lancelot,85,70,27
Lancelot,11,0,0
Lancelot,37,27,0
Lancelot,5,89,3
Lancelot,46,0,0
Lancelot,87,13,10
Lancelot,54,12,0
Lancelot,47,0,0
Lancelot,92,0,0
Lancelot,35,0,0
Lancelot,100,85,0
Lancelot,55,0,0
Lancelot,23,0,0
Lancelot,15,35,0
Lancelot,95,40,0
Lancelot,37,92,0
Lancelot,69,31,0
Lancelot,54,0,0
Lancelot,34,36,23
Lancelot,59,0,0
Lancelot,73,72,0
Lancelot,35,11,5
Lancelot,92,12,7
Lancelot,4,0,0
Lancelot,4,0,0
Lancelot,4,0,0
Lancelot,66,98,0
Lancelot,68,51,46
Lancelot,26,57,0
Lancelot,96,52,2
Lancelot,67,0,0
Lancelot,68,0,0
Lancelot,54,38,34
Lancelot,96,43,26
Lancelot,100,20,0
Lancelot,43,0,0
Lancelot,24,58,0
Lancelot,6,85,3
Lancelot,9,23,9
Lancelot,60,0,0
Lancelot,21,32,20
Lancelot,43,0,0
Lancelot,89,1,0
Lancelot,62,50,0
Lancelot,93,8,4
Lancelot,8,4,0
Lancelot,31,54,5
Lancelot,3,0,0
Lancelot,57,41,40
Lancelot,40,0,0
Lancelot,71,45,15
Lancelot,18,2,1
Lancelot,51,92,0
Lancelot,35,0,0
Lancelot,4,67,2
Lancelot,82,20,0
Lancelot,96,0,0
Lancelot,18,27,0
Lancelot,89,0,0
Lancelot,40,39,25
Lancelot,71,85,39
Lancelot,18,62,0
Lancelot,77,0,0
Lancelot,6,81,3
Lancelot,22,0,0
Lancelot,76,88,0
Lancelot,51,66,38
Lancelot,77,21,0
Lancelot,20,75,17
Lancelot,28,46,0
Lancelot,83,44,16
Lancelot,1,0,0
Lancelot,66,3,0
Lancelot,38,68,0
Lancelot,91,0,0
Lancelot,50,26,0
Lancelot,76,20,0
Lancelot,40,5,0
Lancelot,31,0,0
Lancelot,87,94,0
Lancelot,68,0,0
Lancelot,45,3,0
Lancelot,30,0,0
Lancelot,63,28,0
Lancelot,44,33,19
Lancelot,83,31,27
Lancelot,44,0,0
Lancelot,80,22,12
Lancelot,28,0,0
Lancelot,41,0,0
Lancelot,84,62,0
Lancelot,42,0,0
Lancelot,51,0,0
Lancelot,71,69,13
Lancelot,14,85,0
Lancelot,55,67,0
Lancelot,62,18,0
Lancelot,23,0,0
Lancelot,8,46,4
Lancelot,82,0,0
Lancelot,34,88,12
Lancelot,25,0,0
Lancelot,64,66,45
Lancelot,82,0,0
Lancelot,72,0,0
Lancelot,40,31,0
Lancelot,28,84,0
Lancelot,49,27,0
Lancelot,63,30,30
Lancelot,42,0,0
Lancelot,28,0,0
Lancelot,71,61,0
Lancelot,96,0,0
Lancelot,98,95,55
Lancelot,25,82,0
Lancelot,67,97,64
Lancelot,84,0,0
Lancelot,18,2,1
Lancelot,98,77,0
Lancelot,16,12,0
Lancelot,2,63,1
Lancelot,5,0,0
Lancelot,86,0,0
Lancelot,84,0,0
Lancelot,65,81,0
Lancelot,8,24,0
Lancelot,59,9,0
Lancelot,1,87,0
Lancelot,74,19,0
Lancelot,17,22,0
Lancelot,31,97,24
Lancelot,30,99,0
Lancelot,72,88,61
Lancelot,80,0,0
Lancelot,53,49,15
Lancelot,67,23,0
Lancelot,71,0,0
Lancelot,49,5,2
Lancelot,3,0,0
Lancelot,24,0,0
Lancelot,93,0,0
Lancelot,16,0,0
Lancelot,42,0,0
Lancelot,71,73,24
Lancelot,85,77,0
Lancelot,74,40,18
Lancelot,77,62,0
Lancelot,79,0,0
Lancelot,19,0,0
Lancelot,13,83,3
Lancelot,25,51,9
Lancelot,57,55,7
Lancelot,30,70,0
Lancelot,92,0,0
Lancelot,12,43,4
Lancelot,55,73,27
Lancelot,28,0,0
Lancelot,85,0,0
Lancelot,33,76,0
Lancelot,15,41,3
Lancelot,37,70,13
Lancelot,73,75,0
Lancelot,44,73,0
Lancelot,61,0,0
Lancelot,96,10,4
Lancelot,59,63,34
Lancelot,73,0,0
Lancelot,11,91,0
Lancelot,48,18,2
Lancelot,89,13,8
Lancelot,90,7,7
Lancelot,38,4,4
Lancelot,24,94,0
Lancelot,12,0,0
Lancelot,84,0,0
Lancelot,33,33,0
Lancelot,98,95,0
Lancelot,37,9,0
Lancelot,50,15,12
Lancelot,99,28,16
Lancelot,13,39,0
Lancelot,45,77,0
Lancelot,70,0,0
Lancelot,71,57,0
Lancelot,64,0,0
Lancelot,44,0,0
Lancelot,43,64,0
Lancelot,1,0,0
Lancelot,76,23,0
Lancelot,95,32,0
Lancelot,78,33,28
Lancelot,41,1,0
Lancelot,61,0,0
Lancelot,60,56,0
Lancelot,97,43,0
Lancelot,47,62,22
Lancelot,66,0,0
Lancelot,67,61,0
Lancelot,31,0,0
Lancelot,32,0,0
Lancelot,43,36,28
Lancelot,92,0,0
Lancelot,14,0,0
Lancelot,17,80,0
Lancelot,8,51,0
Lancelot,38,0,0
Lancelot,64,0,0
Lancelot,27,7,1
Lancelot,91,0,0
Lancelot,43,48,0
Lancelot,100,28,28
Lancelot,53,83,14
Lancelot,71,0,0
Lancelot,100,0,0
Lancelot,21,0,0
Lancelot,48,59,0
Lancelot,36,43,30
Lancelot,98,98,22
Lancelot,84,0,0
Lancelot,42,33,5
Lancelot,96,83,30
Lancelot,72,35,35
Lancelot,29,42,0
Lancelot,14,57,0
Lancelot,70,0,0
Lancelot,41,81,0
Lancelot,55,29,0
Lancelot,49,71,7
Lancelot,50,72,0
Lancelot,43,55,0
Lancelot,60,98,18
Lancelot,47,34,0
Lancelot,56,37,0
Lancelot,37,17,5
Lancelot,80,99,0
Lancelot,75,18,8
Lancelot,26,0,0
Lancelot,3,76,3
Lancelot,66,0,0
Lancelot,2,98,0
Lancelot,2,4,0
Lancelot,49,0,0
Lancelot,47,72,0
Lancelot,38,44,24
Lancelot,78,71,0
Lancelot,62,0,0
Lancelot,41,78,41
Lancelot,68,78,0
Lancelot,34,0,0
Lancelot,1,12,1
Lancelot,34,85,0
Lancelot,6,22,0
Lancelot,100,0,0
Lancelot,62,0,0
Lancelot,3,41,0
Lancelot,29,17,0
Lancelot,71,54,0
Lancelot,61,0,0
Lancelot,20,63,10
Lancelot,94,80,0
Lancelot,48,46,33
Lancelot,28,89,0
Lancelot,84,0,0
Lancelot,34,0,0
Lancelot,36,0,0
Lancelot,76,26,22
Lancelot,44,0,0
Lancelot,68,0,0
Lancelot,12,94,0
Lancelot,1,0,0
Lancelot,41,0,0
Lancelot,85,50,0
Lancelot,35,2,0
Lancelot,48,0,0
Lancelot,29,65,0
Lancelot,20,19,0
Lancelot,42,84,0
Lancelot,35,22,0
Lancelot,44,0,0
Lancelot,68,59,0
Lancelot,31,34,0
Lancelot,16,40,12
Lancelot,54,41,0
Lancelot,14,12,0
Lancelot,63,73,0
Lancelot,7,94,0
Lancelot,16,0,0
Lancelot,21,65,0
Lancelot,39,89,23
Lancelot,16,0,0
Lancelot,76,31,19
Lancelot,83,87,0
Lancelot,20,37,0
Lancelot,17,86,8
Lancelot,5,2,2
Lancelot,42,0,0
Lancelot,9,20,4
Lancelot,45,34,0
Lancelot,37,73,0
Lancelot,30,0,0
Lancelot,7,0,0
Lancelot,37,33,0
Lancelot,89,40,21
Lancelot,47,79,42
Lancelot,61,79,13
Lancelot,92,52,0
Lancelot,6,0,0
Lancelot,96,50,0
Lancelot,57,71,20
Lancelot,84,28,16
Lancelot,76,0,0
Lancelot,62,0,0
Lancelot,99,11,0
Lancelot,9,34,7
Lancelot,3,0,0
Lancelot,78,7,7
Lancelot,26,45,0
Lancelot,44,0,0
Lancelot,52,27,0
Lancelot,22,0,0
Lancelot,18,41,16
Lancelot,3,0,0
Lancelot,53,26,15
Lancelot,65,0,0
Lancelot,76,0,0
Lancelot,73,0,0
Lancelot,9,0,0
Lancelot,71,1,0
Lancelot,99,31,0
Lancelot,55,11,0
Lancelot,96,0,0
Lancelot,45,67,0
Lancelot,4,47,0
Lancelot,98,0,0
Lancelot,71,28,21
Lancelot,95,29,0
Lancelot,22,26,0
Lancelot,23,14,0
Lancelot,72,78,0
Lancelot,85,71,25
Lancelot,46,53,0
Lancelot,17,72,0
Lancelot,91,33,0
Lancelot,19,0,0
Lancelot,16,14,14
Lancelot,73,8,0
Lancelot,54,0,0
Lancelot,99,42,1
Lancelot,90,0,0
Lancelot,72,48,0
Lancelot,23,20,0
Lancelot,63,0,0
Lancelot,40,26,18
Lancelot,99,89,22
Lancelot,76,9,8
Lancelot,56,0,0
Lancelot,50,87,0
Lancelot,95,82,34
Lancelot,79,30,24
Lancelot,98,76,0
Lancelot,76,42,25
Lancelot,11,67,0
Lancelot,35,51,13
Lancelot,53,10,0
Lancelot,17,28,0
Lancelot,54,11,0
Lancelot,23,83,5
Lancelot,28,79,0
Lancelot,70,60,0
Lancelot,98,30,25
Lancelot,41,25,0
Lancelot,38,62,8
Lancelot,72,3,3
Lancelot,54,75,0
Lancelot,2,33,0
Lancelot,4,56,0
Lancelot,87,0,0
Lancelot,42,86,0
Lancelot,39,0,0
Lancelot,47,67,0
Lancelot,83,0,0
Lancelot,74,0,0
Lancelot,70,100,33
Lancelot,65,85,33
Lancelot,34,0,0
Lancelot,14,93,0
Lancelot,53,24,0
Lancelot,81,17,0
Lancelot,28,42,13
Lancelot,19,0,0
Lancelot,85,0,0
Lancelot,38,21,3
Lancelot,25,0,0
Lancelot,7,12,0
Lancelot,35,81,5
Lancelot,46,54,34
Lancelot,66,0,0
Lancelot,20,46,0
Lancelot,6,23,0
Lancelot,20,0,0
Lancelot,77,42,0
Lancelot,3,0,0
Lancelot,97,46,0
Lancelot,45,0,0
Lancelot,40,0,0
Lancelot,96,90,63
Lancelot,31,100,0
Lancelot,57,81,0
Lancelot,41,72,33
Lancelot,61,76,0
Lancelot,49,0,0
Lancelot,100,40,0
Lancelot,15,4,0
Lancelot,59,6,0
Lancelot,67,13,0
Lancelot,17,0,0
Lancelot,41,0,0
Lancelot,10,0,0
Lancelot,90,7,0
Lancelot,38,0,0
Lancelot,52,24,0
Lancelot,56,0,0
Lancelot,81,36,34
Lancelot,69,62,0
Lancelot,83,0,0
Lancelot,86,0,0
Lancelot,27,96,5
Lancelot,1,0,0
Lancelot,7,22,6
Lancelot,10,24,5
Lancelot,56,37,7
Lancelot,17,0,0
Lancelot,4,73,4
Lancelot,97,30,11
Lancelot,78,44,0
Lancelot,24,80,0
Lancelot,4,83,0
Lancelot,47,0,0
Lancelot,5,53,0
Lancelot,65,30,18
Lancelot,77,20,0
Lancelot,15,67,0
Lancelot,97,84,0
Lancelot,90,21,1
Lancelot,16,33,9
Lancelot,69,18,0
Lancelot,57,0,0
Lancelot,29,25,0
Lancelot,97,88,0
Lancelot,94,21,14
Lancelot,9,73,0
Lancelot,41,27,21
Lancelot,44,82,18
Lancelot,56,74,0
Lancelot,23,0,0
Lancelot,44,87,0
Lancelot,99,23,0
Lancelot,31,0,0
Lancelot,55,20,18
Lancelot,49,7,1
Lancelot,96,0,0
Lancelot,12,90,0
Lancelot,33,83,1
Lancelot,28,55,0
Lancelot,66,65,56
Lancelot,63,66,62
Lancelot,46,24,0
Lancelot,5,58,0
Lancelot,16,95,0
Lancelot,25,92,0
Lancelot,27,44,0
Lancelot,85,0,0
Lancelot,83,13,0
Lancelot,62,39,26
Lancelot,20,74,8
Lancelot,9,63,0
Lancelot,96,0,0
Lancelot,81,39,0
Lancelot,75,28,0
Lancelot,25,0,0
Lancelot,78,5,5
Lancelot,10,81,0
Lancelot,8,40,0
Lancelot,76,70,0
Lancelot,30,93,0
Lancelot,26,60,17
Lancelot,47,87,0
Lancelot,59,20,0
Lancelot,73,0,0
Lancelot,7,22,0
Lancelot,61,93,0
Lancelot,24,78,22
Lancelot,55,0,0
Lancelot,78,0,0
Lancelot,45,87,0
Lancelot,29,17,0
Lancelot,13,39,9
Lancelot,6,0,0
Lancelot,74,0,0
Lancelot,94,35,32
Lancelot,1,48,1
Lancelot,55,26,8
Lancelot,4,76,0
Lancelot,90,0,0
Lancelot,96,51,0
Lancelot,6,10,4
Lancelot,11,73,0
Lancelot,39,88,21
Lancelot,1,88,0
Lancelot,84,2,1
Lancelot,35,21,18
Lancelot,16,0,0
Lancelot,91,21,3
Lancelot,24,53,7
Lancelot,83,0,0
Lancelot,92,22,2
Lancelot,93,43,0
Lancelot,87,0,0
Lancelot,56,0,0
Lancelot,68,53,3
Lancelot,51,18,17
Lancelot,58,35,27
Lancelot,70,34,23
Lancelot,9,38,0
Lancelot,28,98,0
Lancelot,7,2,1
Lancelot,52,81,23
Lancelot,7,77,0
Lancelot,39,38,0
Lancelot,23,0,0
Lancelot,81,53,0
Lancelot,58,0,0
Lancelot,94,21,12
Lancelot,26,56,0
Lancelot,67,42,0
Lancelot,87,28,0
Lancelot,53,0,0
Lancelot,98,0,0
Lancelot,23,26,0
Lancelot,56,3,0
Lancelot,41,0,0
Lancelot,38,50,12
Lancelot,91,0,0
Lancelot,39,73,0
Lancelot,87,15,0
Lancelot,54,0,0
Lancelot,77,0,0
Lancelot,93,44,30
Lancelot,59,72,0
Lancelot,72,69,0
Lancelot,41,0,0
Lancelot,48,0,0
Lancelot,91,72,0
Lancelot,15,58,6
Lancelot,73,56,0
Lancelot,49,36,0
Lancelot,56,41,0
Lancelot,29,50,3
Lancelot,56,44,0
Lancelot,86,0,0
Lancelot,92,16,14
Lancelot,81,49,0
Lancelot,37,68,0
Lancelot,93,78,74
Lancelot,38,0,0
Lancelot,25,0,0
Lancelot,63,64,0
Lancelot,12,99,0
Lancelot,48,43,9
Lancelot,47,49,0
Lancelot,14,0,0
Lancelot,86,0,0
Lancelot,13,79,0
Lancelot,64,59,30
Lancelot,52,0,0
Lancelot,24,74,0
Lancelot,42,0,0
Lancelot,10,33,0
Lancelot,50,0,0
Lancelot,79,2,1
Lancelot,16,64,1
Lancelot,97,74,44
Lancelot,82,0,0
Lancelot,41,74,0
Lancelot,1,38,1
Lancelot,46,75,0
Lancelot,6,10,0
Lancelot,25,0,0
Lancelot,78,65,0
Lancelot,56,0,0
Lancelot,52,6,2
Lancelot,15,79,0
Lancelot,82,0,0
Lancelot,45,0,0
Lancelot,72,66,0
Lancelot,87,0,0
Lancelot,25,0,0
Lancelot,81,41,26
Lancelot,47,0,0
Lancelot,26,0,0
Lancelot,59,0,0
Lancelot,33,11,2
Lancelot,74,0,0
Lancelot,75,30,0
Lancelot,80,58,46
Lancelot,53,75,2
Lancelot,64,4,0
Lancelot,36,0,0
Lancelot,59,76,0
Lancelot,74,28,0
Lancelot,7,0,0
Lancelot,86,0,0
Lancelot,96,43,0
Lancelot,1,79,1
Lancelot,1,66,1
Lancelot,42,45,0
Lancelot,6,55,0
Lancelot,89,72,0
Lancelot,30,0,0
Lancelot,13,26,0
Lancelot,75,77,0
Lancelot,20,0,0
Lancelot,94,88,17
Lancelot,70,25,0
Lancelot,33,0,0
Lancelot,11,91,3
Lancelot,86,0,0
Lancelot,62,2,1
Lancelot,28,0,0
Lancelot,43,23,14
Lancelot,47,0,0
Lancelot,57,39,0
Lancelot,78,90,51
Lancelot,33,79,0
Lancelot,21,5,0
Lancelot,5,0,0
Lancelot,63,28,0
Lancelot,91,28,19
Lancelot,74,19,0
Lancelot,57,0,0
Lancelot,59,0,0
Lancelot,56,0,0
Lancelot,70,0,0
Lancelot,32,52,8
Lancelot,55,0,0
Lancelot,25,0,0
Lancelot,86,6,1
Lancelot,80,93,0
Lancelot,60,0,0
Lancelot,29,30,0
Lancelot,67,79,0
Lancelot,76,51,0
Lancelot,38,49,0
Lancelot,23,0,0
Lancelot,19,0,0
Lancelot,84,0,0
Lancelot,57,40,0
Lancelot,88,88,25
Lancelot,39,96,29
Lancelot,1,18,0
Lancelot,67,34,0
Lancelot,31,0,0
Lancelot,32,49,0
Lancelot,80,44,1
Lancelot,66,0,0
Lancelot,43,93,0
Lancelot,64,0,0
Lancelot,3,38,2
Lancelot,91,0,0
Lancelot,74,55,44
Lancelot,79,32,0
Lancelot,28,81,0
Lancelot,12,0,0
Lancelot,86,70,0
Lancelot,51,96,0
Lancelot,83,48,0
Lancelot,29,0,0
Lancelot,75,0,0
Lancelot,29,7,4
Lancelot,97,77,39
Lancelot,66,0,0
Lancelot,43,35,0
Lancelot,16,0,0
Lancelot,55,60,0
Lancelot,9,47,6
Lancelot,2,8,2
Lancelot,92,29,3
Lancelot,2,71,0
Lancelot,76,40,0
Lancelot,11,66,0
Lancelot,75,97,0
Lancelot,44,0,0
Lancelot,74,7,0
Lancelot,100,7,0
Lancelot,45,95,38
Lancelot,100,8,0
Lancelot,50,0,0
Lancelot,53,23,0
Lancelot,92,0,0
Lancelot,99,5,4
Lancelot,35,89,21
Lancelot,51,54,0
Lancelot,63,75,0
Lancelot,99,42,28
Lancelot,16,0,0
Lancelot,81,51,0
Lancelot,83,98,0
Lancelot,18,92,3
Lancelot,24,51,1
Lancelot,95,2,2
Lancelot,19,75,19
Lancelot,84,18,0
Lancelot,27,4,0
Lancelot,97,72,0
Lancelot,34,90,0
Lancelot,64,45,31
Lancelot,22,0,0
Lancelot,67,0,0
Lancelot,14,34,6
Lancelot,2,86,2
Lancelot,11,59,0
Lancelot,38,0,0
Lancelot,39,23,6
Lancelot,81,47,11
Lancelot,91,59,55
Lancelot,62,0,0
Lancelot,25,0,0
Lancelot,28,1,1
Lancelot,61,42,41
Lancelot,60,0,0
Lancelot,76,28,0
Lancelot,12,27,0
Lancelot,69,1,0
Lancelot,66,57,0
Lancelot,98,71,63
Lancelot,10,26,0
Lancelot,8,61,0
Lancelot,96,64,0
Lancelot,3,90,0
Lancelot,98,88,0
Lancelot,43,0,0
Lancelot,53,0,0
Lancelot,94,0,0
Lancelot,49,63,0
Lancelot,77,9,9
Lancelot,36,10,0
Lancelot,77,0,0
Lancelot,72,90,0
Lancelot,30,70,16
Lancelot,57,0,0
Lancelot,39,5,0
Lancelot,1,56,1
Lancelot,31,59,14
Lancelot,20,0,0
Lancelot,38,69,0
Lancelot,21,84,0
Lancelot,38,53,27
Lancelot,84,0,0
Lancelot,8,0,0
Lancelot,21,2,0
Lancelot,90,50,33
Lancelot,89,0,0
Lancelot,74,2,2
Lancelot,86,34,0
Lancelot,85,0,0
Lancelot,17,4,0
Lancelot,32,0,0
Lancelot,90,0,0
Lancelot,67,95,0
Lancelot,15,63,0
Lancelot,63,0,0
Lancelot,98,10,0
Lancelot,14,93,0
Lancelot,86,0,0
Lancelot,97,18,9
Lancelot,50,0,0
Lancelot,38,60,0
Lancelot,44,0,0
Lancelot,99,0,0
Lancelot,98,68,0
Lancelot,22,0,0
Lancelot,75,65,34
Lancelot,11,3,0
Lancelot,63,84,3
Lancelot,40,8,0
Lancelot,35,0,0
Lancelot,62,0,0
Lancelot,14,81,0
Lancelot,8,65,0
Lancelot,66,36,32
Lancelot,73,74,0
Lancelot,44,43,0
Lancelot,69,0,0
Lancelot,32,0,0
Lancelot,18,82,17
Lancelot,65,69,0
Lancelot,57,88,0
Lancelot,87,0,0
Lancelot,86,52,9
Lancelot,23,73,0
Lancelot,65,81,0
Lancelot,33,0,0
Lancelot,55,1,1
Lancelot,55,32,0
Lancelot,97,26,23
Lancelot,36,93,14
Lancelot,54,0,0
Lancelot,89,0,0
Lancelot,1,40,0
Lancelot,52,85,21
Lancelot,20,90,0
Lancelot,1,5,0
Lancelot,45,40,0
Lancelot,65,20,0
Lancelot,13,0,0
Lancelot,78,0,0
Lancelot,80,0,0
Lancelot,74,0,0
Lancelot,6,0,0
Lancelot,76,39,38
Lancelot,89,0,0
Lancelot,68,0,0
Lancelot,50,0,0
Lancelot,91,39,34
Lancelot,51,0,0
Lancelot,21,10,7
Lancelot,85,89,0
Lancelot,86,88,74
Lancelot,22,0,0
Lancelot,61,95,0
Lancelot,86,0,0
Lancelot,33,1,1
Lancelot,81,0,0
Lancelot,39,11,0
Lancelot,84,48,29
Lancelot,24,43,0
Lancelot,86,74,0
Lancelot,9,100,0
Lancelot,7,47,6
Lancelot,51,0,0
Lancelot,64,23,0
Lancelot,98,23,10
Lancelot,94,39,0
Lancelot,82,0,0
Lancelot,57,70,0
Lancelot,46,0,0
Lancelot,53,14,0
Lancelot,75,74,20
Lancelot,13,30,0
Lancelot,6,80,0
Lancelot,6,0,0
Lancelot,12,0,0
Lancelot,25,0,0
Lancelot,7,0,0
Lancelot,2,78,2
Lancelot,32,85,0
Lancelot,85,0,0
Lancelot,47,0,0
Lancelot,19,40,0
Lancelot,60,0,0
Lancelot,4,0,0
Lancelot,21,56,0
Lancelot,22,75,15
Lancelot,25,48,2
Lancelot,48,33,0
Lancelot,67,16,0
Lancelot,49,77,42
Lancelot,43,9,1
Lancelot,85,52,0
Lancelot,63,67,19
Lancelot,26,23,0
Lancelot,27,0,0
Lancelot,100,58,0
Lancelot,24,0,0
Lancelot,98,87,0
Lancelot,77,47,0
Lancelot,34,11,7
Lancelot,61,99,45
Lancelot,93,75,0
Lancelot,76,55,54
Lancelot,5,97,0
Lancelot,63,65,0
Lancelot,69,94,65
Lancelot,38,19,0
Lancelot,69,0,0
Lancelot,79,79,0
Lancelot,93,38,0
Lancelot,23,0,0
Lancelot,43,85,0
Lancelot,70,39,0
Lancelot,63,5,3
Lancelot,34,0,0
Lancelot,39,22,16
Lancelot,1,0,0
