Farmer_Name,Dimension 1,Dimension 2,Dimension 3
Percival,98,51,0
Percival,92,0,0
Percival,35,24,0
Percival,78,94,0
Percival,23,3,0
Percival,20,29,17
Percival,23,71,0
Percival,33,84,0
Percival,55,85,27
Percival,12,0,0
Percival,73,15,0
Percival,60,56,15
Percival,62,0,0
Percival,72,71,0
Percival,55,86,0
Percival,68,0,0
Percival,55,0,0
Percival,25,7,4
Percival,6,0,0
Percival,84,0,0
Percival,56,89,0
Percival,29,26,0
Percival,68,0,0
Percival,85,60,0
Percival,75,0,0
Percival,4,14,2
Percival,43,22,11
Percival,94,79,45
Percival,69,64,33
Percival,49,10,0
Percival,58,97,49
Percival,60,24,0
Percival,87,78,0
Percival,50,78,0
Percival,61,31,0
Percival,16,99,1
Percival,51,33,14
Percival,11,82,3
Percival,14,79,2
Percival,31,89,0
Percival,93,83,63
Percival,72,0,0
Percival,50,42,0
Percival,19,29,5
Percival,14,0,0
Percival,70,50,0
Percival,49,77,17
Percival,66,21,0
Percival,13,36,0
Percival,84,85,78
Percival,91,62,0
Percival,20,0,0
Percival,27,0,0
Percival,93,28,26
Percival,23,32,10
Percival,20,23,0
Percival,90,30,0
Percival,58,49,31
Percival,21,0,0
Percival,69,19,0
Percival,15,0,0
Percival,19,59,0
Percival,7,0,0
Percival,53,35,18
Percival,97,8,0
Percival,40,61,31
Percival,6,0,0
Percival,62,0,0
Percival,77,0,0
Percival,82,51,0
Percival,4,72,0
Percival,36,0,0
Percival,86,47,8
Percival,85,93,73
Percival,44,0,0
Percival,89,52,0
Percival,5,29,2
Percival,76,48,0
Percival,93,2,2
Percival,9,73,0
Percival,24,49,0
Percival,3,20,2
Percival,61,75,23
Percival,34,0,0
Percival,45,8,0
Percival,80,61,20
Percival,75,0,0
Percival,29,38,4
Percival,4,65,3
Percival,59,61,0
Percival,46,22,3
Percival,74,92,0
Percival,33,22,14
Percival,18,0,0
Percival,99,44,0
Percival,56,17,0
Percival,40,71,30
Percival,17,18,15
Percival,44,27,0
Percival,39,97,0
Percival,51,58,19
Percival,42,42,0
Percival,99,0,0
Percival,34,47,34
Percival,60,22,0
Percival,68,7,0
Percival,98,0,0
Percival,39,0,0
Percival,26,0,0
Percival,62,0,0
Percival,14,0,0
Percival,68,0,0
Percival,79,0,0
Percival,89,97,87
Percival,62,20,13
Percival,15,71,0
Percival,45,89,0
Percival,98,87,73
Percival,20,89,0
Percival,3,85,2
Percival,57,40,0
Percival,71,90,27
Percival,28,0,0
Percival,92,61,0
Percival,89,0,0
Percival,72,73,50
Percival,79,0,0
Percival,74,11,0
Percival,80,0,0
Percival,83,0,0
Percival,78,81,0
Percival,88,91,41
Percival,43,96,0
Percival,76,37,7
Percival,94,54,34
Percival,83,25,0
Percival,35,0,0
Percival,90,12,7
Percival,26,0,0
Percival,22,3,0
Percival,82,45,6
Percival,97,0,0
Percival,83,0,0
Percival,58,87,0
Percival,56,16,15
Percival,79,0,0
Percival,45,56,0
Percival,55,75,0
Percival,4,0,0
Percival,97,2,0
Percival,60,53,0
Percival,42,0,0
Percival,68,31,0
Percival,100,71,3
Percival,39,91,0
Percival,9,22,8
Percival,18,56,0
Percival,43,0,0
Percival,73,0,0
Percival,62,70,0
Percival,20,48,0
Percival,85,95,62
Percival,70,69,0
Percival,16,37,6
Percival,95,8,0
Percival,35,83,0
Percival,7,0,0
Percival,53,39,0
Percival,23,37,0
Percival,46,28,0
Percival,87,100,27
Percival,20,52,20
Percival,67,100,0
Percival,57,48,17
Percival,91,89,85
Percival,3,25,0
Percival,97,19,0
Percival,57,71,0
Percival,38,0,0
Percival,96,69,54
Percival,37,22,0
Percival,7,0,0
Percival,44,87,0
Percival,50,8,3
Percival,77,57,39
Percival,37,86,0
Percival,72,32,0
Percival,5,0,0
Percival,26,54,12
Percival,56,0,0
Percival,49,1,1
Percival,74,82,30
Percival,10,0,0
Percival,18,0,0
Percival,15,13,0
Percival,76,99,0
Percival,100,71,60
Percival,58,45,0
Percival,100,17,1
Percival,88,3,0
Percival,25,28,6
Percival,60,88,0
Percival,37,58,0
Percival,46,25,0
Percival,10,0,0
Percival,72,97,40
Percival,10,0,0
Percival,64,91,35
Percival,53,49,13
Percival,80,80,0
Percival,27,53,0
Percival,71,0,0
Percival,34,58,2
Percival,5,92,0
Percival,27,0,0
Percival,44,94,0
Percival,64,45,45
Percival,76,19,17
Percival,66,0,0
Percival,31,26,0
Percival,34,0,0
Percival,55,0,0
Percival,16,30,14
Percival,87,70,48
Percival,71,0,0
Percival,56,58,15
Percival,62,38,35
Percival,41,75,0
Percival,20,27,0
Percival,43,76,0
Percival,3,58,2
Percival,61,46,34
Percival,7,0,0
Percival,14,0,0
Percival,7,63,0
Percival,82,16,0
Percival,1,55,1
Percival,61,70,0
Percival,48,0,0
Percival,80,0,0
Percival,2,0,0
Percival,49,0,0
Percival,1,30,0
Percival,90,0,0
Percival,81,53,19
Percival,98,53,10
Percival,26,7,0
Percival,80,31,0
Percival,77,0,0
Percival,41,94,23
Percival,51,0,0
Percival,57,0,0
Percival,69,0,0
Percival,79,51,10
Percival,8,0,0
Percival,95,45,6
Percival,8,68,0
Percival,95,82,22
Percival,42,10,0
Percival,67,79,33
Percival,92,0,0
Percival,51,0,0
Percival,31,0,0
Percival,31,30,0
Percival,1,0,0
Percival,8,48,0
Percival,61,68,39
Percival,88,76,0
Percival,45,87,0
Percival,74,51,9
Percival,36,42,26
Percival,46,0,0
Percival,54,31,0
Percival,86,0,0
Percival,14,0,0
Percival,47,0,0
Percival,83,63,59
Percival,35,0,0
Percival,41,67,0
Percival,31,14,0
Percival,24,0,0
Percival,54,0,0
Percival,33,0,0
Percival,90,18,9
Percival,4,56,2
Percival,62,0,0
Percival,14,54,0
Percival,20,0,0
Percival,68,30,0
Percival,79,94,41
Percival,77,40,0
Percival,25,0,0
Percival,8,65,0
Percival,24,51,18
Percival,61,0,0
Percival,83,0,0
Percival,42,0,0
Percival,56,24,23
Percival,33,0,0
Percival,94,52,0
Percival,21,0,0
Percival,22,69,20
Percival,61,54,0
Percival,42,0,0
Percival,3,91,2
Percival,42,39,0
Percival,8,0,0
Percival,9,14,0
Percival,59,0,0
Percival,25,0,0
Percival,56,46,2
Percival,17,1,1
Percival,33,67,0
Percival,91,0,0
Percival,95,48,0
Percival,92,62,0
Percival,9,48,0
Percival,31,73,0
Percival,52,75,4
Percival,35,0,0
Percival,46,89,0
Percival,93,97,0
Percival,29,93,0
Percival,85,0,0
Percival,30,0,0
Percival,54,0,0
Percival,67,30,0
Percival,95,9,0
Percival,96,83,77
Percival,62,79,0
Percival,21,54,0
Percival,7,0,0
Percival,36,16,0
Percival,100,82,0
Percival,38,0,0
Percival,35,1,1
Percival,85,30,7
Percival,39,78,0
Percival,11,0,0
Percival,84,0,0
Percival,96,0,0
Percival,4,79,3
Percival,42,0,0
Percival,2,10,0
Percival,40,87,29
Percival,48,69,0
Percival,13,27,0
Percival,10,0,0
Percival,71,0,0
Percival,22,86,0
Percival,37,93,6
Percival,99,46,0
Percival,85,41,0
Percival,80,7,0
Percival,4,0,0
Percival,63,0,0
Percival,42,21,19
Percival,15,42,0
Percival,35,54,9
Percival,23,11,5
Percival,89,1,0
Percival,16,77,0
Percival,68,38,0
Percival,74,88,0
Percival,23,34,2
Percival,13,95,0
Percival,36,76,9
Percival,44,52,2
Percival,65,56,0
Percival,96,64,0
Percival,99,0,0
Percival,12,82,0
Percival,20,76,0
Percival,18,0,0
Percival,77,0,0
Percival,80,89,0
Percival,52,79,0
Percival,79,66,55
Percival,66,0,0
Percival,66,0,0
Percival,77,57,0
Percival,76,31,27
Percival,86,88,0
Percival,65,0,0
Percival,19,7,4
Percival,68,45,0
Percival,27,0,0
Percival,76,4,0
Percival,5,0,0
Percival,20,97,0
Percival,13,88,5
Percival,14,54,0
Percival,77,10,0
Percival,80,79,0
Percival,53,7,1
Percival,45,47,0
Percival,28,59,20
Percival,80,0,0
Percival,73,10,0
Percival,69,29,0
Percival,24,0,0
Percival,100,7,3
Percival,31,11,0
Percival,29,40,8
Percival,41,0,0
Percival,17,58,1
Percival,33,52,0
Percival,63,26,0
Percival,42,1,1
Percival,15,30,1
Percival,2,0,0
Percival,57,0,0
Percival,18,67,10
Percival,25,22,0
Percival,16,62,0
Percival,46,57,33
Percival,2,7,0
Percival,60,87,0
Percival,66,0,0
Percival,82,46,19
Percival,88,0,0
Percival,15,0,0
Percival,84,54,0
Percival,25,67,14
Percival,13,19,0
Percival,5,8,0
Percival,66,87,13
Percival,52,21,0
Percival,54,45,0
Percival,34,63,0
Percival,47,42,22
Percival,81,63,0
Percival,73,8,0
Percival,24,0,0
Percival,82,43,0
Percival,98,0,0
Percival,36,77,0
Percival,58,0,0
Percival,39,0,0
Percival,77,98,67
Percival,96,19,0
Percival,36,74,0
Percival,75,6,0
Percival,99,19,13
Percival,80,0,0
Percival,83,57,0
Percival,85,11,0
Percival,76,21,6
Percival,90,0,0
Percival,21,64,0
Percival,42,65,0
Percival,97,0,0
Percival,90,4,3
Percival,25,0,0
Percival,40,4,0
Percival,16,75,3
Percival,92,30,6
Percival,39,53,0
Percival,53,0,0
Percival,29,13,0
Percival,58,96,29
Percival,48,5,0
Percival,47,41,11
Percival,71,60,59
Percival,48,7,0
Percival,28,20,0
Percival,21,14,0
Percival,42,3,2
Percival,93,0,0
Percival,42,75,0
Percival,70,79,0
Percival,69,78,0
Percival,9,55,0
Percival,55,79,0
Percival,80,49,21
Percival,99,87,31
Percival,40,13,11
Percival,19,0,0
Percival,93,31,31
Percival,98,0,0
Percival,67,25,0
Percival,49,76,41
Percival,52,0,0
Percival,29,98,0
Percival,31,0,0
Percival,29,98,10
Percival,95,0,0
Percival,68,47,8
Percival,84,19,1
Percival,31,0,0
Percival,26,78,0
Percival,40,71,0
Percival,7,16,0
Percival,77,1,0
Percival,54,38,0
Percival,62,0,0
Percival,51,36,0
Percival,85,0,0
Percival,47,41,16
Percival,72,0,0
Percival,45,95,9
Percival,26,0,0
Percival,27,89,8
Percival,17,23,14
Percival,54,69,0
Percival,21,84,7
Percival,69,64,0
Percival,96,92,0
Percival,45,0,0
Percival,36,88,0
Percival,67,66,0
Percival,17,7,5
Percival,30,8,0
Percival,54,60,0
Percival,11,0,0
Percival,29,39,0
Percival,30,58,0
Percival,11,100,0
Percival,59,85,28
Percival,63,60,0
Percival,45,3,0
Percival,45,10,0
Percival,74,45,14
Percival,8,67,2
Percival,66,5,0
Percival,96,67,0
Percival,26,73,25
Percival,96,85,0
Percival,50,98,7
Percival,23,0,0
Percival,66,0,0
Percival,22,0,0
Percival,30,0,0
Percival,18,36,0
Percival,67,51,32
Percival,69,2,0
Percival,56,40,30
Percival,15,0,0
Percival,36,54,0
Percival,11,2,0
Percival,43,30,1
Percival,5,0,0
Percival,53,0,0
Percival,5,0,0
Percival,20,55,0
Percival,47,100,0
Percival,85,27,0
Percival,85,0,0
Percival,56,0,0
Percival,19,19,0
Percival,88,40,0
Percival,88,10,0
Percival,57,59,0
Percival,57,50,12
Percival,88,5,0
Percival,92,23,0
Percival,75,24,0
Percival,2,0,0
Percival,52,55,0
Percival,23,14,0
Percival,77,0,0
Percival,25,0,0
Percival,32,0,0
Percival,90,57,0
Percival,86,3,3
Percival,46,34,0
Percival,8,46,3
Percival,6,81,0
Percival,77,81,0
Percival,84,86,46
Percival,77,56,11
Percival,89,0,0
Percival,14,40,0
Percival,53,0,0
Percival,71,24,7
Percival,64,33,2
Percival,23,80,0
Percival,8,23,2
Percival,84,0,0
Percival,99,32,25
Percival,56,0,0
Percival,73,0,0
Percival,58,0,0
Percival,54,3,2
Percival,52,70,0
Percival,51,0,0
Percival,13,34,0
Percival,25,8,0
Percival,18,57,5
Percival,69,22,0
Percival,3,58,0
Percival,12,70,2
Percival,96,0,0
Percival,47,0,0
Percival,45,31,0
Percival,65,63,0
Percival,35,60,0
Percival,97,89,30
Percival,92,17,6
Percival,25,16,0
Percival,84,12,0
Percival,92,3,1
Percival,50,49,0
Percival,11,0,0
Percival,11,13,8
Percival,97,72,48
Percival,34,38,0
Percival,19,0,0
Percival,76,14,13
Percival,43,0,0
Percival,20,0,0
Percival,44,50,0
Percival,32,0,0
Percival,88,55,44
Percival,84,0,0
Percival,97,69,65
Percival,16,0,0
Percival,66,25,0
Percival,3,7,1
Percival,34,0,0
Percival,88,10,0
Percival,82,68,52
Percival,99,28,20
Percival,76,0,0
Percival,61,5,0
Percival,87,85,0
Percival,62,45,22
Percival,31,85,14
Percival,32,33,17
Percival,57,0,0
Percival,52,82,41
Percival,24,17,4
Percival,24,48,0
Percival,48,0,0
Percival,9,57,4
Percival,71,0,0
Percival,73,37,24
Percival,52,0,0
Percival,70,96,0
Percival,28,76,0
Percival,7,96,7
Percival,41,36,0
Percival,84,36,0
Percival,19,48,5
Percival,39,100,0
Percival,9,8,0
Percival,4,0,0
Percival,87,54,0
Percival,79,18,3
Percival,78,17,13
Percival,45,40,0
Percival,4,49,0
Percival,86,12,4
Percival,72,6,0
Percival,17,43,0
Percival,53,26,16
Percival,53,20,0
Percival,70,65,0
Percival,1,0,0
Percival,60,0,0
Percival,99,0,0
Percival,98,68,40
Percival,74,46,0
Percival,3,57,0
Percival,27,49,20
Percival,51,19,18
Percival,36,32,0
Percival,99,83,13
Percival,39,54,0
Percival,15,85,6
Percival,7,0,0
Percival,18,80,15
Percival,98,52,0
Percival,48,63,12
Percival,24,20,0
Percival,19,0,0
Percival,67,49,0
Percival,10,77,0
Percival,26,88,0
Percival,76,43,26
Percival,74,11,0
Percival,2,70,0
Percival,94,51,0
Percival,59,80,56
Percival,75,27,1
Percival,38,40,11
Percival,10,26,0
Percival,50,0,0
Percival,50,0,0
Percival,5,89,4
Percival,64,0,0
Percival,76,40,0
Percival,13,0,0
Percival,4,98,0
Percival,92,0,0
Percival,88,0,0
Percival,78,67,61
Percival,80,78,0
Percival,10,15,0
Percival,17,38,0
Percival,48,0,0
Percival,70,49,27
Percival,74,0,0
Percival,2,0,0
Percival,47,83,0
Percival,56,79,15
Percival,11,40,0
Percival,84,0,0
Percival,90,61,51
Percival,93,55,0
Percival,79,0,0
Percival,69,0,0
Percival,17,2,2
Percival,55,99,0
Percival,75,94,0
Percival,48,60,0
Percival,43,40,0
Percival,61,34,0
Percival,53,0,0
Percival,96,80,55
Percival,79,37,0
Percival,91,46,0
Percival,44,0,0
Percival,29,76,26
Percival,78,61,28
Percival,59,6,0
Percival,51,43,0
Percival,14,63,12
Percival,55,95,0
Percival,87,0,0
Percival,5,96,5
Percival,40,35,0
Percival,68,0,0
Percival,68,0,0
Percival,59,32,10
Percival,65,37,30
Percival,54,0,0
Percival,45,87,0
Percival,44,34,14
Percival,59,0,0
Percival,54,21,0
Percival,100,94,0
Percival,84,70,60
Percival,54,21,12
Percival,42,74,0
Percival,12,0,0
Percival,61,9,0
Percival,20,0,0
Percival,70,9,0
Percival,17,73,7
Percival,89,24,23
Percival,1,78,1
Percival,48,10,0
Percival,73,75,4
Percival,92,98,0
Percival,22,0,0
Percival,17,92,0
Percival,43,1,1
Percival,89,40,0
Percival,49,7,0
Percival,56,80,42
Percival,39,11,0
Percival,68,0,0
Percival,23,70,8
Percival,33,97,0
Percival,93,81,0
Percival,3,0,0
Percival,72,100,0
Percival,21,0,0
Percival,60,0,0
Percival,42,20,0
Percival,22,10,0
Percival,8,0,0
Percival,74,0,0
Percival,8,72,0
Percival,55,0,0
Percival,3,24,1
Percival,25,59,0
Percival,30,43,0
Percival,10,81,0
Percival,40,0,0
Percival,66,51,47
Percival,13,0,0
Percival,90,28,15
Percival,47,10,0
Percival,2,92,1
Percival,19,0,0
Percival,98,45,0
Percival,67,0,0
Percival,36,0,0
Percival,21,0,0
Percival,42,73,16
Percival,84,90,0
Percival,64,10,3
Percival,1,73,0
Percival,58,0,0
Percival,79,0,0
Percival,47,31,27
Percival,94,72,5
Percival,22,41,0
Percival,16,58,11
Percival,19,64,0
Percival,97,39,6
Percival,48,93,0
Percival,66,0,0
Percival,65,23,0
Percival,42,0,0
Percival,45,0,0
Percival,35,0,0
Percival,56,42,0
Percival,84,21,0
Percival,61,0,0
Percival,65,70,0
Percival,54,69,0
Percival,100,39,0
Percival,21,51,18
Percival,36,84,0
Percival,21,26,0
Percival,94,36,36
Percival,46,30,16
Percival,27,62,27
Percival,71,0,0
Percival,62,41,9
Percival,53,26,0
Percival,43,9,0
Percival,23,0,0
Percival,34,58,0
Percival,27,61,1
Percival,62,36,0
Percival,86,35,9
Percival,28,0,0
Percival,99,99,96
Percival,81,9,0
Percival,79,29,0
Percival,100,66,0
Percival,70,59,0
Percival,50,0,0
Percival,56,47,0
Percival,28,98,0
Percival,21,51,0
Percival,16,0,0
Percival,48,36,0
Percival,87,59,0
Percival,23,51,3
Percival,27,0,0
Percival,62,7,2
Percival,59,6,0
Percival,16,3,2
Percival,75,77,0
Percival,53,0,0
Percival,80,46,24
Percival,65,3,0
Percival,77,0,0
Percival,72,0,0
Percival,63,93,0
Percival,44,78,0
Percival,25,0,0
Percival,36,0,0
Percival,83,93,0
Percival,26,39,23
Percival,66,0,0
Percival,3,31,0
Percival,90,0,0
Percival,41,49,21
Percival,78,0,0
Percival,88,60,0
Percival,63,0,0
Percival,94,20,0
Percival,65,0,0
Percival,15,0,0
Percival,51,27,0
Percival,40,0,0
Percival,21,15,0
Percival,30,2,1
Percival,48,86,26
Percival,3,34,0
Percival,19,76,6
Percival,62,74,0
Percival,84,99,78
Percival,32,16,13
Percival,3,69,3
Percival,11,45,4
Percival,84,58,0
Percival,84,0,0
Percival,27,10,10
Percival,18,8,0
Percival,81,0,0
Percival,27,0,0
Percival,29,31,0
Percival,65,59,0
Percival,91,87,0
Percival,51,47,43
Percival,33,19,13
Percival,30,0,0
Percival,8,0,0
Percival,44,0,0
Percival,63,40,0
Percival,35,37,0
Percival,93,18,0
Percival,24,0,0
Percival,6,0,0
Percival,65,41,14
Percival,46,66,0
Percival,23,61,0
Percival,93,85,0
Percival,96,97,0
Percival,56,0,0
Percival,2,32,0
Percival,32,0,0
Percival,93,79,0
Percival,39,74,0
Percival,86,20,0
Percival,53,29,4
Percival,63,0,0
Percival,43,0,0
Percival,21,22,4
Percival,73,0,0
Percival,63,74,7
Percival,85,78,0
Percival,53,22,21
Percival,95,52,44
Percival,96,73,0
Percival,72,72,0
Percival,97,7,4
Percival,5,36,3
Percival,8,66,0
Percival,91,64,37
Percival,32,30,21
Percival,44,56,36
Percival,58,25,0
Percival,47,0,0
Percival,91,0,0
Percival,8,62,8
Percival,88,0,0
Percival,35,28,0
Percival,83,0,0
Percival,100,13,0
Percival,75,75,0
Percival,94,73,0
Percival,100,0,0
Percival,99,97,0
Percival,52,0,0
Percival,49,73,0
Percival,20,0,0
Percival,18,11,0
Percival,48,74,27
Percival,18,36,0
Percival,17,72,0
Percival,16,0,0
Percival,77,11,0
Percival,55,0,0
Percival,44,73,0
Percival,3,69,0
Percival,29,0,0
Percival,25,0,0
Percival,72,20,0
Percival,78,74,0
Percival,74,5,2
Percival,84,27,0
Percival,61,0,0
Percival,52,25,0
Percival,97,33,29
Percival,9,29,9
Percival,20,64,13
Percival,31,58,29
Percival,26,0,0
Percival,44,98,13
Percival,5,37,2
Percival,70,57,52
Percival,64,83,31
Percival,8,0,0
Percival,68,25,20
Percival,83,0,0
Percival,65,0,0
Percival,30,78,0
Percival,86,69,0
Percival,71,0,0
Percival,67,98,0
Percival,30,45,0
Percival,98,0,0
Percival,12,2,0
Percival,68,30,0
Percival,34,0,0
Percival,43,99,18
Percival,12,97,0
Percival,91,58,28
Percival,69,49,0
Percival,64,0,0
Percival,81,0,0
Percival,88,17,0
Percival,69,99,0
Percival,54,0,0
Percival,14,33,1
Percival,42,90,0
Percival,26,9,0
Percival,6,99,0
Percival,60,0,0
Percival,78,0,0
Percival,35,0,0
Percival,44,63,0
Percival,13,92,0
Percival,69,92,0
Percival,38,71,16
Percival,57,0,0
Percival,83,95,0
Percival,57,0,0
Percival,20,42,0
Percival,74,87,0
Percival,88,0,0
Percival,4,14,0
Percival,14,29,0
Percival,86,0,0
Percival,12,19,0
Percival,16,96,15
Percival,9,0,0
Percival,45,0,0
Percival,98,0,0
Percival,100,30,12
Percival,15,45,0
Percival,11,0,0
Percival,49,0,0
Percival,22,31,0
Percival,70,16,3
Percival,54,0,0
Percival,77,98,51
Percival,85,69,0
Percival,23,54,0
Percival,48,59,41
Percival,56,90,0
Percival,90,31,0
Percival,10,0,0
Percival,34,91,11
Percival,54,0,0
Percival,96,0,0
Percival,3,0,0
Percival,3,16,2
Percival,96,44,28
Percival,99,27,17
Percival,49,23,0
Percival,2,0,0
Percival,99,65,30
Percival,29,76,0
Percival,1,8,0
Percival,92,0,0
Percival,55,0,0
Percival,19,87,5
Percival,91,2,0
Percival,96,0,0
Percival,80,12,0
Percival,38,37,0
Percival,54,61,0
Percival,30,66,8
Percival,48,0,0
Percival,16,45,0
Percival,85,8,0
Percival,81,70,33
Percival,39,99,33
Percival,83,33,0
Percival,60,74,0
Percival,76,89,0
Percival,50,75,11
Percival,86,99,0
Percival,2,98,0
Percival,40,31,24
Percival,32,61,14
Percival,16,11,0
Percival,89,58,58
Percival,55,11,0
Percival,75,45,0
Percival,88,5,0
Percival,80,0,0
Percival,62,85,0
Percival,95,18,0
Percival,34,71,25
Percival,64,24,0
Percival,66,67,49
Percival,16,0,0
Percival,16,63,0
Percival,32,100,23
Percival,48,2,0
Percival,37,76,0
Percival,17,0,0
Percival,80,87,26
Percival,11,79,7
Percival,56,22,0
Percival,9,70,0
Percival,80,11,0
Percival,34,26,0
Percival,34,52,0
Percival,89,7,2
Percival,92,0,0
Percival,27,35,0
Percival,78,0,0
Percival,3,0,0
Percival,86,88,0
Percival,7,18,0
Percival,43,81,9
Percival,10,22,0
Percival,66,92,18
Percival,92,0,0
Percival,65,19,0
Percival,2,0,0
Percival,68,0,0
Percival,87,100,6
Percival,99,17,0
Percival,14,100,2
Percival,36,72,19
Percival,55,83,0
Percival,96,0,0
Percival,66,39,0
Percival,42,0,0
Percival,17,70,15
Percival,36,74,14
Percival,43,89,41
Percival,33,0,0
Percival,37,0,0
Percival,84,79,0
Percival,12,29,6
Percival,24,0,0
Percival,64,14,6
Percival,56,58,0
Percival,75,91,0
Percival,57,0,0
Percival,3,54,0
Percival,47,88,0
Percival,61,0,0
Percival,49,0,0
Percival,73,87,24
Percival,13,0,0
Percival,99,91,0
Percival,13,0,0
Percival,45,0,0
Percival,74,86,48
Percival,37,0,0
Percival,6,17,0
Percival,9,0,0
Percival,89,0,0
Percival,93,73,0
Percival,58,16,10
Percival,87,79,0
Percival,4,21,0
Percival,53,0,0
Percival,39,42,0
Percival,97,91,0
Percival,10,16,5
Percival,54,0,0
Percival,52,0,0
Percival,19,42,0
Percival,32,0,0
Percival,52,54,0
Percival,6,0,0
Percival,34,59,21
Percival,34,0,0
Percival,38,0,0
Percival,29,0,0
Percival,31,82,0
Percival,4,13,3
Percival,92,55,0
Percival,95,0,0
Percival,6,92,0
Percival,93,0,0
Percival,11,0,0
Percival,14,26,0
Percival,87,64,24
Percival,89,70,0
Percival,3,0,0
Percival,66,0,0
Percival,93,87,7
Percival,71,36,0
Percival,66,0,0
Percival,54,53,48
Percival,76,78,0
Percival,79,12,2
Percival,52,40,30
Percival,86,0,0
Percival,96,0,0
Percival,7,0,0
Percival,13,40,0
Percival,60,0,0
Percival,63,0,0
Percival,79,0,0
Percival,22,63,0
Percival,59,2,2
Percival,49,89,0
Percival,48,53,0
Percival,18,0,0
Percival,34,98,0
Percival,19,99,0
Percival,61,0,0
Percival,32,93,0
Percival,4,0,0
Percival,41,0,0
Percival,43,54,23
Percival,15,70,0
Percival,21,65,20
Percival,26,79,14
Percival,24,45,16
Percival,43,97,0
Percival,37,59,1
Percival,14,7,0
Percival,90,33,0
Percival,59,45,0
Percival,22,0,0
Percival,51,64,9
Percival,68,28,0
Percival,53,49,0
Percival,48,0,0
Percival,65,0,0
Percival,40,36,0
Percival,43,0,0
Percival,56,0,0
Percival,1,0,0
Percival,70,4,0
Percival,30,20,0
Percival,21,0,0
Percival,82,60,0
Percival,18,66,0
Percival,75,67,0
Percival,1,0,0
Percival,88,38,24
Percival,21,72,7
Percival,26,82,0
Percival,87,0,0
Percival,24,0,0
Percival,25,71,0
Percival,60,58,0
Percival,23,79,0
Percival,90,0,0
Percival,100,98,0
Percival,37,20,19
Percival,57,0,0
Percival,73,71,0
Percival,34,33,33
Percival,7,98,5
Percival,88,0,0
Percival,35,55,0
Percival,58,71,41
Percival,41,71,33
Percival,62,75,0
Percival,23,83,17
Percival,35,93,32
Percival,41,64,0
Percival,39,0,0
Percival,65,62,0
Percival,19,32,0
Percival,67,95,0
Percival,86,0,0
Percival,56,37,0
Percival,33,17,0
Percival,54,76,0
Percival,72,0,0
Percival,60,1,0
Percival,38,71,0
Percival,35,0,0
Percival,70,88,0
Percival,33,52,0
Percival,57,15,0
Percival,89,0,0
Percival,89,1,1
Percival,8,77,0
Percival,89,82,28
Percival,64,75,17
Percival,85,0,0
Percival,39,83,0
Percival,18,36,17
Percival,12,42,0
Percival,27,84,0
Percival,4,87,0
Percival,1,8,1
Percival,22,26,0
Percival,99,11,0
Percival,7,13,0
Percival,39,0,0
Percival,55,34,8
Percival,63,94,0
Percival,12,33,4
Percival,61,23,0
Percival,31,14,0
Percival,78,9,0
Percival,71,39,2
Percival,14,46,0
Percival,51,2,0
Percival,20,49,16
Percival,81,18,16
Percival,77,0,0
Percival,28,0,0
Percival,21,2,0
Percival,19,7,0
Percival,22,35,0
Percival,19,0,0
Percival,83,0,0
Percival,78,0,0
Percival,32,0,0
Percival,53,43,29
Percival,47,0,0
Percival,73,0,0
Percival,10,85,9
Percival,20,29,0
Percival,79,42,0
Percival,21,83,0
Percival,86,93,0
Percival,25,58,23
Percival,45,40,0
Percival,59,39,0
Percival,51,78,0
Percival,89,8,7
Percival,78,0,0
Percival,33,16,16
Percival,7,27,0
Percival,40,48,0
Percival,82,65,56
Percival,7,77,1
Percival,30,62,0
Percival,65,0,0
Percival,7,31,0
Percival,74,14,11
Percival,22,85,0
Percival,93,0,0
Percival,79,90,50
Percival,11,0,0
Percival,90,68,0
Percival,6,44,5
Percival,25,0,0
Percival,8,81,0
Percival,57,0,0
Percival,30,0,0
Percival,68,0,0
Percival,8,0,0
Percival,43,0,0
Percival,13,51,8
Percival,46,99,0
Percival,82,0,0
Percival,45,49,40
Percival,51,63,19
Percival,67,29,0
Percival,100,0,0
Percival,58,91,0
Percival,58,0,0
Percival,11,96,5
Percival,41,0,0
Percival,97,0,0
Percival,30,48,4
Percival,72,36,0
Percival,56,0,0
Percival,93,4,0
Percival,65,21,0
Percival,20,80,0
Percival,32,0,0
Percival,15,0,0
Percival,14,0,0
Percival,78,52,0
Percival,9,24,2
Percival,58,22,14
Percival,72,60,0
Percival,44,0,0
Percival,10,0,0
Percival,31,0,0
Percival,55,36,29
Percival,13,45,0
Percival,36,0,0
Percival,52,61,0
Percival,59,79,0
Percival,49,91,0
Percival,2,30,0
Percival,98,0,0
Percival,98,83,72
Percival,59,0,0
Percival,51,0,0
Percival,90,65,0
Percival,74,0,0
Percival,18,30,4
Percival,60,82,8
Percival,30,0,0
Percival,79,0,0
Percival,88,79,0
Percival,100,35,27
Percival,26,54,6
Percival,49,96,16
Percival,10,27,0
Percival,24,95,0
Percival,59,0,0
Percival,83,70,0
Percival,43,93,0
Percival,84,0,0
Percival,8,13,0
Percival,42,50,0
Percival,19,18,0
Percival,67,10,0
Percival,61,22,0
Percival,24,99,0
Percival,3,13,3
Percival,46,24,0
Percival,4,74,4
Percival,96,30,5
Percival,20,0,0
Percival,16,0,0
Percival,47,64,12
Percival,6,0,0
Percival,14,0,0
Percival,23,96,0
Percival,17,45,0
Percival,75,0,0
Percival,57,79,0
Percival,90,10,0
Percival,66,0,0
Percival,30,0,0
Percival,64,56,0
Percival,59,83,0
Percival,43,63,0
Percival,80,0,0
Percival,27,0,0
Percival,55,0,0
Percival,92,65,0
Percival,31,44,31
Percival,46,0,0
Percival,3,0,0
Percival,20,51,0
Percival,89,64,0
Percival,46,0,0
Percival,88,0,0
Percival,97,77,63
Percival,97,94,0
Percival,69,64,32
Percival,1,0,0
Percival,55,0,0
Percival,27,13,0
Percival,59,31,0
Percival,68,87,65
Percival,2,67,0
Percival,43,70,5
Percival,14,29,0
Percival,34,24,0
Percival,97,49,0
Percival,26,43,16
Percival,92,53,0
Percival,51,0,0
Percival,99,81,43
Percival,70,14,3
Percival,5,48,0
Percival,59,73,37
Percival,11,33,0
Percival,51,73,0
Percival,11,0,0
Percival,94,87,0
Percival,70,22,0
Percival,22,29,12
Percival,28,62,0
Percival,88,0,0
Percival,29,8,0
Percival,53,4,0
Percival,75,68,4
Percival,18,36,0
Percival,49,63,23
Percival,61,97,45
Percival,38,0,0
Percival,84,0,0
Percival,19,19,0
Percival,56,4,0
Percival,32,84,23
Percival,50,88,0
Percival,74,78,0
Percival,36,79,0
Percival,88,24,0
Percival,55,0,0
Percival,77,80,75
Percival,93,72,18
Percival,59,66,43
Percival,61,0,0
Percival,36,99,0
Percival,67,0,0
Percival,47,17,0
Percival,70,59,41
Percival,79,77,0
Percival,99,53,49
Percival,23,0,0
Percival,58,82,0
Percival,96,24,4
Percival,19,0,0
Percival,66,0,0
Percival,27,39,10
Percival,95,65,0
Percival,80,86,18
Percival,49,37,0
Percival,38,68,0
Percival,7,0,0
Percival,5,0,0
Percival,67,0,0
Percival,42,57,5
Percival,67,27,0
Percival,15,0,0
Percival,5,98,1
Percival,62,0,0
Percival,83,67,0
Percival,27,60,0
Percival,16,0,0
Percival,97,0,0
Percival,49,82,0
Percival,51,0,0
Percival,44,48,0
Percival,80,77,0
Percival,40,27,0
Percival,67,55,0
Percival,94,43,22
Percival,52,0,0
Percival,78,0,0
Percival,41,87,0
Percival,22,83,0
Percival,74,14,4
Percival,71,0,0
Percival,41,0,0
Percival,2,0,0
Percival,14,57,0
Percival,53,65,32
Percival,3,67,0
Percival,98,50,12
Percival,12,0,0
Percival,58,60,4
Percival,10,53,5
Percival,40,6,3
Percival,70,0,0
Percival,59,0,0
Percival,67,28,25
Percival,13,56,0
Percival,79,48,0
Percival,66,31,2
Percival,38,37,9
Percival,10,25,4
Percival,31,0,0
Percival,75,50,0
Percival,52,0,0
Percival,9,18,0
Percival,75,0,0
Percival,79,53,37
Percival,22,58,0
Percival,96,50,0
Percival,2,80,0
Percival,99,50,0
Percival,44,0,0
Percival,51,57,0
Percival,68,61,11
Percival,17,64,0
Percival,97,97,0
Percival,54,68,0
Percival,73,0,0
Percival,37,34,0
Percival,41,18,0
Percival,53,83,24
Percival,78,0,0
Percival,58,0,0
Percival,50,38,0
Percival,57,27,17
Percival,76,0,0
Percival,23,74,22
Percival,63,18,4
Percival,86,65,0
Percival,70,14,0
Percival,88,0,0
Percival,4,64,0
Percival,88,0,0
Percival,5,30,0
Percival,29,60,0
Percival,20,59,0
Percival,61,78,22
Percival,51,99,1
Percival,17,37,0
Percival,40,7,6
Percival,12,0,0
Percival,33,22,0
Percival,84,66,0
Percival,14,56,0
Percival,48,0,0
Percival,88,0,0
Percival,38,62,0
Percival,60,96,0
Percival,84,12,0
Percival,53,0,0
Percival,88,63,0
Percival,55,0,0
Percival,75,99,18
Percival,77,0,0
Percival,39,83,29
Percival,95,0,0
Percival,4,1,1
Percival,66,9,0
Percival,49,44,17
Percival,53,0,0
Percival,97,51,0
Percival,71,0,0
Percival,72,0,0
Percival,23,7,0
Percival,91,0,0
Percival,72,0,0
Percival,14,27,0
Percival,84,18,9
Percival,78,0,0
Percival,8,0,0
Percival,34,70,0
Percival,53,0,0
Percival,55,5,0
Percival,97,0,0
Percival,77,0,0
Percival,100,0,0
Percival,8,96,0
Percival,92,68,0
Percival,100,83,28
Percival,31,0,0
Percival,33,30,12
Percival,19,83,0
Percival,97,76,12
Percival,39,69,0
Percival,34,7,4
Percival,62,86,50
Percival,68,63,0
Percival,17,86,10
Percival,2,39,0
Percival,73,34,1
Percival,96,0,0
Percival,12,81,8
Percival,60,65,59
Percival,65,73,47
Percival,37,97,32
Percival,22,15,0
Percival,37,76,5
Percival,21,35,1
Percival,6,75,5
Percival,72,100,0
Percival,48,6,4
Percival,29,76,1
Percival,7,11,5
Percival,63,64,0
Percival,90,79,44
Percival,99,65,0
Percival,44,47,0
Percival,40,3,2
Percival,78,32,0
Percival,100,49,18
Percival,76,0,0
Percival,22,0,0
Percival,21,64,0
Percival,43,73,21
Percival,66,0,0
Percival,7,35,4
Percival,4,0,0
Percival,45,0,0
Percival,57,73,50
Percival,53,32,0
Percival,60,10,0
Percival,43,0,0
Percival,16,0,0
Percival,29,32,0
Percival,78,97,37
Percival,62,13,7
Percival,9,10,0
Percival,38,6,2
Percival,88,0,0
Percival,63,96,11
Percival,32,0,0
Percival,61,40,36
Percival,75,0,0
Percival,73,80,0
Percival,58,63,48
Percival,47,61,46
Percival,92,40,0
Percival,25,84,0
Percival,44,67,25
Percival,17,91,2
Percival,39,11,0
Percival,10,96,3
Percival,44,64,24
Percival,61,0,0
Percival,44,99,0
Percival,33,52,0
Percival,36,71,0
Percival,80,21,0
Percival,76,0,0
Percival,21,53,21
Percival,46,0,0
Percival,50,0,0
Percival,20,0,0
Percival,82,0,0
Percival,23,0,0
Percival,55,64,11
Percival,50,0,0
Percival,61,62,0
Percival,32,84,0
Percival,66,5,4
Percival,53,2,2
Percival,91,100,0
Percival,52,18,7
Percival,63,23,0
Percival,82,16,0
Percival,4,86,2
Percival,62,65,0
Percival,38,76,0
Percival,5,52,0
Percival,90,99,0
Percival,76,82,0
Percival,89,90,0
Percival,22,67,0
Percival,13,51,2
Percival,88,2,0
Percival,18,59,1
Percival,6,75,0
Percival,29,0,0
Percival,86,62,55
Percival,20,68,0
Percival,50,64,9
Percival,97,53,0
Percival,60,0,0
Percival,10,30,0
Percival,39,27,18
Percival,37,0,0
Percival,93,60,0
Percival,52,3,2
Percival,15,53,0
Percival,55,0,0
Percival,65,0,0
Percival,37,96,0
Percival,49,0,0
Percival,70,78,56
Percival,9,89,2
Percival,24,0,0
Percival,83,24,0
Percival,40,35,0
Percival,59,21,1
Percival,6,51,0
Percival,89,0,0
Percival,7,19,0
Percival,3,67,2
Percival,73,0,0
Percival,35,80,0
Percival,83,0,0
Percival,36,11,0
Percival,1,39,1
Percival,17,26,0
Percival,64,45,0
Percival,67,55,44
Percival,2,46,1
Percival,21,73,1
Percival,6,0,0
Percival,47,51,0
Percival,16,5,0
Percival,18,96,4
Percival,73,77,66
Percival,56,0,0
Percival,39,0,0
Percival,93,34,34
Percival,52,0,0
Percival,100,0,0
Percival,83,24,0
Percival,37,68,0
Percival,66,0,0
Percival,43,46,31
Percival,5,46,1
Percival,33,0,0
Percival,57,81,0
Percival,37,15,4
Percival,83,94,0
Percival,64,0,0
Percival,86,0,0
Percival,78,65,0
Percival,75,54,15
Percival,48,47,21
Percival,44,49,21
Percival,60,35,0
Percival,88,16,5
Percival,99,28,0
Percival,64,38,38
Percival,73,62,25
Percival,69,0,0
Percival,71,95,0
Percival,18,7,0
Percival,49,4,0
Percival,40,0,0
Percival,86,41,0
Percival,54,76,27
Percival,65,10,0
Percival,73,0,0
Percival,65,32,21
Percival,56,66,0
Percival,13,99,3
Percival,29,92,7
Percival,72,78,0
Percival,21,94,0
Percival,98,85,0
Percival,73,84,0
Percival,50,0,0
Percival,98,2,0
Percival,66,18,2
Percival,57,89,0
Percival,43,64,0
Percival,58,58,0
Percival,12,0,0
Percival,73,24,22
Percival,98,42,0
Percival,93,0,0
Percival,69,60,51
Percival,76,18,0
Percival,82,62,0
Percival,80,64,0
Percival,40,49,0
Percival,77,45,0
Percival,78,0,0
Percival,66,36,0
Percival,46,38,0
Percival,82,48,0
Percival,47,15,0
Percival,99,0,0
Percival,45,85,16
Percival,58,76,41
Percival,39,0,0
Percival,28,0,0
Percival,81,23,11
Percival,72,66,0
Percival,63,1,0
Percival,43,83,0
Percival,83,0,0
Percival,51,22,18
Percival,48,54,0
Percival,48,0,0
Percival,65,0,0
Percival,8,74,0
Percival,67,8,8
Percival,53,0,0
Percival,79,74,0
Percival,59,85,57
Percival,50,0,0
Percival,14,75,0
Percival,75,0,0
Percival,51,76,0
Percival,56,0,0
Percival,35,0,0
Percival,71,90,0
Percival,31,21,21
Percival,46,71,0
Percival,23,0,0
Percival,77,0,0
Percival,85,0,0
Percival,56,0,0
Percival,17,40,0
Percival,85,0,0
Percival,16,99,13
Percival,30,13,6
Percival,65,0,0
Percival,63,0,0
Percival,100,47,0
Percival,26,71,5
Percival,72,18,0
Percival,82,0,0
Percival,86,0,0
Percival,32,82,0
Percival,14,5,0
Percival,59,69,0
Percival,60,2,1
Percival,57,0,0
Percival,94,40,20
Percival,48,73,0
Percival,78,37,0
Percival,95,58,0
Percival,92,50,0
Percival,68,74,0
Percival,25,64,0
Percival,70,72,41
Percival,41,0,0
Percival,100,27,4
Percival,91,96,70
Percival,89,62,48
Percival,33,0,0
Percival,75,0,0
Percival,12,0,0
Percival,9,5,5
Percival,50,0,0
Percival,44,32,0
Percival,91,0,0
Percival,69,93,0
Percival,15,68,15
Percival,98,0,0
Percival,94,0,0
Percival,89,41,10
Percival,23,27,0
Percival,7,0,0
Percival,56,0,0
Percival,65,75,35
Percival,51,26,25
Percival,75,45,0
Percival,82,91,64
Percival,14,32,1
Percival,5,64,5
Percival,22,0,0
Percival,83,69,37
Percival,40,0,0
Percival,21,0,0
Percival,55,0,0
Percival,26,0,0
Percival,57,65,0
Percival,79,69,6
Percival,94,25,0
Percival,93,33,0
Percival,21,0,0
Percival,11,8,0
Percival,82,2,0
Percival,14,42,0
Percival,8,0,0
Percival,3,0,0
Percival,9,76,9
Percival,83,0,0
Percival,72,50,0
Percival,46,4,0
Percival,41,28,24
Percival,48,63,24
Percival,90,0,0
Percival,37,72,0
Percival,86,0,0
Percival,100,0,0
Percival,64,77,0
Percival,72,46,0
Percival,90,0,0
Percival,17,0,0
Percival,44,0,0
Percival,54,83,28
Percival,23,0,0
Percival,92,35,0
Percival,24,94,0
Percival,96,23,2
Percival,85,53,39
Percival,38,25,12
Percival,82,33,0
Percival,63,0,0
Percival,54,0,0
Percival,74,0,0
Percival,21,0,0
Percival,77,8,0
Percival,7,80,0
Percival,20,73,0
Percival,70,0,0
Percival,84,74,0
Percival,47,81,0
Percival,53,21,0
Percival,27,95,0
Percival,41,20,0
Percival,91,21,0
Percival,60,33,9
Percival,16,0,0
Percival,2,2,1
Percival,44,81,0
Percival,45,0,0
Percival,34,37,26
Percival,49,31,0
Percival,25,98,19
Percival,37,54,8
Percival,45,92,0
Percival,21,67,0
Percival,49,25,0
Percival,1,89,0
Percival,54,34,31
Percival,87,46,41
Percival,73,75,36
Percival,67,18,0
Percival,22,0,0
Percival,94,40,27
Percival,25,49,19
Percival,63,74,0
Percival,38,48,0
Percival,57,94,0
Percival,33,2,0
Percival,38,57,31
Percival,78,0,0
Percival,43,0,0
Percival,8,3,0
Percival,14,60,0
Percival,32,13,0
Percival,3,57,1
Percival,6,91,0
Percival,71,92,0
Percival,50,17,17
Percival,72,29,0
Percival,53,96,0
Percival,48,42,0
Percival,29,0,0
Percival,85,0,0
Percival,24,45,0
Percival,87,2,1
Percival,50,33,0
Percival,57,0,0
Percival,31,60,18
Percival,13,32,9
Percival,43,0,0
Percival,63,50,14
Percival,92,96,0
Percival,52,0,0
Percival,17,13,6
Percival,53,0,0
Percival,51,34,11
Percival,68,61,0
Percival,73,0,0
Percival,93,57,5
Percival,70,67,0
Percival,16,94,2
Percival,11,14,0
Percival,59,54,16
Percival,22,38,0
Percival,76,0,0
Percival,4,38,0
Percival,31,0,0
Percival,16,82,4
Percival,28,0,0
Percival,13,0,0
Percival,31,100,21
Percival,94,0,0
Percival,43,0,0
Percival,33,0,0
Percival,96,6,0
Percival,67,63,54
Percival,63,91,0
Percival,69,86,0
Percival,4,3,0
Percival,81,70,0
Percival,42,16,3
Percival,75,45,29
Percival,27,0,0
Percival,64,0,0
Percival,92,83,69
Percival,35,13,10
Percival,35,85,0
Percival,52,63,0
Percival,13,45,8
Percival,61,28,2
Percival,56,0,0
Percival,17,18,7
Percival,80,4,0
Percival,68,9,0
Percival,7,79,5
Percival,57,97,5
Percival,58,48,0
Percival,17,57,2
Percival,31,81,0
Percival,13,0,0
Percival,54,0,0
Percival,80,69,13
Percival,44,0,0
Percival,100,98,37
Percival,29,60,0
Percival,66,4,0
Percival,85,0,0
Percival,50,79,19
Percival,65,4,0
Percival,44,86,18
Percival,43,0,0
Percival,65,96,45
Percival,93,76,8
Percival,74,14,0
Percival,62,56,0
Percival,6,2,0
Percival,86,81,0
Percival,43,0,0
Percival,5,82,0
Percival,2,54,0
Percival,44,99,0
Percival,27,64,18
Percival,52,55,14
Percival,3,76,0
Percival,48,0,0
Percival,85,75,0
Percival,42,0,0
Percival,42,98,16
Percival,67,70,15
Percival,54,0,0
Percival,94,86,0
Percival,72,0,0
Percival,21,30,2
Percival,87,10,0
Percival,63,0,0
Percival,61,30,0
Percival,82,34,17
Percival,23,14,6
Percival,10,15,0
Percival,86,86,27
Percival,56,0,0
Percival,39,0,0
Percival,11,67,0
Percival,13,94,0
Percival,14,33,11
Percival,42,0,0
Percival,23,0,0
Percival,36,79,0
Percival,1,88,0
Percival,20,92,5
Percival,71,100,54
Percival,60,0,0
Percival,80,0,0
Percival,50,73,10
Percival,17,71,12
Percival,31,45,0
Percival,75,71,0
Percival,68,0,0
Percival,30,53,0
Percival,25,0,0
Percival,99,30,0
Percival,79,86,34
Percival,96,98,0
Percival,68,93,0
Percival,64,18,0
Percival,67,9,2
Percival,60,0,0
Percival,37,28,19
Percival,18,94,0
Percival,7,67,2
Percival,84,24,0
Percival,48,0,0
Percival,63,34,9
Percival,87,35,0
Percival,78,48,0
Percival,14,26,5
Percival,52,68,33
Percival,82,35,0
Percival,50,43,5
Percival,32,72,0
Percival,6,41,5
Percival,75,0,0
Percival,37,76,0
Percival,42,90,32
Percival,90,81,0
Percival,59,0,0
Percival,2,0,0
Percival,66,8,0
Percival,69,24,0
Percival,89,0,0
Percival,94,3,3
Percival,31,0,0
Percival,45,83,41
Percival,8,30,0
Percival,68,0,0
Percival,59,9,0
Percival,66,35,5
Percival,45,93,14
Percival,2,0,0
Percival,91,48,0
Percival,90,49,26
Percival,77,13,0
Percival,59,15,9
Percival,86,12,0
Percival,1,37,0
Percival,93,78,76
Percival,93,15,0
Percival,9,50,0
Percival,55,0,0
Percival,20,86,0
Percival,39,71,17
Percival,71,0,0
Percival,59,63,52
Percival,87,0,0
Percival,97,0,0
Percival,62,0,0
Percival,23,38,0
Percival,38,0,0
Percival,17,46,7
Percival,12,0,0
Percival,57,21,7
Percival,53,42,0
Percival,89,0,0
Percival,7,90,7
Percival,30,14,0
Percival,22,85,16
Percival,59,14,1
Percival,91,0,0
Percival,46,9,6
Percival,28,21,17
Percival,17,21,0
Percival,12,51,0
Percival,72,85,0
Percival,1,30,0
Percival,15,51,0
Percival,72,47,46
Percival,79,0,0
Percival,12,68,0
Percival,90,0,0
Percival,93,22,22
Percival,77,0,0
Percival,12,74,7
Percival,84,79,0
Percival,32,11,1
Percival,59,0,0
Percival,8,99,5
Percival,97,29,0
Percival,48,39,0
Percival,7,0,0
Percival,83,0,0
Percival,61,100,0
Percival,32,0,0
Percival,40,66,38
Percival,78,67,0
Percival,46,53,0
Percival,68,80,2
Percival,7,82,0
Percival,90,0,0
Percival,64,0,0
Percival,55,0,0
Percival,12,72,0
Percival,91,62,0
Percival,95,0,0
Percival,27,17,6
Percival,52,44,0
Percival,66,0,0
Percival,7,42,3
Percival,48,20,0
Percival,60,12,0
Percival,27,85,1
Percival,11,17,9
Percival,33,1,0
Percival,72,82,0
Percival,52,46,21
Percival,12,0,0
Percival,76,2,0
Percival,71,56,0
Percival,70,85,28
Percival,27,42,24
Percival,86,88,0
Percival,12,91,0
Percival,36,0,0
Percival,38,0,0
Percival,81,20,0
Percival,58,91,0
Percival,73,19,0
Percival,9,12,0
Percival,52,83,46
Percival,89,45,27
Percival,83,84,22
Percival,76,39,0
Percival,19,63,14
Percival,62,17,0
Percival,41,0,0
Percival,22,0,0
Percival,17,0,0
Percival,2,47,0
Percival,74,43,9
Percival,27,36,0
Percival,30,9,0
Percival,77,0,0
Percival,8,69,0
Percival,15,94,0
Percival,100,12,0
Percival,66,21,3
Percival,20,77,0
Percival,30,12,0
Percival,84,80,0
Percival,23,71,0
Percival,75,0,0
Percival,35,9,9
Percival,64,98,27
Percival,87,25,0
Percival,33,43,3
Percival,48,74,0
Percival,56,0,0
Percival,53,0,0
Percival,33,87,11
Percival,87,43,0
Percival,55,27,3
Percival,45,0,0
Percival,79,79,0
Percival,15,0,0
Percival,93,97,8
Percival,71,0,0
Percival,11,75,0
Percival,88,62,34
Percival,42,52,32
Percival,47,94,13
Percival,34,0,0
Percival,72,71,0
Percival,80,6,1
Percival,47,4,0
Percival,21,35,0
Percival,48,0,0
Percival,36,56,0
Percival,10,82,0
Percival,75,85,0
Percival,86,0,0
Percival,83,49,0
Percival,100,99,2
Percival,25,54,18
Percival,4,11,2
Percival,52,0,0
Percival,92,0,0
Percival,34,0,0
Percival,96,6,6
Percival,27,69,7
Percival,83,27,25
Percival,16,0,0
Percival,6,0,0
Percival,52,0,0
Percival,65,75,0
Percival,18,82,7
Percival,31,0,0
Percival,24,96,0
Percival,51,0,0
Percival,47,35,0
Percival,45,0,0
Percival,79,0,0
Percival,88,0,0
Percival,17,83,8
Percival,37,72,0
Percival,16,88,0
Percival,76,75,3
Percival,80,82,63
Percival,56,10,9
Percival,22,39,0
Percival,100,81,0
Percival,23,0,0
Percival,65,0,0
Percival,17,17,0
Percival,27,0,0
Percival,21,51,13
Percival,68,59,0
Percival,90,74,36
Percival,14,0,0
Percival,18,0,0
Percival,58,53,0
Percival,67,10,7
Percival,81,99,0
Percival,83,59,0
Percival,78,84,0
Percival,81,7,0
Percival,55,0,0
Percival,3,0,0
Percival,1,75,1
Percival,38,77,35
Percival,59,18,14
Percival,72,46,0
Percival,24,0,0
Percival,11,8,8
Percival,48,17,7
Percival,98,35,14
Percival,63,28,0
Percival,30,94,17
Percival,34,18,8
Percival,81,41,0
Percival,78,0,0
Percival,8,70,0
Percival,49,67,0
Percival,35,64,0
Percival,32,71,31
Percival,31,9,0
Percival,43,85,23
Percival,81,15,6
Percival,74,35,25
Percival,39,76,0
Percival,98,14,7
Percival,37,0,0
Percival,40,0,0
Percival,8,29,0
Percival,59,44,0
Percival,12,0,0
Percival,78,44,39
Percival,38,0,0
Percival,38,0,0
Percival,36,63,0
Percival,70,0,0
Percival,24,84,0
Percival,87,0,0
Percival,80,0,0
Percival,83,0,0
Percival,56,65,0
Percival,1,44,1
Percival,22,23,0
Percival,49,66,0
Percival,96,44,0
Percival,23,44,0
Percival,18,15,14
Percival,42,0,0
Percival,13,0,0
Percival,93,9,0
Percival,76,17,0
Percival,63,78,52
Percival,56,0,0
Percival,42,72,0
Percival,10,49,0
Percival,9,12,0
Percival,83,17,9
Percival,15,80,9
Percival,95,29,20
Percival,17,0,0
Percival,2,40,2
Percival,5,0,0
Percival,18,43,0
Percival,85,98,64
Percival,1,82,1
Percival,9,3,3
Percival,8,0,0
Percival,36,29,0
Percival,68,0,0
Percival,41,87,16
Percival,92,9,0
Percival,38,71,0
Percival,48,0,0
Percival,22,64,5
Percival,11,0,0
Percival,71,20,0
Percival,81,10,0
Percival,74,0,0
Percival,56,0,0
Percival,13,47,0
Percival,59,92,0
Percival,72,36,0
Percival,64,0,0
Percival,96,0,0
Percival,38,0,0
Percival,19,94,0
Percival,3,0,0
Percival,81,80,41
Percival,98,55,49
Percival,82,51,37
Percival,24,6,0
Percival,98,0,0
Percival,53,53,10
Percival,80,11,0
Percival,24,22,19
Percival,47,35,0
Percival,44,0,0
Percival,71,16,15
Percival,96,89,0
Percival,56,9,1
Percival,44,95,0
Percival,83,0,0
Percival,86,24,0
Percival,33,79,0
Percival,14,39,0
Percival,55,15,10
Percival,44,0,0
Percival,53,28,0
Percival,61,0,0
Percival,94,92,0
Percival,19,37,4
Percival,23,19,17
Percival,72,0,0
Percival,24,41,21
Percival,3,51,0
Percival,51,0,0
Percival,97,34,0
Percival,63,85,0
Percival,88,22,10
Percival,24,1,0
Percival,74,68,0
Percival,98,10,0
Percival,29,0,0
Percival,92,77,0
Percival,47,31,10
Percival,65,87,0
Percival,5,93,3
Percival,29,0,0
Percival,77,78,0
Percival,20,2,1
Percival,13,71,10
Percival,53,0,0
Percival,83,0,0
Percival,80,0,0
Percival,53,83,0
Percival,89,0,0
Percival,99,16,2
Percival,60,0,0
Percival,61,0,0
Percival,1,29,1
Percival,33,26,0
Percival,37,74,0
Percival,65,0,0
Percival,2,71,0
Percival,47,4,0
Percival,89,0,0
Percival,10,100,0
Percival,74,0,0
Percival,96,2,1
Percival,56,0,0
Percival,61,0,0
Percival,48,67,48
Percival,67,91,0
Percival,45,4,0
Percival,82,0,0
Percival,78,30,15
Percival,9,92,8
Percival,11,11,7
Percival,25,0,0
Percival,84,51,0
Percival,7,0,0
Percival,98,0,0
Percival,76,49,40
Percival,31,95,6
Percival,80,18,9
Percival,75,73,0
Percival,81,0,0
Percival,28,55,0
Percival,59,22,0
Percival,25,98,7
Percival,2,33,2
Percival,47,10,0
Percival,22,23,0
Percival,99,0,0
Percival,52,64,0
Percival,82,0,0
Percival,89,69,0
Percival,45,29,22
Percival,92,78,38
Percival,75,0,0
Percival,99,65,0
Percival,57,14,0
Percival,30,78,0
Percival,47,36,0
Percival,70,64,26
Percival,92,0,0
Percival,48,30,22
Percival,55,0,0
Percival,51,28,0
Percival,98,0,0
Percival,91,54,0
Percival,28,66,0
Percival,79,75,21
Percival,22,25,5
Percival,98,15,0
Percival,96,11,5
Percival,62,0,0
Percival,63,0,0
Percival,60,0,0
Percival,9,22,0
Percival,28,56,12
Percival,18,51,2
Percival,73,0,0
Percival,36,70,0
Percival,59,95,0
Percival,56,51,0
Percival,90,97,67
Percival,70,15,0
Percival,93,0,0
Percival,3,0,0
Percival,67,47,0
Percival,33,88,15
Percival,11,0,0
Percival,71,2,0
Percival,74,6,5
Percival,19,80,12
Percival,10,0,0
Percival,74,14,0
Percival,25,84,0
Percival,29,37,0
Percival,89,97,50
Percival,40,90,25
Percival,34,51,12
Percival,2,0,0
Percival,36,0,0
Percival,52,90,51
Percival,74,0,0
Percival,88,0,0
Percival,47,0,0
Percival,41,0,0
Percival,84,0,0
Percival,76,67,0
Percival,25,59,17
Percival,68,0,0
Percival,55,21,0
Percival,48,0,0
Percival,81,74,6
Percival,98,0,0
Percival,83,0,0
Percival,22,77,21
Percival,86,84,0
Percival,14,70,0
Percival,82,90,0
Percival,48,74,34
Percival,45,47,7
Percival,57,0,0
Percival,90,0,0
Percival,91,12,0
Percival,64,4,0
Percival,28,82,0
Percival,97,99,0
Percival,50,61,0
Percival,49,36,0
Percival,71,0,0
Percival,14,0,0
Percival,95,26,18
Percival,51,46,0
Percival,7,5,0
Percival,80,72,0
Percival,9,0,0
Percival,78,100,0
Percival,82,82,3
Percival,89,36,21
Percival,28,0,0
Percival,93,24,0
Percival,39,0,0
Percival,32,0,0
Percival,54,10,1
Percival,6,11,5
Percival,9,16,8
Percival,45,0,0
Percival,52,0,0
Percival,54,0,0
Percival,16,9,1
Percival,21,0,0
Percival,77,89,0
Percival,100,0,0
Percival,33,0,0
Percival,34,0,0
Percival,55,16,0
Percival,28,71,13
Percival,58,22,9
Percival,7,0,0
Percival,97,0,0
Percival,77,11,2
Percival,38,72,0
Percival,100,0,0
Percival,70,0,0
Percival,13,0,0
Percival,94,0,0
Percival,98,55,0
Percival,71,11,0
Percival,39,4,0
Percival,43,89,0
Percival,57,63,21
Percival,4,0,0
Percival,80,0,0
Percival,62,0,0
Percival,8,0,0
Percival,31,0,0
Percival,84,0,0
Percival,78,0,0
Percival,45,45,0
Percival,29,56,0
Percival,50,15,0
Percival,10,61,4
Percival,40,0,0
Percival,35,37,29
Percival,2,6,0
Percival,38,5,5
Percival,88,5,0
Percival,25,46,0
Percival,28,62,1
Percival,15,0,0
Percival,76,27,4
Percival,36,93,0
Percival,66,0,0
Percival,91,0,0
Percival,75,59,0
Percival,74,0,0
Percival,27,86,17
Percival,25,62,13
Percival,8,6,5
Percival,57,76,25
Percival,98,99,0
Percival,36,78,0
Percival,13,0,0
Percival,25,43,0
Percival,20,64,3
Percival,33,56,0
Percival,76,54,38
Percival,5,40,0
Percival,88,0,0
Percival,66,0,0
Percival,43,22,0
Percival,45,22,0
Percival,58,0,0
Percival,81,75,0
Percival,1,84,0
Percival,70,95,0
Percival,39,43,38
Percival,40,67,36
Percival,58,0,0
Percival,56,64,0
Percival,34,57,0
Percival,63,47,0
Percival,67,0,0
Percival,75,0,0
Percival,29,58,5
Percival,96,48,45
Percival,46,0,0
Percival,13,73,0
Percival,28,8,0
Percival,100,0,0
Percival,17,19,4
Percival,19,32,0
Percival,98,30,0
Percival,56,13,0
Percival,94,72,0
Percival,12,0,0
Percival,17,40,0
Percival,78,22,8
Percival,68,31,0
Percival,19,16,0
Percival,68,31,26
Percival,26,76,0
Percival,57,1,0
Percival,3,76,0
Percival,22,84,0
Percival,35,59,0
Percival,53,46,5
Percival,29,35,0
Percival,43,0,0
Percival,26,61,0
Percival,61,66,0
Percival,12,0,0
Percival,57,0,0
Percival,63,55,29
Percival,73,62,55
Percival,98,48,12
Percival,77,44,3
Percival,99,70,47
Percival,2,29,2
Percival,84,53,20
Percival,31,24,0
Percival,65,70,55
Percival,64,59,34
Percival,55,2,2
Percival,83,0,0
Percival,49,0,0
Percival,67,28,0
Percival,98,39,0
Percival,16,22,0
Percival,25,39,9
Percival,58,70,41
Percival,34,87,17
Percival,79,0,0
Percival,22,83,18
Percival,63,0,0
Percival,98,98,0
Percival,82,79,0
Percival,39,0,0
Percival,35,91,0
Percival,29,34,0
Percival,41,11,0
Percival,42,0,0
Percival,21,97,21
Percival,47,76,0
Percival,79,38,0
Percival,10,85,5
Percival,4,79,4
Percival,13,76,0
Percival,94,0,0
Percival,48,0,0
Percival,10,77,0
Percival,51,0,0
Percival,69,0,0
Percival,49,0,0
Percival,8,58,0
Percival,33,0,0
Percival,82,19,0
Percival,39,59,0
Percival,80,0,0
Percival,80,40,0
Percival,43,35,0
Percival,54,0,0
Percival,50,83,44
Percival,12,38,0
Percival,100,0,0
Percival,48,87,7
Percival,62,45,28
Percival,78,58,0
Percival,69,0,0
Percival,43,7,6
Percival,13,0,0
Percival,95,39,3
Percival,38,82,19
Percival,5,14,0
Percival,37,0,0
Percival,72,12,0
Percival,11,75,8
Percival,28,66,0
Percival,96,0,0
Percival,51,0,0
Percival,70,96,66
Percival,2,3,1
Percival,59,91,19
Percival,56,89,52
Percival,88,73,0
Percival,59,64,0
Percival,29,0,0
Percival,76,27,11
Percival,52,14,12
Percival,8,64,0
Percival,88,0,0
Percival,50,0,0
Percival,31,44,0
Percival,39,31,0
Percival,74,62,0
Percival,31,100,9
Percival,85,99,1
Percival,57,0,0
Percival,8,81,2
Percival,76,45,0
Percival,18,92,1
Percival,12,81,2
Percival,14,27,0
Percival,42,19,17
Percival,19,32,0
Percival,90,28,9
Percival,57,0,0
Percival,80,97,52
Percival,96,0,0
Percival,61,20,0
Percival,61,82,61
Percival,3,0,0
Percival,11,0,0
Percival,57,2,0
Percival,49,98,0
Percival,2,26,0
Percival,35,95,25
Percival,82,47,0
Percival,6,83,0
Percival,73,0,0
Percival,93,46,34
Percival,34,0,0
Percival,68,3,2
Percival,84,77,46
Percival,15,93,0
Percival,44,91,5
Percival,66,0,0
Percival,53,17,0
Percival,81,97,21
Percival,64,0,0
Percival,17,60,0
Percival,48,0,0
Percival,89,93,73
Percival,17,0,0
Percival,16,0,0
Percival,59,33,4
Percival,68,0,0
Percival,43,24,0
Percival,27,0,0
Percival,32,0,0
Percival,27,79,0
Percival,86,64,13
Percival,42,0,0
Percival,58,95,57
Percival,35,0,0
Percival,47,53,0
Percival,40,70,0
Percival,9,74,0
Percival,57,90,30
Percival,69,0,0
Percival,71,95,0
Percival,79,90,76
Percival,7,0,0
Percival,85,95,0
Percival,75,0,0
Percival,1,83,0
Percival,53,7,6
Percival,71,59,22
Percival,100,59,51
Percival,81,93,1
Percival,4,6,0
Percival,17,0,0
Percival,4,34,0
Percival,46,4,4
Percival,71,59,51
Percival,71,75,0
Percival,51,26,19
Percival,43,6,6
Percival,6,0,0
Percival,24,79,0
Percival,75,51,0
Percival,54,0,0
Percival,4,10,0
Percival,79,0,0
Percival,66,0,0
Percival,65,0,0
Percival,63,87,29
Percival,35,6,6
Percival,67,78,0
Percival,97,0,0
Percival,45,0,0
Percival,7,0,0
Percival,10,79,0
Percival,75,37,0
Percival,68,16,0
