Farmer_Name,Dimension 1,Dimension 2,Dimension 3
PERCIVAL,55,53,0
PERCIVAL,86,18,0
PERCIVAL,25,0,0
PERCIVAL,96,50,0
PERCIVAL,61,0,0
PERCIVAL,74,73,0
PERCIVAL,73,52,0
PERCIVAL,12,64,0
PERCIVAL,3,0,0
PERCIVAL,62,0,0
PERCIVAL,40,0,0
PERCIVAL,95,15,0
PERCIVAL,91,44,0
PERCIVAL,47,100,8
PERCIVAL,40,0,0
PERCIVAL,15,0,0
PERCIVAL,58,10,4
PERCIVAL,17,0,0
PERCIVAL,45,90,7
PERCIVAL,45,76,36
PERCIVAL,32,17,0
PERCIVAL,52,0,0
PERCIVAL,65,70,0
PERCIVAL,92,0,0
PERCIVAL,17,0,0
PERCIVAL,46,0,0
PERCIVAL,6,54,0
PERCIVAL,8,0,0
PERCIVAL,30,0,0
PERCIVAL,11,0,0
PERCIVAL,83,0,0
PERCIVAL,48,40,24
PERCIVAL,32,0,0
PERCIVAL,5,0,0
PERCIVAL,78,71,0
PERCIVAL,43,42,31
PERCIVAL,53,50,0
PERCIVAL,33,50,0
PERCIVAL,40,19,0
PERCIVAL,54,28,0
PERCIVAL,2,44,1
PERCIVAL,42,97,42
PERCIVAL,21,0,0
PERCIVAL,14,69,2
PERCIVAL,59,12,7
PERCIVAL,36,0,0
PERCIVAL,5,81,3
PERCIVAL,38,0,0
PERCIVAL,84,0,0
PERCIVAL,60,0,0
PERCIVAL,93,28,6
PERCIVAL,26,60,9
PERCIVAL,59,95,0
PERCIVAL,26,26,0
PERCIVAL,67,13,0
PERCIVAL,42,46,0
PERCIVAL,92,8,0
PERCIVAL,78,0,0
PERCIVAL,38,0,0
PERCIVAL,9,1,0
PERCIVAL,75,0,0
PERCIVAL,46,91,32
PERCIVAL,33,0,0
PERCIVAL,93,58,40
PERCIVAL,36,0,0
PERCIVAL,87,21,0
PERCIVAL,70,85,16
PERCIVAL,48,0,0
PERCIVAL,36,55,15
PERCIVAL,47,0,0
PERCIVAL,41,52,39
PERCIVAL,64,97,0
PERCIVAL,12,0,0
PERCIVAL,2,0,0
PERCIVAL,23,0,0
PERCIVAL,64,8,0
PERCIVAL,48,74,0
PERCIVAL,91,89,22
PERCIVAL,29,0,0
PERCIVAL,58,27,10
PERCIVAL,78,0,0
PERCIVAL,53,52,6
PERCIVAL,82,0,0
PERCIVAL,85,13,6
PERCIVAL,67,0,0
PERCIVAL,28,5,0
PERCIVAL,69,50,0
PERCIVAL,32,78,21
PERCIVAL,10,0,0
PERCIVAL,72,79,66
PERCIVAL,37,14,0
PERCIVAL,68,0,0
PERCIVAL,61,75,0
PERCIVAL,48,0,0
PERCIVAL,87,65,0
PERCIVAL,24,44,4
PERCIVAL,78,29,8
PERCIVAL,47,16,16
PERCIVAL,92,98,0
PERCIVAL,8,85,2
PERCIVAL,86,0,0
PERCIVAL,40,57,0
PERCIVAL,9,88,0
PERCIVAL,83,22,0
PERCIVAL,41,21,3
PERCIVAL,2,96,0
PERCIVAL,3,90,1
PERCIVAL,1,37,1
PERCIVAL,67,88,0
PERCIVAL,43,0,0
PERCIVAL,33,51,0
PERCIVAL,16,76,16
PERCIVAL,2,91,0
PERCIVAL,28,85,2
PERCIVAL,7,0,0
PERCIVAL,69,0,0
PERCIVAL,98,44,0
PERCIVAL,68,12,0
PERCIVAL,99,59,17
PERCIVAL,66,0,0
PERCIVAL,44,33,0
PERCIVAL,99,65,8
PERCIVAL,53,9,0
PERCIVAL,65,94,0
PERCIVAL,21,0,0
PERCIVAL,17,0,0
PERCIVAL,51,44,0
PERCIVAL,97,0,0
PERCIVAL,71,0,0
PERCIVAL,81,0,0
PERCIVAL,21,24,0
PERCIVAL,21,0,0
PERCIVAL,71,0,0
PERCIVAL,44,0,0
PERCIVAL,34,82,0
PERCIVAL,32,37,19
PERCIVAL,67,80,39
PERCIVAL,98,68,31
PERCIVAL,74,56,15
PERCIVAL,18,0,0
PERCIVAL,76,20,19
PERCIVAL,50,0,0
PERCIVAL,56,0,0
PERCIVAL,75,1,1
PERCIVAL,20,25,0
PERCIVAL,29,53,9
PERCIVAL,41,18,7
PERCIVAL,22,39,13
PERCIVAL,49,75,41
PERCIVAL,84,0,0
PERCIVAL,3,9,0
PERCIVAL,59,49,42
PERCIVAL,25,45,0
PERCIVAL,52,5,2
PERCIVAL,30,2,1
PERCIVAL,21,83,0
PERCIVAL,14,35,14
PERCIVAL,23,23,0
PERCIVAL,77,36,0
PERCIVAL,66,18,0
PERCIVAL,77,86,0
PERCIVAL,6,27,3
PERCIVAL,44,26,17
PERCIVAL,100,19,8
PERCIVAL,70,77,0
PERCIVAL,61,0,0
PERCIVAL,54,44,0
PERCIVAL,76,2,0
PERCIVAL,76,37,26
PERCIVAL,26,100,26
PERCIVAL,24,29,0
PERCIVAL,58,54,0
PERCIVAL,83,0,0
PERCIVAL,82,39,0
PERCIVAL,15,87,1
PERCIVAL,34,0,0
PERCIVAL,32,80,8
PERCIVAL,55,0,0
PERCIVAL,35,23,0
PERCIVAL,87,10,0
PERCIVAL,93,0,0
PERCIVAL,22,0,0
PERCIVAL,91,12,9
PERCIVAL,75,61,37
PERCIVAL,85,26,10
PERCIVAL,39,0,0
PERCIVAL,37,34,0
PERCIVAL,48,0,0
PERCIVAL,6,4,1
PERCIVAL,58,40,0
PERCIVAL,70,34,0
PERCIVAL,14,70,2
PERCIVAL,13,84,12
PERCIVAL,68,16,0
PERCIVAL,1,80,0
PERCIVAL,14,0,0
PERCIVAL,65,67,50
PERCIVAL,47,51,3
PERCIVAL,72,24,0
PERCIVAL,9,0,0
PERCIVAL,4,69,2
PERCIVAL,55,48,0
PERCIVAL,41,59,15
PERCIVAL,80,65,42
PERCIVAL,72,39,21
PERCIVAL,46,76,0
PERCIVAL,35,0,0
PERCIVAL,57,77,32
PERCIVAL,18,99,0
PERCIVAL,12,0,0
PERCIVAL,35,73,0
PERCIVAL,1,7,1
PERCIVAL,31,58,18
PERCIVAL,23,0,0
PERCIVAL,67,82,46
PERCIVAL,64,0,0
PERCIVAL,89,89,68
PERCIVAL,58,43,27
PERCIVAL,23,23,8
PERCIVAL,21,43,0
PERCIVAL,31,72,0
PERCIVAL,77,27,0
PERCIVAL,17,0,0
PERCIVAL,94,93,0
PERCIVAL,86,80,24
PERCIVAL,89,90,11
PERCIVAL,41,40,0
PERCIVAL,51,7,0
PERCIVAL,24,47,0
PERCIVAL,50,0,0
PERCIVAL,96,0,0
PERCIVAL,2,0,0
PERCIVAL,32,0,0
PERCIVAL,95,14,14
PERCIVAL,87,42,26
PERCIVAL,40,60,0
PERCIVAL,84,14,0
PERCIVAL,88,26,1
PERCIVAL,25,6,0
PERCIVAL,13,13,0
PERCIVAL,40,91,0
PERCIVAL,82,0,0
PERCIVAL,77,76,74
PERCIVAL,40,36,0
PERCIVAL,1,6,0
PERCIVAL,89,0,0
PERCIVAL,35,63,0
PERCIVAL,36,27,0
PERCIVAL,15,47,0
PERCIVAL,29,0,0
PERCIVAL,57,12,0
PERCIVAL,98,46,17
PERCIVAL,49,78,0
PERCIVAL,82,55,0
PERCIVAL,28,12,0
PERCIVAL,58,24,0
PERCIVAL,41,0,0
PERCIVAL,40,82,0
PERCIVAL,90,38,0
PERCIVAL,84,33,0
PERCIVAL,79,90,0
PERCIVAL,63,73,29
PERCIVAL,87,39,0
PERCIVAL,47,15,7
PERCIVAL,71,0,0
PERCIVAL,8,57,1
PERCIVAL,44,54,36
PERCIVAL,63,41,19
PERCIVAL,25,98,0
PERCIVAL,89,0,0
PERCIVAL,1,94,1
PERCIVAL,49,83,0
PERCIVAL,95,74,0
PERCIVAL,97,40,0
PERCIVAL,55,0,0
PERCIVAL,3,56,3
PERCIVAL,98,50,0
PERCIVAL,16,42,12
PERCIVAL,35,0,0
PERCIVAL,51,82,0
PERCIVAL,87,81,0
PERCIVAL,65,0,0
PERCIVAL,92,71,0
PERCIVAL,80,13,2
PERCIVAL,33,0,0
PERCIVAL,95,0,0
PERCIVAL,50,22,1
PERCIVAL,6,0,0
PERCIVAL,99,88,22
PERCIVAL,84,0,0
PERCIVAL,44,0,0
PERCIVAL,17,89,13
PERCIVAL,83,41,40
PERCIVAL,7,3,0
PERCIVAL,97,0,0
PERCIVAL,40,73,0
PERCIVAL,69,80,0
PERCIVAL,45,88,0
PERCIVAL,34,0,0
PERCIVAL,29,66,24
PERCIVAL,65,89,0
PERCIVAL,11,71,1
PERCIVAL,41,0,0
PERCIVAL,20,0,0
PERCIVAL,18,19,0
PERCIVAL,30,14,0
PERCIVAL,81,5,0
PERCIVAL,98,0,0
PERCIVAL,32,7,1
PERCIVAL,15,0,0
PERCIVAL,19,27,6
PERCIVAL,46,89,1
PERCIVAL,78,14,0
PERCIVAL,89,0,0
PERCIVAL,82,0,0
PERCIVAL,57,71,0
PERCIVAL,61,36,8
PERCIVAL,75,12,0
PERCIVAL,13,63,0
PERCIVAL,57,0,0
PERCIVAL,46,14,0
PERCIVAL,48,87,40
PERCIVAL,36,0,0
PERCIVAL,66,89,0
PERCIVAL,63,44,0
PERCIVAL,37,0,0
PERCIVAL,23,0,0
PERCIVAL,71,66,4
PERCIVAL,53,99,0
PERCIVAL,16,0,0
PERCIVAL,86,0,0
PERCIVAL,1,96,1
PERCIVAL,54,0,0
PERCIVAL,86,24,0
PERCIVAL,95,95,0
PERCIVAL,70,0,0
PERCIVAL,64,6,5
PERCIVAL,43,35,28
PERCIVAL,39,0,0
PERCIVAL,63,0,0
PERCIVAL,8,45,4
PERCIVAL,71,0,0
PERCIVAL,79,65,0
PERCIVAL,47,0,0
PERCIVAL,82,70,32
PERCIVAL,45,0,0
PERCIVAL,71,0,0
PERCIVAL,25,68,0
PERCIVAL,41,22,18
PERCIVAL,82,54,2
PERCIVAL,75,67,0
PERCIVAL,54,0,0
PERCIVAL,52,68,0
PERCIVAL,1,4,1
PERCIVAL,54,9,0
PERCIVAL,76,32,22
PERCIVAL,82,36,21
PERCIVAL,99,28,0
PERCIVAL,100,94,0
PERCIVAL,57,88,0
PERCIVAL,62,0,0
PERCIVAL,73,38,0
PERCIVAL,77,90,0
PERCIVAL,28,5,0
PERCIVAL,17,0,0
PERCIVAL,15,0,0
PERCIVAL,96,0,0
PERCIVAL,54,97,39
PERCIVAL,24,44,0
PERCIVAL,88,100,44
PERCIVAL,60,70,0
PERCIVAL,74,44,21
PERCIVAL,85,59,43
PERCIVAL,16,0,0
PERCIVAL,90,68,67
PERCIVAL,17,85,0
PERCIVAL,94,33,0
PERCIVAL,31,56,20
PERCIVAL,23,86,0
PERCIVAL,29,94,6
PERCIVAL,25,35,10
PERCIVAL,61,0,0
PERCIVAL,31,71,0
PERCIVAL,86,10,1
PERCIVAL,18,19,10
PERCIVAL,60,45,0
PERCIVAL,73,13,0
PERCIVAL,91,0,0
PERCIVAL,2,70,2
PERCIVAL,25,55,12
PERCIVAL,31,67,20
PERCIVAL,77,35,30
PERCIVAL,26,4,0
PERCIVAL,19,32,0
PERCIVAL,8,14,7
PERCIVAL,34,25,0
PERCIVAL,69,0,0
PERCIVAL,89,54,0
PERCIVAL,57,14,14
PERCIVAL,5,0,0
PERCIVAL,93,31,0
PERCIVAL,97,58,2
PERCIVAL,71,0,0
PERCIVAL,34,25,0
PERCIVAL,60,78,52
PERCIVAL,39,0,0
PERCIVAL,36,93,13
PERCIVAL,99,74,49
PERCIVAL,54,0,0
PERCIVAL,62,3,3
PERCIVAL,17,79,0
PERCIVAL,85,0,0
PERCIVAL,12,20,0
PERCIVAL,91,66,0
PERCIVAL,55,78,0
PERCIVAL,85,95,0
PERCIVAL,93,55,0
PERCIVAL,23,41,21
PERCIVAL,23,0,0
PERCIVAL,86,0,0
PERCIVAL,22,31,0
PERCIVAL,86,92,0
PERCIVAL,64,85,45
PERCIVAL,89,41,0
PERCIVAL,78,39,0
PERCIVAL,28,3,0
PERCIVAL,35,70,0
PERCIVAL,96,64,2
PERCIVAL,30,66,22
PERCIVAL,59,86,0
PERCIVAL,93,14,0
PERCIVAL,85,78,0
PERCIVAL,85,0,0
PERCIVAL,2,39,0
PERCIVAL,75,0,0
PERCIVAL,99,54,10
PERCIVAL,14,77,6
PERCIVAL,53,87,9
PERCIVAL,43,0,0
PERCIVAL,36,80,20
PERCIVAL,1,16,0
PERCIVAL,34,33,0
PERCIVAL,96,69,57
PERCIVAL,31,50,5
PERCIVAL,49,0,0
PERCIVAL,70,80,0
PERCIVAL,55,0,0
PERCIVAL,67,0,0
PERCIVAL,68,42,33
PERCIVAL,80,0,0
PERCIVAL,87,14,7
PERCIVAL,50,0,0
PERCIVAL,51,0,0
PERCIVAL,50,46,0
PERCIVAL,53,0,0
PERCIVAL,59,0,0
PERCIVAL,38,66,0
PERCIVAL,44,0,0
PERCIVAL,67,27,0
PERCIVAL,72,100,0
PERCIVAL,49,57,0
PERCIVAL,94,58,26
PERCIVAL,25,0,0
PERCIVAL,93,47,0
PERCIVAL,16,30,13
PERCIVAL,19,30,11
PERCIVAL,93,50,0
PERCIVAL,43,0,0
PERCIVAL,97,0,0
PERCIVAL,72,0,0
PERCIVAL,58,63,0
PERCIVAL,16,15,6
PERCIVAL,72,0,0
PERCIVAL,53,48,0
PERCIVAL,60,72,19
PERCIVAL,99,9,0
PERCIVAL,83,100,0
PERCIVAL,37,0,0
PERCIVAL,30,53,0
PERCIVAL,6,41,0
PERCIVAL,46,77,4
PERCIVAL,10,63,0
PERCIVAL,5,26,0
PERCIVAL,58,22,0
PERCIVAL,96,0,0
PERCIVAL,36,73,0
PERCIVAL,25,61,0
PERCIVAL,69,0,0
PERCIVAL,13,59,12
PERCIVAL,39,0,0
PERCIVAL,50,38,0
PERCIVAL,86,0,0
PERCIVAL,3,0,0
PERCIVAL,68,84,31
PERCIVAL,61,30,0
PERCIVAL,83,72,9
PERCIVAL,48,81,1
PERCIVAL,86,100,50
PERCIVAL,85,18,0
PERCIVAL,4,79,0
PERCIVAL,33,99,31
PERCIVAL,87,100,0
PERCIVAL,24,60,17
PERCIVAL,27,95,16
PERCIVAL,74,73,0
PERCIVAL,37,52,0
PERCIVAL,39,76,32
PERCIVAL,66,0,0
PERCIVAL,17,59,0
PERCIVAL,51,88,21
PERCIVAL,70,48,0
PERCIVAL,96,14,0
PERCIVAL,98,36,0
PERCIVAL,26,11,0
PERCIVAL,44,11,0
PERCIVAL,63,0,0
PERCIVAL,88,56,30
PERCIVAL,13,41,0
PERCIVAL,96,61,44
PERCIVAL,24,0,0
PERCIVAL,27,0,0
PERCIVAL,40,72,17
PERCIVAL,11,16,0
PERCIVAL,17,9,0
PERCIVAL,90,30,0
PERCIVAL,41,49,0
PERCIVAL,83,77,32
PERCIVAL,56,0,0
PERCIVAL,32,54,0
PERCIVAL,66,47,0
PERCIVAL,4,22,3
PERCIVAL,22,65,0
PERCIVAL,46,88,0
PERCIVAL,67,0,0
PERCIVAL,13,38,0
PERCIVAL,44,42,0
PERCIVAL,40,0,0
PERCIVAL,90,0,0
PERCIVAL,18,40,0
PERCIVAL,37,14,3
PERCIVAL,87,0,0
PERCIVAL,79,0,0
PERCIVAL,35,1,0
PERCIVAL,27,67,0
PERCIVAL,70,39,0
PERCIVAL,55,0,0
PERCIVAL,68,56,0
PERCIVAL,60,0,0
PERCIVAL,71,94,0
PERCIVAL,91,90,0
PERCIVAL,93,19,0
PERCIVAL,21,44,0
PERCIVAL,37,22,13
PERCIVAL,56,0,0
PERCIVAL,34,19,15
PERCIVAL,73,1,1
PERCIVAL,56,76,0
PERCIVAL,32,79,25
PERCIVAL,85,0,0
PERCIVAL,11,0,0
PERCIVAL,73,42,0
PERCIVAL,29,17,0
PERCIVAL,47,21,0
PERCIVAL,58,56,0
PERCIVAL,18,56,0
PERCIVAL,44,0,0
PERCIVAL,78,0,0
PERCIVAL,36,0,0
PERCIVAL,48,6,2
PERCIVAL,1,56,0
PERCIVAL,28,69,0
PERCIVAL,16,48,7
PERCIVAL,15,29,0
PERCIVAL,26,0,0
PERCIVAL,67,98,46
PERCIVAL,49,76,8
PERCIVAL,53,15,0
PERCIVAL,31,0,0
PERCIVAL,88,0,0
PERCIVAL,30,0,0
PERCIVAL,8,97,0
PERCIVAL,73,94,0
PERCIVAL,32,11,6
PERCIVAL,36,61,0
PERCIVAL,44,30,29
PERCIVAL,84,30,0
PERCIVAL,37,83,30
PERCIVAL,22,0,0
PERCIVAL,9,0,0
PERCIVAL,24,0,0
PERCIVAL,49,58,0
PERCIVAL,52,0,0
PERCIVAL,21,0,0
PERCIVAL,74,96,13
PERCIVAL,25,92,1
PERCIVAL,51,49,0
PERCIVAL,71,74,0
PERCIVAL,31,84,0
PERCIVAL,39,3,1
PERCIVAL,45,61,10
PERCIVAL,1,78,1
PERCIVAL,53,100,0
PERCIVAL,12,59,1
PERCIVAL,46,81,0
PERCIVAL,35,0,0
PERCIVAL,27,37,0
PERCIVAL,59,0,0
PERCIVAL,20,14,1
PERCIVAL,37,42,0
PERCIVAL,55,47,7
PERCIVAL,8,50,6
PERCIVAL,60,100,45
PERCIVAL,65,9,0
PERCIVAL,27,0,0
PERCIVAL,65,35,0
PERCIVAL,21,0,0
PERCIVAL,34,0,0
PERCIVAL,73,49,33
PERCIVAL,69,89,62
PERCIVAL,54,65,18
PERCIVAL,59,99,43
PERCIVAL,6,29,2
PERCIVAL,55,17,7
PERCIVAL,33,15,14
PERCIVAL,48,94,0
PERCIVAL,36,0,0
PERCIVAL,43,0,0
PERCIVAL,3,0,0
PERCIVAL,31,0,0
PERCIVAL,1,27,1
PERCIVAL,44,12,7
PERCIVAL,59,39,33
PERCIVAL,19,44,0
PERCIVAL,61,86,0
PERCIVAL,65,0,0
PERCIVAL,94,6,0
PERCIVAL,15,0,0
PERCIVAL,29,61,18
PERCIVAL,83,47,23
PERCIVAL,34,5,5
PERCIVAL,92,90,55
PERCIVAL,65,0,0
PERCIVAL,46,90,41
PERCIVAL,3,49,0
PERCIVAL,23,83,0
PERCIVAL,7,0,0
PERCIVAL,25,73,10
PERCIVAL,93,35,0
PERCIVAL,82,0,0
PERCIVAL,30,18,16
PERCIVAL,17,10,0
PERCIVAL,29,53,0
PERCIVAL,82,0,0
PERCIVAL,16,33,4
PERCIVAL,72,45,0
PERCIVAL,95,3,0
PERCIVAL,20,0,0
PERCIVAL,60,100,0
PERCIVAL,52,33,31
PERCIVAL,100,59,0
PERCIVAL,49,42,29
PERCIVAL,80,0,0
PERCIVAL,79,40,0
PERCIVAL,95,42,0
PERCIVAL,96,83,38
PERCIVAL,91,84,0
PERCIVAL,28,57,0
PERCIVAL,9,19,0
PERCIVAL,26,0,0
PERCIVAL,47,94,38
PERCIVAL,48,0,0
PERCIVAL,48,25,0
PERCIVAL,92,88,0
PERCIVAL,13,66,0
PERCIVAL,79,0,0
PERCIVAL,75,27,0
PERCIVAL,95,56,0
PERCIVAL,29,78,29
PERCIVAL,92,82,0
PERCIVAL,15,0,0
PERCIVAL,87,73,0
PERCIVAL,19,76,12
PERCIVAL,7,100,6
PERCIVAL,34,0,0
PERCIVAL,45,0,0
PERCIVAL,9,16,5
PERCIVAL,43,0,0
PERCIVAL,61,0,0
PERCIVAL,99,46,0
PERCIVAL,43,14,14
PERCIVAL,35,38,0
PERCIVAL,16,66,15
PERCIVAL,6,0,0
PERCIVAL,69,0,0
PERCIVAL,3,46,0
PERCIVAL,90,52,0
PERCIVAL,85,0,0
PERCIVAL,21,15,10
PERCIVAL,60,21,0
PERCIVAL,57,20,3
PERCIVAL,100,17,16
PERCIVAL,3,31,2
PERCIVAL,87,70,0
PERCIVAL,56,0,0
PERCIVAL,2,0,0
PERCIVAL,21,91,0
PERCIVAL,7,0,0
PERCIVAL,38,0,0
PERCIVAL,83,47,0
PERCIVAL,26,6,0
PERCIVAL,56,95,35
PERCIVAL,70,0,0
PERCIVAL,88,72,42
PERCIVAL,2,21,0
PERCIVAL,37,43,16
PERCIVAL,3,7,0
PERCIVAL,87,65,0
PERCIVAL,79,1,0
PERCIVAL,69,0,0
PERCIVAL,25,0,0
PERCIVAL,67,98,0
PERCIVAL,73,0,0
PERCIVAL,43,57,0
PERCIVAL,89,0,0
PERCIVAL,80,19,0
PERCIVAL,36,28,13
PERCIVAL,44,16,0
PERCIVAL,19,12,0
PERCIVAL,56,0,0
PERCIVAL,87,18,5
PERCIVAL,53,35,0
PERCIVAL,78,19,0
PERCIVAL,13,0,0
PERCIVAL,75,60,0
PERCIVAL,27,58,0
PERCIVAL,93,0,0
PERCIVAL,29,18,0
PERCIVAL,27,5,3
PERCIVAL,6,49,0
PERCIVAL,13,84,0
PERCIVAL,100,61,15
PERCIVAL,12,0,0
PERCIVAL,33,38,0
PERCIVAL,42,0,0
PERCIVAL,20,1,1
PERCIVAL,89,23,0
PERCIVAL,75,0,0
PERCIVAL,42,79,0
PERCIVAL,50,71,18
PERCIVAL,4,35,0
PERCIVAL,21,0,0
PERCIVAL,77,0,0
PERCIVAL,43,46,0
PERCIVAL,63,86,0
PERCIVAL,34,11,2
PERCIVAL,16,0,0
PERCIVAL,91,0,0
PERCIVAL,13,76,0
PERCIVAL,51,55,4
PERCIVAL,15,59,0
PERCIVAL,52,39,8
PERCIVAL,52,100,14
PERCIVAL,86,0,0
PERCIVAL,88,96,0
PERCIVAL,63,36,0
PERCIVAL,50,25,0
PERCIVAL,91,0,0
PERCIVAL,75,65,25
PERCIVAL,9,1,0
PERCIVAL,91,43,0
PERCIVAL,22,40,0
PERCIVAL,78,86,0
PERCIVAL,22,0,0
PERCIVAL,50,29,0
PERCIVAL,24,0,0
PERCIVAL,58,60,0
PERCIVAL,7,0,0
PERCIVAL,55,86,44
PERCIVAL,67,1,1
PERCIVAL,97,0,0
PERCIVAL,2,0,0
PERCIVAL,70,90,0
PERCIVAL,37,33,0
PERCIVAL,97,33,33
PERCIVAL,78,7,1
PERCIVAL,1,0,0
PERCIVAL,83,51,0
PERCIVAL,7,91,0
PERCIVAL,76,37,31
PERCIVAL,42,50,0
PERCIVAL,17,12,11
PERCIVAL,52,0,0
PERCIVAL,10,78,0
PERCIVAL,51,39,5
PERCIVAL,77,24,0
PERCIVAL,73,0,0
PERCIVAL,92,93,0
PERCIVAL,84,0,0
PERCIVAL,34,3,0
PERCIVAL,58,0,0
PERCIVAL,85,0,0
PERCIVAL,22,1,0
PERCIVAL,16,31,14
PERCIVAL,42,71,0
PERCIVAL,34,47,12
PERCIVAL,11,22,0
PERCIVAL,95,55,0
PERCIVAL,35,0,0
PERCIVAL,68,0,0
PERCIVAL,17,48,0
PERCIVAL,91,57,0
PERCIVAL,66,12,0
PERCIVAL,75,17,0
PERCIVAL,54,0,0
PERCIVAL,34,44,22
PERCIVAL,24,0,0
PERCIVAL,92,0,0
PERCIVAL,71,38,5
PERCIVAL,43,44,0
PERCIVAL,43,78,13
PERCIVAL,68,12,0
PERCIVAL,5,38,3
PERCIVAL,27,50,0
PERCIVAL,54,0,0
PERCIVAL,36,26,19
PERCIVAL,70,0,0
PERCIVAL,54,87,0
PERCIVAL,62,0,0
PERCIVAL,72,78,0
PERCIVAL,56,46,0
PERCIVAL,57,49,0
PERCIVAL,17,83,0
PERCIVAL,73,0,0
PERCIVAL,46,39,6
PERCIVAL,55,69,0
PERCIVAL,22,30,10
PERCIVAL,64,63,0
PERCIVAL,38,37,0
PERCIVAL,32,15,0
PERCIVAL,61,81,3
PERCIVAL,15,65,0
PERCIVAL,35,10,1
PERCIVAL,45,9,4
PERCIVAL,15,73,0
PERCIVAL,6,48,0
PERCIVAL,20,23,0
PERCIVAL,8,87,8
PERCIVAL,39,0,0
PERCIVAL,18,26,7
PERCIVAL,48,7,0
PERCIVAL,91,0,0
PERCIVAL,91,63,7
PERCIVAL,30,35,0
PERCIVAL,78,0,0
PERCIVAL,65,17,4
PERCIVAL,61,79,56
PERCIVAL,67,59,0
PERCIVAL,25,43,0
PERCIVAL,38,40,36
PERCIVAL,33,64,1
PERCIVAL,29,60,13
PERCIVAL,6,65,0
PERCIVAL,85,48,37
PERCIVAL,36,0,0
PERCIVAL,80,0,0
PERCIVAL,32,36,0
PERCIVAL,80,40,0
PERCIVAL,92,1,0
PERCIVAL,80,19,0
PERCIVAL,25,0,0
PERCIVAL,37,52,0
PERCIVAL,62,23,0
PERCIVAL,69,2,2
PERCIVAL,82,85,50
PERCIVAL,48,0,0
PERCIVAL,67,21,13
PERCIVAL,31,15,13
PERCIVAL,92,26,8
PERCIVAL,61,10,8
PERCIVAL,72,24,0
PERCIVAL,99,91,0
PERCIVAL,23,33,0
PERCIVAL,30,41,0
PERCIVAL,99,11,0
PERCIVAL,29,12,0
PERCIVAL,15,9,0
PERCIVAL,90,4,0
PERCIVAL,97,44,37
PERCIVAL,61,74,0
PERCIVAL,88,0,0
PERCIVAL,6,57,2
PERCIVAL,45,0,0
PERCIVAL,25,0,0
PERCIVAL,19,31,3
PERCIVAL,73,91,0
PERCIVAL,67,69,0
PERCIVAL,60,0,0
PERCIVAL,12,20,10
PERCIVAL,85,0,0
PERCIVAL,64,0,0
PERCIVAL,72,0,0
PERCIVAL,98,0,0
PERCIVAL,88,65,61
PERCIVAL,88,66,0
PERCIVAL,87,22,8
PERCIVAL,62,71,58
PERCIVAL,100,0,0
PERCIVAL,47,0,0
PERCIVAL,5,60,3
PERCIVAL,60,23,14
PERCIVAL,11,0,0
PERCIVAL,36,79,19
PERCIVAL,53,77,14
PERCIVAL,5,0,0
PERCIVAL,24,0,0
PERCIVAL,57,0,0
PERCIVAL,6,0,0
PERCIVAL,66,68,0
PERCIVAL,84,0,0
PERCIVAL,11,38,0
PERCIVAL,95,20,0
PERCIVAL,46,17,0
PERCIVAL,19,90,0
PERCIVAL,97,0,0
PERCIVAL,20,0,0
PERCIVAL,82,26,0
PERCIVAL,96,37,0
PERCIVAL,44,16,0
PERCIVAL,40,23,23
PERCIVAL,90,23,0
PERCIVAL,53,0,0
PERCIVAL,26,21,4
PERCIVAL,40,24,0
PERCIVAL,29,15,0
PERCIVAL,77,11,0
PERCIVAL,50,42,0
PERCIVAL,6,13,1
PERCIVAL,46,19,0
PERCIVAL,74,30,3
PERCIVAL,49,19,0
PERCIVAL,28,0,0
PERCIVAL,22,79,5
PERCIVAL,67,87,0
PERCIVAL,92,35,0
PERCIVAL,12,55,4
PERCIVAL,85,90,0
PERCIVAL,53,0,0
PERCIVAL,73,0,0
PERCIVAL,63,0,0
PERCIVAL,37,0,0
PERCIVAL,97,92,51
PERCIVAL,16,67,0
PERCIVAL,94,35,0
PERCIVAL,70,12,2
PERCIVAL,57,35,29
PERCIVAL,49,0,0
PERCIVAL,6,0,0
PERCIVAL,38,0,0
PERCIVAL,42,0,0
PERCIVAL,77,13,4
PERCIVAL,84,2,0
PERCIVAL,52,17,0
PERCIVAL,34,15,0
PERCIVAL,15,85,5
PERCIVAL,21,32,0
PERCIVAL,95,0,0
PERCIVAL,40,62,36
PERCIVAL,74,7,0
PERCIVAL,78,31,23
PERCIVAL,47,0,0
PERCIVAL,65,0,0
PERCIVAL,21,52,0
PERCIVAL,69,96,36
PERCIVAL,78,73,0
PERCIVAL,9,6,0
PERCIVAL,31,53,2
PERCIVAL,72,14,0
PERCIVAL,80,21,0
PERCIVAL,46,36,9
PERCIVAL,72,49,6
PERCIVAL,43,26,17
PERCIVAL,95,0,0
PERCIVAL,29,0,0
PERCIVAL,47,0,0
PERCIVAL,56,100,0
PERCIVAL,16,96,0
PERCIVAL,25,10,0
PERCIVAL,77,46,9
PERCIVAL,6,72,0
PERCIVAL,100,8,0
PERCIVAL,14,0,0
PERCIVAL,47,9,0
PERCIVAL,36,98,18
PERCIVAL,57,88,0
PERCIVAL,43,53,18
PERCIVAL,6,0,0
PERCIVAL,73,5,4
PERCIVAL,61,78,5
PERCIVAL,76,0,0
PERCIVAL,70,0,0
PERCIVAL,2,45,1
PERCIVAL,24,83,0
PERCIVAL,87,0,0
PERCIVAL,11,22,0
PERCIVAL,35,0,0
PERCIVAL,9,0,0
PERCIVAL,68,15,12
PERCIVAL,2,34,2
PERCIVAL,24,70,0
PERCIVAL,56,90,0
PERCIVAL,93,0,0
PERCIVAL,14,21,0
PERCIVAL,57,76,0
PERCIVAL,61,0,0
PERCIVAL,96,0,0
PERCIVAL,66,63,36
PERCIVAL,68,96,16
PERCIVAL,77,52,0
PERCIVAL,59,73,0
PERCIVAL,76,3,0
PERCIVAL,7,51,0
PERCIVAL,41,45,18
PERCIVAL,47,0,0
PERCIVAL,67,0,0
PERCIVAL,77,0,0
PERCIVAL,51,65,0
PERCIVAL,34,76,0
PERCIVAL,12,66,0
PERCIVAL,86,45,0
PERCIVAL,82,90,77
PERCIVAL,16,84,3
PERCIVAL,23,92,14
PERCIVAL,75,36,0
PERCIVAL,43,29,0
PERCIVAL,77,64,0
PERCIVAL,12,55,0
PERCIVAL,60,0,0
PERCIVAL,54,35,0
PERCIVAL,81,20,3
PERCIVAL,59,90,0
PERCIVAL,100,19,0
PERCIVAL,1,9,0
PERCIVAL,32,47,0
PERCIVAL,18,0,0
PERCIVAL,65,54,0
PERCIVAL,82,45,14
PERCIVAL,46,0,0
PERCIVAL,41,0,0
PERCIVAL,75,75,0
PERCIVAL,54,79,31
PERCIVAL,48,40,0
PERCIVAL,56,31,0
PERCIVAL,58,81,0
PERCIVAL,11,33,0
PERCIVAL,43,64,0
PERCIVAL,100,0,0
PERCIVAL,4,9,2
PERCIVAL,68,38,5
PERCIVAL,1,73,0
PERCIVAL,40,83,17
PERCIVAL,40,69,34
PERCIVAL,46,0,0
PERCIVAL,3,4,0
PERCIVAL,53,70,0
PERCIVAL,80,0,0
PERCIVAL,71,31,25
PERCIVAL,2,38,0
PERCIVAL,1,45,0
PERCIVAL,74,95,0
PERCIVAL,91,0,0
PERCIVAL,43,52,0
PERCIVAL,12,38,4
PERCIVAL,57,0,0
PERCIVAL,69,0,0
PERCIVAL,87,0,0
PERCIVAL,10,82,6
PERCIVAL,15,29,9
PERCIVAL,54,27,0
PERCIVAL,33,0,0
PERCIVAL,43,35,20
PERCIVAL,4,28,3
PERCIVAL,63,48,40
PERCIVAL,87,3,1
PERCIVAL,1,0,0
PERCIVAL,48,0,0
PERCIVAL,28,77,0
PERCIVAL,64,71,15
PERCIVAL,3,0,0
PERCIVAL,20,75,0
PERCIVAL,32,0,0
PERCIVAL,72,98,72
PERCIVAL,50,36,0
PERCIVAL,63,58,0
PERCIVAL,83,84,0
PERCIVAL,71,98,0
PERCIVAL,55,80,50
PERCIVAL,97,99,0
PERCIVAL,64,56,0
PERCIVAL,8,0,0
PERCIVAL,88,0,0
PERCIVAL,75,67,0
PERCIVAL,35,0,0
PERCIVAL,26,0,0
PERCIVAL,35,28,4
PERCIVAL,3,13,0
PERCIVAL,63,0,0
PERCIVAL,64,43,29
PERCIVAL,88,0,0
PERCIVAL,53,0,0
PERCIVAL,11,72,8
PERCIVAL,52,0,0
PERCIVAL,56,95,0
PERCIVAL,88,85,44
PERCIVAL,95,0,0
PERCIVAL,67,0,0
PERCIVAL,16,57,0
PERCIVAL,81,0,0
PERCIVAL,25,1,0
PERCIVAL,68,28,20
PERCIVAL,8,72,0
PERCIVAL,67,0,0
PERCIVAL,63,62,0
PERCIVAL,46,0,0
PERCIVAL,12,27,10
PERCIVAL,3,0,0
PERCIVAL,86,9,0
PERCIVAL,63,70,0
PERCIVAL,34,0,0
PERCIVAL,46,0,0
PERCIVAL,87,49,4
PERCIVAL,59,28,0
PERCIVAL,32,0,0
PERCIVAL,28,0,0
PERCIVAL,22,13,0
PERCIVAL,66,0,0
PERCIVAL,26,0,0
PERCIVAL,48,29,0
PERCIVAL,95,68,0
PERCIVAL,58,32,0
PERCIVAL,57,0,0
PERCIVAL,82,77,32
PERCIVAL,76,0,0
PERCIVAL,79,59,0
PERCIVAL,49,15,0
PERCIVAL,31,29,0
PERCIVAL,85,0,0
PERCIVAL,65,0,0
PERCIVAL,72,0,0
PERCIVAL,62,24,0
PERCIVAL,29,77,0
PERCIVAL,99,0,0
PERCIVAL,63,66,41
PERCIVAL,30,24,8
PERCIVAL,14,0,0
PERCIVAL,47,0,0
PERCIVAL,11,29,0
PERCIVAL,53,95,18
PERCIVAL,4,1,0
PERCIVAL,22,0,0
PERCIVAL,17,31,0
PERCIVAL,23,0,0
PERCIVAL,19,45,0
PERCIVAL,62,56,50
PERCIVAL,15,88,0
PERCIVAL,19,8,1
PERCIVAL,74,65,0
PERCIVAL,4,49,0
PERCIVAL,46,42,0
PERCIVAL,51,59,0
PERCIVAL,68,0,0
PERCIVAL,23,85,0
PERCIVAL,73,0,0
PERCIVAL,8,83,0
PERCIVAL,16,81,0
PERCIVAL,40,15,0
PERCIVAL,81,95,0
PERCIVAL,35,0,0
PERCIVAL,81,13,0
PERCIVAL,43,22,0
PERCIVAL,28,0,0
PERCIVAL,79,25,19
PERCIVAL,86,0,0
PERCIVAL,58,37,1
PERCIVAL,86,2,0
PERCIVAL,65,53,43
PERCIVAL,85,66,0
PERCIVAL,47,0,0
PERCIVAL,18,0,0
PERCIVAL,24,0,0
PERCIVAL,73,100,0
PERCIVAL,98,31,4
PERCIVAL,77,92,0
PERCIVAL,44,95,0
PERCIVAL,94,58,31
PERCIVAL,87,80,14
PERCIVAL,79,69,46
PERCIVAL,65,65,0
PERCIVAL,35,0,0
PERCIVAL,59,57,0
PERCIVAL,92,0,0
PERCIVAL,50,30,15
PERCIVAL,87,9,0
PERCIVAL,3,83,0
PERCIVAL,1,0,0
PERCIVAL,22,16,5
PERCIVAL,84,0,0
PERCIVAL,39,29,0
PERCIVAL,18,18,18
PERCIVAL,74,79,7
PERCIVAL,98,26,15
PERCIVAL,68,0,0
PERCIVAL,36,0,0
PERCIVAL,48,92,0
PERCIVAL,30,13,13
PERCIVAL,2,39,0
PERCIVAL,74,0,0
PERCIVAL,38,76,27
PERCIVAL,1,0,0
PERCIVAL,32,89,28
PERCIVAL,39,40,0
PERCIVAL,40,30,0
PERCIVAL,34,83,0
PERCIVAL,15,0,0
PERCIVAL,30,75,21
PERCIVAL,45,59,0
PERCIVAL,94,74,0
PERCIVAL,33,85,0
PERCIVAL,12,42,6
PERCIVAL,87,0,0
PERCIVAL,97,0,0
PERCIVAL,1,0,0
PERCIVAL,1,85,0
PERCIVAL,17,61,5
PERCIVAL,18,0,0
PERCIVAL,99,97,0
PERCIVAL,58,93,0
PERCIVAL,51,0,0
PERCIVAL,73,0,0
PERCIVAL,16,71,0
PERCIVAL,84,73,0
PERCIVAL,7,13,0
PERCIVAL,51,61,0
PERCIVAL,56,48,0
PERCIVAL,27,26,1
PERCIVAL,49,50,47
PERCIVAL,2,83,0
PERCIVAL,99,16,5
PERCIVAL,49,0,0
PERCIVAL,32,30,19
PERCIVAL,82,60,0
PERCIVAL,43,38,0
PERCIVAL,49,0,0
PERCIVAL,86,0,0
PERCIVAL,49,12,2
PERCIVAL,32,49,0
PERCIVAL,58,66,0
PERCIVAL,1,43,1
PERCIVAL,8,0,0
PERCIVAL,82,0,0
PERCIVAL,94,89,27
PERCIVAL,61,0,0
PERCIVAL,72,84,0
PERCIVAL,24,0,0
PERCIVAL,71,68,49
PERCIVAL,55,20,0
PERCIVAL,42,0,0
PERCIVAL,83,4,0
PERCIVAL,68,75,36
PERCIVAL,17,47,0
PERCIVAL,97,0,0
PERCIVAL,62,87,0
PERCIVAL,73,20,15
PERCIVAL,20,0,0
PERCIVAL,44,66,0
PERCIVAL,3,37,1
PERCIVAL,31,85,0
PERCIVAL,71,51,0
PERCIVAL,16,0,0
PERCIVAL,82,84,22
PERCIVAL,45,0,0
PERCIVAL,4,96,0
PERCIVAL,75,0,0
PERCIVAL,30,61,0
PERCIVAL,58,32,0
PERCIVAL,55,69,52
PERCIVAL,52,59,0
PERCIVAL,26,0,0
PERCIVAL,92,0,0
PERCIVAL,26,61,20
PERCIVAL,74,0,0
PERCIVAL,26,0,0
PERCIVAL,90,62,9
PERCIVAL,87,61,20
PERCIVAL,16,0,0
PERCIVAL,31,9,0
PERCIVAL,18,0,0
PERCIVAL,61,0,0
PERCIVAL,55,0,0
PERCIVAL,63,90,0
PERCIVAL,55,98,46
PERCIVAL,6,0,0
PERCIVAL,41,12,7
PERCIVAL,51,57,0
PERCIVAL,68,81,0
PERCIVAL,44,51,41
PERCIVAL,77,0,0
PERCIVAL,80,28,0
PERCIVAL,5,24,5
PERCIVAL,39,0,0
PERCIVAL,62,42,0
PERCIVAL,20,12,11
PERCIVAL,56,88,5
PERCIVAL,60,31,27
PERCIVAL,11,50,0
PERCIVAL,98,58,0
PERCIVAL,33,30,0
PERCIVAL,12,0,0
PERCIVAL,46,0,0
PERCIVAL,49,66,20
PERCIVAL,18,0,0
PERCIVAL,78,10,0
PERCIVAL,8,92,5
PERCIVAL,19,88,4
PERCIVAL,89,9,0
PERCIVAL,36,50,0
PERCIVAL,42,0,0
PERCIVAL,59,89,0
PERCIVAL,56,30,4
PERCIVAL,25,49,22
PERCIVAL,79,61,5
PERCIVAL,26,16,0
PERCIVAL,28,5,4
PERCIVAL,27,90,0
PERCIVAL,30,0,0
PERCIVAL,69,0,0
PERCIVAL,14,30,11
PERCIVAL,92,0,0
PERCIVAL,23,64,0
PERCIVAL,95,0,0
PERCIVAL,30,59,0
PERCIVAL,44,7,7
PERCIVAL,55,94,0
PERCIVAL,11,15,3
PERCIVAL,20,68,1
PERCIVAL,80,0,0
PERCIVAL,66,0,0
PERCIVAL,40,0,0
PERCIVAL,84,0,0
PERCIVAL,81,0,0
PERCIVAL,94,44,0
PERCIVAL,98,57,0
PERCIVAL,76,0,0
PERCIVAL,66,96,0
PERCIVAL,17,23,15
PERCIVAL,21,0,0
PERCIVAL,17,28,0
PERCIVAL,34,75,0
PERCIVAL,1,100,1
PERCIVAL,74,44,0
PERCIVAL,89,13,2
PERCIVAL,49,56,0
PERCIVAL,73,79,68
PERCIVAL,95,0,0
PERCIVAL,9,0,0
PERCIVAL,26,38,0
PERCIVAL,84,71,0
PERCIVAL,95,39,29
PERCIVAL,22,13,0
PERCIVAL,80,49,28
PERCIVAL,52,56,0
PERCIVAL,16,64,0
PERCIVAL,57,69,0
PERCIVAL,26,6,1
PERCIVAL,89,22,0
PERCIVAL,57,44,0
PERCIVAL,95,96,0
PERCIVAL,78,0,0
PERCIVAL,87,45,31
PERCIVAL,83,24,11
PERCIVAL,97,97,0
PERCIVAL,24,52,0
PERCIVAL,27,56,0
PERCIVAL,64,4,1
PERCIVAL,88,57,44
PERCIVAL,44,0,0
PERCIVAL,60,38,0
PERCIVAL,17,4,0
PERCIVAL,5,3,2
PERCIVAL,57,0,0
PERCIVAL,51,0,0
PERCIVAL,75,93,12
PERCIVAL,59,0,0
PERCIVAL,15,29,0
PERCIVAL,64,0,0
PERCIVAL,94,0,0
PERCIVAL,57,14,0
PERCIVAL,53,94,52
PERCIVAL,8,53,1
PERCIVAL,75,74,10
PERCIVAL,4,28,4
PERCIVAL,18,0,0
PERCIVAL,50,71,0
PERCIVAL,78,42,0
PERCIVAL,93,81,70
PERCIVAL,55,0,0
PERCIVAL,10,23,10
PERCIVAL,58,0,0
PERCIVAL,69,49,42
PERCIVAL,68,0,0
PERCIVAL,4,0,0
PERCIVAL,26,70,0
PERCIVAL,5,90,0
PERCIVAL,15,31,0
PERCIVAL,58,93,0
PERCIVAL,11,0,0
PERCIVAL,64,100,29
PERCIVAL,96,62,42
PERCIVAL,32,31,0
PERCIVAL,74,90,0
PERCIVAL,72,43,9
PERCIVAL,96,71,0
PERCIVAL,43,0,0
PERCIVAL,63,74,0
PERCIVAL,85,0,0
PERCIVAL,47,58,0
PERCIVAL,29,0,0
PERCIVAL,25,0,0
PERCIVAL,58,92,18
PERCIVAL,91,0,0
PERCIVAL,56,75,0
PERCIVAL,44,92,42
PERCIVAL,100,0,0
PERCIVAL,6,0,0
PERCIVAL,50,68,0
PERCIVAL,93,0,0
PERCIVAL,46,0,0
PERCIVAL,66,1,0
PERCIVAL,36,38,30
PERCIVAL,29,81,28
PERCIVAL,89,25,0
PERCIVAL,64,0,0
PERCIVAL,66,0,0
PERCIVAL,68,45,0
PERCIVAL,24,13,0
PERCIVAL,24,22,0
PERCIVAL,31,0,0
PERCIVAL,69,79,0
PERCIVAL,75,0,0
PERCIVAL,76,7,2
PERCIVAL,4,0,0
PERCIVAL,34,27,0
PERCIVAL,80,74,0
PERCIVAL,87,8,5
PERCIVAL,33,97,28
PERCIVAL,81,92,68
PERCIVAL,90,35,0
PERCIVAL,44,16,0
PERCIVAL,53,70,0
PERCIVAL,60,18,0
PERCIVAL,24,0,0
PERCIVAL,45,22,0
PERCIVAL,51,94,6
PERCIVAL,10,0,0
PERCIVAL,62,70,0
PERCIVAL,36,89,12
PERCIVAL,31,0,0
PERCIVAL,6,16,4
PERCIVAL,74,0,0
PERCIVAL,38,45,18
PERCIVAL,29,48,0
PERCIVAL,75,23,19
PERCIVAL,97,0,0
PERCIVAL,57,0,0
PERCIVAL,91,0,0
PERCIVAL,56,79,14
PERCIVAL,35,0,0
PERCIVAL,3,92,0
PERCIVAL,64,19,0
PERCIVAL,86,80,38
PERCIVAL,90,16,10
PERCIVAL,91,6,1
PERCIVAL,7,33,4
PERCIVAL,53,0,0
PERCIVAL,42,0,0
PERCIVAL,3,63,0
PERCIVAL,34,97,10
PERCIVAL,56,3,0
PERCIVAL,53,0,0
PERCIVAL,83,11,0
PERCIVAL,59,36,31
PERCIVAL,95,42,35
PERCIVAL,92,96,0
PERCIVAL,89,69,0
PERCIVAL,17,0,0
PERCIVAL,52,43,0
PERCIVAL,64,33,0
PERCIVAL,95,16,0
PERCIVAL,22,18,0
PERCIVAL,86,0,0
PERCIVAL,56,15,0
PERCIVAL,23,0,0
PERCIVAL,2,0,0
PERCIVAL,87,0,0
PERCIVAL,91,79,73
PERCIVAL,12,8,4
PERCIVAL,51,0,0
PERCIVAL,35,89,0
PERCIVAL,58,76,0
PERCIVAL,11,63,0
PERCIVAL,95,71,54
PERCIVAL,52,30,0
PERCIVAL,67,53,0
PERCIVAL,82,27,0
PERCIVAL,1,43,1
PERCIVAL,11,0,0
PERCIVAL,79,0,0
PERCIVAL,24,22,0
PERCIVAL,27,6,3
PERCIVAL,96,53,0
PERCIVAL,84,0,0
PERCIVAL,45,81,0
PERCIVAL,6,58,0
PERCIVAL,49,73,0
PERCIVAL,33,83,0
PERCIVAL,41,64,0
PERCIVAL,41,0,0
PERCIVAL,61,0,0
PERCIVAL,9,57,0
PERCIVAL,4,4,0
PERCIVAL,50,6,0
PERCIVAL,8,70,4
PERCIVAL,28,30,27
PERCIVAL,71,0,0
PERCIVAL,35,0,0
PERCIVAL,90,28,0
PERCIVAL,45,76,35
PERCIVAL,84,70,10
PERCIVAL,82,18,0
PERCIVAL,73,0,0
PERCIVAL,34,33,0
PERCIVAL,32,0,0
PERCIVAL,37,12,0
PERCIVAL,19,53,6
PERCIVAL,44,34,0
PERCIVAL,100,0,0
PERCIVAL,5,18,0
PERCIVAL,84,62,0
PERCIVAL,94,6,0
PERCIVAL,65,33,27
PERCIVAL,35,19,9
PERCIVAL,2,0,0
PERCIVAL,53,34,0
PERCIVAL,10,37,0
PERCIVAL,51,20,8
PERCIVAL,73,29,0
PERCIVAL,16,74,0
PERCIVAL,18,71,0
PERCIVAL,71,0,0
PERCIVAL,52,55,0
PERCIVAL,61,0,0
PERCIVAL,61,35,0
PERCIVAL,57,9,0
PERCIVAL,98,34,0
PERCIVAL,43,0,0
PERCIVAL,28,22,7
PERCIVAL,88,58,0
PERCIVAL,47,95,26
PERCIVAL,35,53,0
PERCIVAL,79,48,0
PERCIVAL,56,96,29
PERCIVAL,25,0,0
PERCIVAL,27,96,4
PERCIVAL,84,29,0
PERCIVAL,18,98,3
PERCIVAL,87,40,0
PERCIVAL,34,0,0
PERCIVAL,93,51,16
PERCIVAL,55,0,0
PERCIVAL,54,0,0
PERCIVAL,44,0,0
PERCIVAL,95,67,0
PERCIVAL,37,0,0
PERCIVAL,84,65,0
PERCIVAL,54,0,0
PERCIVAL,91,96,69
PERCIVAL,69,0,0
PERCIVAL,85,0,0
PERCIVAL,2,74,0
PERCIVAL,1,0,0
PERCIVAL,40,41,13
PERCIVAL,13,31,0
PERCIVAL,76,85,53
PERCIVAL,69,77,38
PERCIVAL,24,39,9
PERCIVAL,100,33,15
PERCIVAL,19,73,0
PERCIVAL,90,75,68
PERCIVAL,31,83,13
PERCIVAL,100,45,1
PERCIVAL,87,27,17
PERCIVAL,48,28,8
PERCIVAL,85,13,0
PERCIVAL,13,70,11
PERCIVAL,63,18,0
PERCIVAL,18,50,0
PERCIVAL,23,20,6
PERCIVAL,90,33,0
PERCIVAL,71,31,0
PERCIVAL,18,76,0
PERCIVAL,90,43,0
PERCIVAL,25,73,0
PERCIVAL,41,47,0
PERCIVAL,4,56,1
PERCIVAL,67,62,0
PERCIVAL,67,0,0
PERCIVAL,18,0,0
PERCIVAL,63,58,0
PERCIVAL,26,45,0
PERCIVAL,86,0,0
PERCIVAL,85,96,0
PERCIVAL,37,81,0
PERCIVAL,68,0,0
PERCIVAL,46,0,0
PERCIVAL,77,57,0
PERCIVAL,63,91,0
PERCIVAL,59,0,0
PERCIVAL,28,20,16
PERCIVAL,61,72,0
PERCIVAL,58,48,24
PERCIVAL,33,52,0
PERCIVAL,28,0,0
PERCIVAL,63,99,2
PERCIVAL,88,54,0
PERCIVAL,55,2,2
PERCIVAL,88,28,0
PERCIVAL,68,0,0
PERCIVAL,44,94,7
PERCIVAL,70,88,56
PERCIVAL,50,7,0
PERCIVAL,1,0,0
PERCIVAL,97,38,0
PERCIVAL,36,0,0
PERCIVAL,18,19,0
PERCIVAL,56,29,0
PERCIVAL,95,62,0
PERCIVAL,23,18,16
PERCIVAL,60,92,16
PERCIVAL,54,100,7
PERCIVAL,72,8,0
PERCIVAL,68,0,0
PERCIVAL,14,0,0
PERCIVAL,54,6,0
PERCIVAL,26,32,0
PERCIVAL,85,84,0
PERCIVAL,55,70,0
PERCIVAL,62,8,7
PERCIVAL,44,79,0
PERCIVAL,80,23,0
PERCIVAL,13,14,0
PERCIVAL,17,40,13
PERCIVAL,62,0,0
PERCIVAL,70,1,0
PERCIVAL,54,73,0
PERCIVAL,45,26,0
PERCIVAL,47,0,0
PERCIVAL,76,61,0
PERCIVAL,66,64,43
PERCIVAL,34,63,0
PERCIVAL,89,70,0
PERCIVAL,70,96,0
PERCIVAL,51,0,0
PERCIVAL,91,99,0
PERCIVAL,44,63,0
PERCIVAL,32,12,0
PERCIVAL,74,0,0
PERCIVAL,87,23,10
PERCIVAL,31,73,0
PERCIVAL,91,0,0
PERCIVAL,15,73,15
PERCIVAL,7,77,0
PERCIVAL,82,0,0
PERCIVAL,65,22,0
PERCIVAL,8,67,0
PERCIVAL,6,23,5
PERCIVAL,62,90,0
PERCIVAL,56,0,0
PERCIVAL,68,43,35
PERCIVAL,55,71,0
PERCIVAL,91,0,0
PERCIVAL,86,21,0
PERCIVAL,32,0,0
PERCIVAL,42,7,0
PERCIVAL,29,0,0
PERCIVAL,37,84,8
PERCIVAL,49,90,0
PERCIVAL,57,94,47
PERCIVAL,41,0,0
PERCIVAL,42,0,0
PERCIVAL,79,37,0
PERCIVAL,23,20,0
PERCIVAL,77,5,0
PERCIVAL,20,8,1
PERCIVAL,28,0,0
PERCIVAL,4,89,2
PERCIVAL,64,9,2
PERCIVAL,45,78,0
PERCIVAL,64,95,0
PERCIVAL,42,27,0
PERCIVAL,74,0,0
PERCIVAL,8,0,0
PERCIVAL,55,1,0
PERCIVAL,81,4,0
PERCIVAL,1,0,0
PERCIVAL,44,76,0
PERCIVAL,43,30,29
PERCIVAL,12,73,0
PERCIVAL,13,86,0
PERCIVAL,62,0,0
PERCIVAL,16,29,3
PERCIVAL,81,32,26
PERCIVAL,69,48,0
PERCIVAL,67,0,0
PERCIVAL,8,51,0
PERCIVAL,39,0,0
PERCIVAL,97,48,24
PERCIVAL,10,0,0
PERCIVAL,4,0,0
PERCIVAL,32,0,0
PERCIVAL,77,72,51
PERCIVAL,53,0,0
PERCIVAL,90,0,0
PERCIVAL,38,22,5
PERCIVAL,68,24,0
PERCIVAL,18,83,18
PERCIVAL,64,0,0
PERCIVAL,40,59,0
PERCIVAL,4,39,0
PERCIVAL,10,0,0
PERCIVAL,73,24,0
PERCIVAL,89,90,0
PERCIVAL,45,80,44
PERCIVAL,83,55,32
PERCIVAL,92,69,38
PERCIVAL,7,30,5
PERCIVAL,25,0,0
PERCIVAL,41,36,0
PERCIVAL,88,5,0
PERCIVAL,21,98,12
PERCIVAL,2,20,0
PERCIVAL,82,44,33
PERCIVAL,82,35,0
PERCIVAL,93,18,0
PERCIVAL,42,98,0
PERCIVAL,67,82,0
PERCIVAL,93,0,0
PERCIVAL,6,0,0
PERCIVAL,23,7,0
PERCIVAL,65,72,0
PERCIVAL,4,34,0
PERCIVAL,31,29,0
PERCIVAL,27,81,0
PERCIVAL,16,0,0
PERCIVAL,69,65,0
PERCIVAL,73,0,0
PERCIVAL,22,52,0
PERCIVAL,89,63,56
PERCIVAL,29,8,0
PERCIVAL,10,76,0
PERCIVAL,7,37,5
PERCIVAL,19,75,0
PERCIVAL,77,37,0
PERCIVAL,55,0,0
PERCIVAL,51,0,0
PERCIVAL,67,0,0
PERCIVAL,32,64,0
PERCIVAL,10,69,0
PERCIVAL,97,18,3
PERCIVAL,18,0,0
PERCIVAL,96,5,0
PERCIVAL,26,0,0
PERCIVAL,48,88,0
PERCIVAL,94,0,0
PERCIVAL,96,0,0
PERCIVAL,7,0,0
PERCIVAL,69,76,0
PERCIVAL,38,26,0
PERCIVAL,15,33,11
PERCIVAL,77,58,0
PERCIVAL,32,86,17
PERCIVAL,9,3,0
PERCIVAL,10,57,10
PERCIVAL,9,0,0
PERCIVAL,50,60,0
PERCIVAL,96,10,0
PERCIVAL,62,20,0
PERCIVAL,85,72,15
PERCIVAL,51,38,0
PERCIVAL,69,8,0
PERCIVAL,65,3,1
PERCIVAL,98,0,0
PERCIVAL,81,80,0
PERCIVAL,25,40,0
PERCIVAL,42,52,0
PERCIVAL,75,58,0
PERCIVAL,87,29,0
PERCIVAL,30,0,0
PERCIVAL,44,0,0
PERCIVAL,30,0,0
PERCIVAL,37,0,0
PERCIVAL,42,34,0
PERCIVAL,75,66,0
PERCIVAL,72,59,0
PERCIVAL,52,53,0
PERCIVAL,18,34,0
PERCIVAL,45,51,23
PERCIVAL,11,38,3
PERCIVAL,84,8,0
PERCIVAL,97,51,30
PERCIVAL,76,6,0
PERCIVAL,63,0,0
PERCIVAL,11,97,6
PERCIVAL,81,46,27
PERCIVAL,5,0,0
PERCIVAL,75,45,0
PERCIVAL,83,95,0
PERCIVAL,100,27,3
PERCIVAL,87,0,0
PERCIVAL,67,52,7
PERCIVAL,84,0,0
PERCIVAL,3,35,0
PERCIVAL,85,74,0
PERCIVAL,73,0,0
PERCIVAL,85,21,0
PERCIVAL,55,0,0
PERCIVAL,22,63,8
PERCIVAL,82,0,0
PERCIVAL,37,15,0
PERCIVAL,13,8,7
PERCIVAL,21,25,0
PERCIVAL,53,80,0
PERCIVAL,71,92,0
PERCIVAL,28,12,0
PERCIVAL,46,0,0
PERCIVAL,24,60,0
PERCIVAL,99,0,0
PERCIVAL,25,56,0
PERCIVAL,59,0,0
PERCIVAL,74,7,5
PERCIVAL,28,0,0
PERCIVAL,17,100,0
PERCIVAL,94,43,0
PERCIVAL,22,64,18
PERCIVAL,42,51,0
PERCIVAL,18,65,11
PERCIVAL,80,90,0
PERCIVAL,17,0,0
PERCIVAL,93,70,33
PERCIVAL,91,0,0
PERCIVAL,69,16,0
PERCIVAL,51,52,43
PERCIVAL,93,0,0
PERCIVAL,48,38,0
PERCIVAL,79,86,45
PERCIVAL,94,0,0
PERCIVAL,64,2,2
PERCIVAL,68,68,1
PERCIVAL,73,0,0
PERCIVAL,61,0,0
PERCIVAL,73,45,43
PERCIVAL,30,0,0
PERCIVAL,46,74,0
PERCIVAL,33,0,0
PERCIVAL,2,67,1
PERCIVAL,72,0,0
PERCIVAL,68,100,0
PERCIVAL,63,0,0
PERCIVAL,71,0,0
PERCIVAL,44,3,0
PERCIVAL,10,2,1
PERCIVAL,64,63,0
PERCIVAL,88,0,0
PERCIVAL,12,10,0
PERCIVAL,52,74,47
PERCIVAL,30,51,0
PERCIVAL,54,73,0
PERCIVAL,34,22,11
PERCIVAL,82,8,0
PERCIVAL,66,36,0
PERCIVAL,37,95,4
PERCIVAL,31,0,0
PERCIVAL,3,0,0
PERCIVAL,9,41,0
PERCIVAL,31,66,0
PERCIVAL,79,90,0
PERCIVAL,85,83,0
PERCIVAL,86,65,5
PERCIVAL,5,66,1
PERCIVAL,1,0,0
PERCIVAL,51,0,0
PERCIVAL,86,87,0
PERCIVAL,91,0,0
PERCIVAL,16,0,0
PERCIVAL,15,45,0
PERCIVAL,73,0,0
PERCIVAL,80,51,0
PERCIVAL,27,0,0
PERCIVAL,29,0,0
PERCIVAL,41,43,0
PERCIVAL,9,0,0
PERCIVAL,22,13,0
PERCIVAL,72,15,0
PERCIVAL,89,41,0
PERCIVAL,53,3,2
PERCIVAL,68,0,0
PERCIVAL,97,0,0
PERCIVAL,64,69,0
PERCIVAL,93,98,0
PERCIVAL,51,0,0
PERCIVAL,29,76,0
PERCIVAL,20,0,0
PERCIVAL,19,17,0
PERCIVAL,98,71,0
PERCIVAL,17,37,0
PERCIVAL,99,55,0
PERCIVAL,84,84,0
PERCIVAL,98,43,13
PERCIVAL,30,31,0
PERCIVAL,48,0,0
PERCIVAL,59,0,0
PERCIVAL,44,4,0
PERCIVAL,27,0,0
PERCIVAL,58,99,0
PERCIVAL,29,55,0
PERCIVAL,67,0,0
PERCIVAL,7,7,0
PERCIVAL,59,53,0
PERCIVAL,67,38,27
PERCIVAL,42,98,0
PERCIVAL,23,0,0
PERCIVAL,23,59,0
PERCIVAL,25,82,0
PERCIVAL,22,18,0
PERCIVAL,12,90,0
PERCIVAL,31,0,0
PERCIVAL,76,82,0
PERCIVAL,38,40,0
PERCIVAL,41,90,30
PERCIVAL,67,0,0
PERCIVAL,34,0,0
PERCIVAL,57,10,5
PERCIVAL,46,0,0
PERCIVAL,11,99,0
PERCIVAL,30,68,0
PERCIVAL,1,8,1
PERCIVAL,13,29,2
PERCIVAL,81,36,0
PERCIVAL,38,1,1
PERCIVAL,83,72,47
PERCIVAL,36,62,0
PERCIVAL,6,98,0
PERCIVAL,6,0,0
PERCIVAL,38,40,0
PERCIVAL,97,72,6
PERCIVAL,43,0,0
PERCIVAL,54,0,0
PERCIVAL,91,60,12
PERCIVAL,7,85,0
PERCIVAL,46,0,0
PERCIVAL,6,0,0
PERCIVAL,29,0,0
PERCIVAL,87,72,7
PERCIVAL,47,40,30
PERCIVAL,59,0,0
PERCIVAL,24,98,15
PERCIVAL,10,80,0
PERCIVAL,11,70,1
PERCIVAL,43,26,0
PERCIVAL,34,74,0
PERCIVAL,96,27,0
PERCIVAL,33,0,0
PERCIVAL,8,0,0
PERCIVAL,93,31,0
PERCIVAL,55,20,1
PERCIVAL,8,10,0
PERCIVAL,77,34,15
PERCIVAL,50,0,0
PERCIVAL,86,0,0
PERCIVAL,88,67,0
PERCIVAL,46,62,0
PERCIVAL,93,0,0
PERCIVAL,49,20,0
PERCIVAL,11,97,8
PERCIVAL,86,99,0
PERCIVAL,92,100,18
PERCIVAL,62,42,0
PERCIVAL,9,7,0
PERCIVAL,47,0,0
PERCIVAL,73,55,0
PERCIVAL,66,84,9
PERCIVAL,43,33,26
PERCIVAL,84,69,0
PERCIVAL,46,92,0
PERCIVAL,39,56,0
PERCIVAL,11,84,0
PERCIVAL,58,52,17
PERCIVAL,7,0,0
PERCIVAL,31,61,0
PERCIVAL,53,47,37
PERCIVAL,65,53,0
PERCIVAL,18,47,0
PERCIVAL,50,11,0
PERCIVAL,10,42,4
PERCIVAL,96,63,0
PERCIVAL,76,10,0
PERCIVAL,5,44,0
PERCIVAL,37,80,0
PERCIVAL,28,40,0
PERCIVAL,37,26,2
PERCIVAL,81,99,0
PERCIVAL,15,11,4
PERCIVAL,64,71,25
PERCIVAL,6,11,6
PERCIVAL,62,0,0
PERCIVAL,71,83,0
PERCIVAL,49,0,0
PERCIVAL,24,0,0
PERCIVAL,28,80,1
PERCIVAL,13,90,8
PERCIVAL,88,48,0
PERCIVAL,20,25,0
PERCIVAL,1,64,1
PERCIVAL,80,99,0
PERCIVAL,2,42,0
PERCIVAL,43,62,0
PERCIVAL,4,100,1
PERCIVAL,60,20,17
PERCIVAL,11,48,0
PERCIVAL,91,0,0
PERCIVAL,12,86,0
PERCIVAL,23,61,0
PERCIVAL,23,24,6
PERCIVAL,37,73,0
PERCIVAL,82,0,0
PERCIVAL,18,69,9
PERCIVAL,79,0,0
PERCIVAL,83,45,0
PERCIVAL,12,79,0
PERCIVAL,97,4,1
PERCIVAL,95,73,0
PERCIVAL,92,0,0
PERCIVAL,87,37,0
PERCIVAL,50,0,0
PERCIVAL,50,11,8
PERCIVAL,68,44,0
PERCIVAL,87,0,0
PERCIVAL,12,70,9
PERCIVAL,62,52,33
PERCIVAL,68,0,0
PERCIVAL,4,24,0
PERCIVAL,40,31,29
PERCIVAL,90,72,0
PERCIVAL,2,57,0
PERCIVAL,9,22,0
PERCIVAL,1,39,0
PERCIVAL,38,0,0
PERCIVAL,17,0,0
PERCIVAL,9,0,0
PERCIVAL,55,71,0
PERCIVAL,73,0,0
PERCIVAL,31,35,24
PERCIVAL,96,17,0
PERCIVAL,76,0,0
PERCIVAL,82,0,0
PERCIVAL,64,74,6
PERCIVAL,75,13,10
PERCIVAL,4,0,0
PERCIVAL,31,26,0
PERCIVAL,65,99,0
PERCIVAL,23,69,0
PERCIVAL,73,50,11
PERCIVAL,15,87,0
PERCIVAL,85,0,0
PERCIVAL,21,91,19
PERCIVAL,42,58,0
PERCIVAL,4,0,0
PERCIVAL,81,0,0
PERCIVAL,60,83,0
PERCIVAL,96,0,0
PERCIVAL,20,25,0
PERCIVAL,81,62,26
PERCIVAL,77,81,0
PERCIVAL,95,61,0
PERCIVAL,36,0,0
PERCIVAL,66,0,0
PERCIVAL,32,87,0
PERCIVAL,10,73,0
PERCIVAL,33,12,0
PERCIVAL,39,58,36
PERCIVAL,13,26,10
PERCIVAL,65,0,0
PERCIVAL,17,81,0
PERCIVAL,71,94,62
PERCIVAL,62,38,0
PERCIVAL,46,25,0
PERCIVAL,98,19,0
PERCIVAL,54,30,14
PERCIVAL,80,80,0
PERCIVAL,41,0,0
PERCIVAL,42,0,0
PERCIVAL,99,27,0
PERCIVAL,86,0,0
PERCIVAL,8,0,0
PERCIVAL,68,0,0
PERCIVAL,68,12,0
PERCIVAL,20,36,0
PERCIVAL,57,0,0
PERCIVAL,52,82,4
PERCIVAL,58,65,0
PERCIVAL,77,14,0
PERCIVAL,80,0,0
PERCIVAL,42,0,0
PERCIVAL,47,76,0
PERCIVAL,70,8,0
PERCIVAL,39,0,0
PERCIVAL,10,0,0
PERCIVAL,84,0,0
PERCIVAL,59,83,24
PERCIVAL,33,42,3
PERCIVAL,99,84,0
PERCIVAL,7,0,0
PERCIVAL,6,15,3
PERCIVAL,76,24,15
PERCIVAL,97,44,0
PERCIVAL,91,17,10
PERCIVAL,26,83,19
PERCIVAL,56,0,0
PERCIVAL,83,63,38
PERCIVAL,26,0,0
PERCIVAL,61,0,0
PERCIVAL,69,86,0
PERCIVAL,36,76,28
PERCIVAL,9,57,4
PERCIVAL,35,4,0
PERCIVAL,40,85,0
PERCIVAL,73,0,0
PERCIVAL,81,91,0
PERCIVAL,71,17,0
PERCIVAL,27,0,0
PERCIVAL,95,0,0
PERCIVAL,65,1,1
PERCIVAL,91,63,0
PERCIVAL,8,0,0
PERCIVAL,59,0,0
PERCIVAL,33,26,0
PERCIVAL,24,0,0
PERCIVAL,27,37,0
PERCIVAL,46,0,0
PERCIVAL,66,65,0
PERCIVAL,54,0,0
PERCIVAL,57,4,1
PERCIVAL,28,25,0
PERCIVAL,28,0,0
PERCIVAL,92,41,0
PERCIVAL,57,36,14
PERCIVAL,4,12,1
PERCIVAL,3,41,2
PERCIVAL,37,7,0
PERCIVAL,95,0,0
PERCIVAL,83,65,0
PERCIVAL,70,37,0
PERCIVAL,43,65,43
PERCIVAL,44,66,0
PERCIVAL,76,0,0
PERCIVAL,94,33,14
PERCIVAL,90,55,0
PERCIVAL,98,98,0
PERCIVAL,19,15,6
PERCIVAL,26,0,0
PERCIVAL,85,94,55
PERCIVAL,85,60,0
PERCIVAL,92,33,21
PERCIVAL,36,84,8
PERCIVAL,59,97,14
PERCIVAL,79,3,0
PERCIVAL,25,14,0
PERCIVAL,18,0,0
PERCIVAL,29,11,0
PERCIVAL,11,63,0
PERCIVAL,30,0,0
PERCIVAL,36,0,0
PERCIVAL,63,0,0
PERCIVAL,85,94,24
PERCIVAL,94,0,0
PERCIVAL,31,84,0
PERCIVAL,73,29,0
PERCIVAL,76,53,0
PERCIVAL,61,22,6
PERCIVAL,81,69,0
PERCIVAL,52,94,0
PERCIVAL,52,0,0
PERCIVAL,86,0,0
PERCIVAL,70,0,0
PERCIVAL,48,37,0
PERCIVAL,82,92,0
PERCIVAL,33,0,0
PERCIVAL,1,0,0
PERCIVAL,33,60,10
PERCIVAL,82,0,0
PERCIVAL,55,58,0
PERCIVAL,94,61,0
PERCIVAL,53,0,0
PERCIVAL,85,0,0
PERCIVAL,8,69,3
PERCIVAL,62,76,0
PERCIVAL,69,66,45
PERCIVAL,80,89,17
PERCIVAL,80,90,0
PERCIVAL,27,63,2
PERCIVAL,96,78,0
PERCIVAL,33,0,0
PERCIVAL,11,0,0
PERCIVAL,70,4,0
PERCIVAL,30,43,0
PERCIVAL,88,74,0
PERCIVAL,85,0,0
PERCIVAL,18,81,1
PERCIVAL,97,6,0
PERCIVAL,35,50,25
PERCIVAL,59,65,18
PERCIVAL,46,62,25
PERCIVAL,51,0,0
PERCIVAL,22,0,0
PERCIVAL,82,0,0
PERCIVAL,20,83,3
PERCIVAL,96,0,0
PERCIVAL,73,0,0
PERCIVAL,86,96,0
PERCIVAL,65,52,0
PERCIVAL,2,12,1
PERCIVAL,11,0,0
PERCIVAL,48,49,0
PERCIVAL,56,31,0
PERCIVAL,90,76,0
PERCIVAL,15,0,0
PERCIVAL,47,17,0
PERCIVAL,25,0,0
PERCIVAL,50,61,0
PERCIVAL,42,0,0
PERCIVAL,5,0,0
PERCIVAL,99,0,0
PERCIVAL,45,0,0
PERCIVAL,89,0,0
PERCIVAL,75,0,0
PERCIVAL,59,76,0
PERCIVAL,51,0,0
PERCIVAL,59,0,0
PERCIVAL,48,46,0
PERCIVAL,80,0,0
PERCIVAL,51,68,0
PERCIVAL,2,7,1
PERCIVAL,7,28,4
PERCIVAL,4,18,1
PERCIVAL,30,63,14
PERCIVAL,75,62,0
PERCIVAL,58,40,37
PERCIVAL,51,50,0
PERCIVAL,53,0,0
PERCIVAL,79,76,0
PERCIVAL,81,10,0
PERCIVAL,78,0,0
PERCIVAL,38,32,0
PERCIVAL,62,69,0
PERCIVAL,45,46,0
PERCIVAL,44,71,0
PERCIVAL,79,47,0
PERCIVAL,56,77,0
PERCIVAL,87,92,37
PERCIVAL,53,0,0
PERCIVAL,99,92,0
PERCIVAL,75,27,22
PERCIVAL,25,17,0
PERCIVAL,18,0,0
PERCIVAL,6,0,0
PERCIVAL,16,62,4
PERCIVAL,71,0,0
PERCIVAL,51,0,0
PERCIVAL,11,72,0
PERCIVAL,9,0,0
PERCIVAL,72,16,0
PERCIVAL,76,7,0
PERCIVAL,91,41,31
PERCIVAL,7,9,0
PERCIVAL,3,69,0
PERCIVAL,57,50,0
PERCIVAL,25,54,0
PERCIVAL,22,0,0
PERCIVAL,56,0,0
PERCIVAL,24,89,21
PERCIVAL,42,0,0
PERCIVAL,2,76,0
PERCIVAL,82,1,1
PERCIVAL,75,0,0
PERCIVAL,12,0,0
PERCIVAL,3,51,2
PERCIVAL,85,0,0
PERCIVAL,17,39,17
PERCIVAL,12,0,0
PERCIVAL,29,81,0
PERCIVAL,59,63,0
PERCIVAL,75,14,0
PERCIVAL,2,18,0
PERCIVAL,97,88,23
PERCIVAL,72,22,0
PERCIVAL,85,87,41
PERCIVAL,31,0,0
PERCIVAL,81,65,0
PERCIVAL,63,20,11
PERCIVAL,25,0,0
PERCIVAL,96,76,0
PERCIVAL,97,35,0
PERCIVAL,65,94,0
PERCIVAL,62,32,0
PERCIVAL,38,25,0
PERCIVAL,20,0,0
PERCIVAL,93,14,0
PERCIVAL,19,0,0
PERCIVAL,35,5,0
PERCIVAL,74,16,0
PERCIVAL,81,0,0
PERCIVAL,35,69,0
PERCIVAL,8,7,0
PERCIVAL,44,17,0
PERCIVAL,60,35,15
PERCIVAL,27,17,10
PERCIVAL,22,82,0
PERCIVAL,69,31,0
PERCIVAL,68,6,0
PERCIVAL,4,52,2
PERCIVAL,99,82,0
PERCIVAL,37,34,0
PERCIVAL,30,78,22
PERCIVAL,80,38,0
PERCIVAL,70,11,5
PERCIVAL,60,69,2
PERCIVAL,38,18,7
PERCIVAL,29,58,25
PERCIVAL,41,100,0
PERCIVAL,100,0,0
PERCIVAL,58,11,0
PERCIVAL,11,0,0
PERCIVAL,45,3,1
PERCIVAL,66,0,0
PERCIVAL,46,73,0
PERCIVAL,61,46,44
PERCIVAL,28,0,0
PERCIVAL,92,0,0
PERCIVAL,68,12,0
PERCIVAL,37,0,0
PERCIVAL,63,69,24
PERCIVAL,16,92,2
PERCIVAL,21,20,3
PERCIVAL,92,0,0
PERCIVAL,63,21,0
PERCIVAL,42,58,0
PERCIVAL,70,26,0
PERCIVAL,27,0,0
PERCIVAL,10,40,0
PERCIVAL,1,76,0
PERCIVAL,95,97,42
PERCIVAL,46,90,26
PERCIVAL,54,46,18
PERCIVAL,74,71,62
PERCIVAL,1,63,0
PERCIVAL,93,0,0
PERCIVAL,52,86,39
PERCIVAL,100,0,0
PERCIVAL,93,56,0
PERCIVAL,96,64,0
PERCIVAL,51,81,0
PERCIVAL,94,21,0
PERCIVAL,86,0,0
PERCIVAL,6,0,0
PERCIVAL,47,51,0
PERCIVAL,62,52,0
PERCIVAL,61,38,0
PERCIVAL,79,26,8
PERCIVAL,37,95,1
PERCIVAL,73,59,39
PERCIVAL,64,0,0
PERCIVAL,91,90,0
PERCIVAL,75,0,0
PERCIVAL,56,12,0
PERCIVAL,18,28,0
PERCIVAL,59,0,0
PERCIVAL,39,6,0
PERCIVAL,5,82,0
PERCIVAL,10,87,0
PERCIVAL,17,32,1
PERCIVAL,61,57,0
PERCIVAL,2,0,0
PERCIVAL,22,82,0
PERCIVAL,65,14,0
PERCIVAL,96,76,0
PERCIVAL,85,0,0
PERCIVAL,99,74,35
PERCIVAL,43,0,0
PERCIVAL,43,0,0
PERCIVAL,26,59,17
PERCIVAL,82,8,2
PERCIVAL,88,51,0
PERCIVAL,92,62,0
PERCIVAL,26,81,0
PERCIVAL,70,0,0
PERCIVAL,47,96,0
PERCIVAL,68,24,2
PERCIVAL,65,8,0
PERCIVAL,96,80,0
PERCIVAL,44,0,0
PERCIVAL,47,37,0
PERCIVAL,81,0,0
PERCIVAL,35,36,0
PERCIVAL,67,0,0
PERCIVAL,56,19,15
PERCIVAL,11,9,6
PERCIVAL,51,52,0
PERCIVAL,78,38,19
PERCIVAL,27,80,0
PERCIVAL,9,31,0
PERCIVAL,41,5,0
PERCIVAL,76,0,0
PERCIVAL,63,6,0
PERCIVAL,29,100,28
PERCIVAL,97,36,29
PERCIVAL,57,0,0
PERCIVAL,80,0,0
PERCIVAL,2,49,0
PERCIVAL,85,0,0
PERCIVAL,47,73,0
PERCIVAL,87,55,16
PERCIVAL,48,0,0
PERCIVAL,6,99,0
PERCIVAL,54,0,0
PERCIVAL,14,42,2
PERCIVAL,55,0,0
PERCIVAL,81,45,0
PERCIVAL,38,44,29
PERCIVAL,69,71,2
PERCIVAL,60,54,5
PERCIVAL,62,0,0
PERCIVAL,77,47,43
PERCIVAL,3,0,0
PERCIVAL,88,46,44
PERCIVAL,53,46,42
PERCIVAL,26,29,0
PERCIVAL,37,66,0
PERCIVAL,99,48,22
PERCIVAL,84,45,3
PERCIVAL,7,40,5
PERCIVAL,53,82,0
PERCIVAL,1,98,1
PERCIVAL,49,32,0
PERCIVAL,98,77,44
PERCIVAL,20,43,0
PERCIVAL,32,31,0
PERCIVAL,31,89,27
PERCIVAL,40,13,0
PERCIVAL,52,0,0
PERCIVAL,22,0,0
PERCIVAL,52,49,16
PERCIVAL,92,82,15
PERCIVAL,100,66,0
PERCIVAL,3,0,0
PERCIVAL,55,60,21
PERCIVAL,13,64,10
PERCIVAL,36,0,0
PERCIVAL,62,93,0
PERCIVAL,28,79,19
PERCIVAL,96,10,9
PERCIVAL,79,0,0
PERCIVAL,73,96,16
PERCIVAL,69,46,9
PERCIVAL,94,77,0
PERCIVAL,45,17,5
PERCIVAL,2,54,2
PERCIVAL,28,12,0
PERCIVAL,64,65,1
PERCIVAL,86,0,0
PERCIVAL,97,49,0
PERCIVAL,90,5,0
PERCIVAL,64,0,0
PERCIVAL,90,92,0
PERCIVAL,75,91,0
PERCIVAL,62,14,0
PERCIVAL,63,0,0
PERCIVAL,96,8,5
PERCIVAL,52,0,0
PERCIVAL,90,89,0
PERCIVAL,77,0,0
PERCIVAL,30,41,0
PERCIVAL,68,0,0
PERCIVAL,61,84,2
PERCIVAL,5,81,0
PERCIVAL,79,0,0
PERCIVAL,10,31,0
PERCIVAL,43,43,0
PERCIVAL,35,0,0
PERCIVAL,52,3,3
PERCIVAL,2,89,1
PERCIVAL,44,60,1
PERCIVAL,89,51,0
PERCIVAL,14,92,14
PERCIVAL,96,36,0
PERCIVAL,82,39,13
PERCIVAL,20,80,20
PERCIVAL,53,0,0
PERCIVAL,74,13,8
PERCIVAL,43,32,30
PERCIVAL,25,51,1
PERCIVAL,34,65,23
PERCIVAL,55,46,41
PERCIVAL,27,51,0
PERCIVAL,78,2,0
PERCIVAL,12,0,0
PERCIVAL,54,0,0
PERCIVAL,95,33,0
PERCIVAL,56,95,0
PERCIVAL,6,14,0
PERCIVAL,1,11,1
PERCIVAL,80,27,0
PERCIVAL,14,87,0
PERCIVAL,29,74,0
PERCIVAL,4,98,0
PERCIVAL,17,54,0
PERCIVAL,79,11,0
PERCIVAL,94,48,0
PERCIVAL,60,82,0
PERCIVAL,98,51,0
PERCIVAL,61,95,0
PERCIVAL,75,7,0
PERCIVAL,18,0,0
PERCIVAL,67,97,0
PERCIVAL,65,25,14
PERCIVAL,35,0,0
PERCIVAL,82,100,74
PERCIVAL,68,63,9
PERCIVAL,51,53,0
PERCIVAL,94,53,0
PERCIVAL,73,0,0
PERCIVAL,58,0,0
PERCIVAL,76,79,0
PERCIVAL,32,81,26
PERCIVAL,13,63,0
PERCIVAL,95,0,0
PERCIVAL,68,0,0
PERCIVAL,41,0,0
PERCIVAL,94,0,0
PERCIVAL,66,11,3
PERCIVAL,3,31,0
PERCIVAL,28,29,0
PERCIVAL,28,90,0
PERCIVAL,3,67,0
PERCIVAL,87,0,0
PERCIVAL,28,9,7
PERCIVAL,35,79,0
PERCIVAL,17,0,0
PERCIVAL,17,0,0
PERCIVAL,2,91,0
PERCIVAL,93,15,0
PERCIVAL,85,65,0
PERCIVAL,36,78,7
PERCIVAL,43,0,0
PERCIVAL,5,73,5
PERCIVAL,100,29,0
PERCIVAL,69,51,0
PERCIVAL,39,12,0
PERCIVAL,85,0,0
PERCIVAL,94,38,0
PERCIVAL,5,0,0
PERCIVAL,4,86,0
PERCIVAL,25,39,18
PERCIVAL,77,92,0
PERCIVAL,97,87,0
PERCIVAL,15,0,0
PERCIVAL,14,59,0
PERCIVAL,34,74,0
PERCIVAL,56,0,0
PERCIVAL,17,63,17
PERCIVAL,7,57,0
PERCIVAL,14,0,0
PERCIVAL,78,30,11
PERCIVAL,14,22,0
PERCIVAL,31,74,0
PERCIVAL,27,5,0
PERCIVAL,24,50,4
PERCIVAL,43,39,31
PERCIVAL,65,26,23
PERCIVAL,33,0,0
PERCIVAL,44,73,3
PERCIVAL,38,28,3
PERCIVAL,65,29,3
PERCIVAL,28,0,0
PERCIVAL,73,88,0
PERCIVAL,39,25,0
PERCIVAL,10,0,0
PERCIVAL,83,14,0
PERCIVAL,14,32,10
PERCIVAL,72,0,0
PERCIVAL,28,82,2
PERCIVAL,87,21,0
PERCIVAL,14,62,0
PERCIVAL,79,23,23
PERCIVAL,4,29,0
PERCIVAL,6,0,0
PERCIVAL,49,18,17
PERCIVAL,79,0,0
PERCIVAL,39,1,1
PERCIVAL,24,0,0
PERCIVAL,59,48,0
PERCIVAL,74,87,45
PERCIVAL,63,0,0
PERCIVAL,2,45,0
PERCIVAL,68,10,9
PERCIVAL,16,0,0
PERCIVAL,44,0,0
PERCIVAL,85,81,0
PERCIVAL,20,50,0
PERCIVAL,79,85,60
PERCIVAL,40,0,0
PERCIVAL,12,95,11
PERCIVAL,96,78,68
PERCIVAL,11,14,0
PERCIVAL,50,0,0
PERCIVAL,9,0,0
PERCIVAL,46,93,0
PERCIVAL,43,89,43
PERCIVAL,15,11,0
PERCIVAL,5,66,0
PERCIVAL,50,72,0
PERCIVAL,80,62,0
PERCIVAL,25,57,19
PERCIVAL,35,26,19
PERCIVAL,5,53,0
PERCIVAL,88,6,1
PERCIVAL,91,7,1
PERCIVAL,28,14,0
PERCIVAL,17,95,0
PERCIVAL,24,0,0
PERCIVAL,51,99,0
PERCIVAL,21,54,20
PERCIVAL,46,0,0
PERCIVAL,13,92,6
PERCIVAL,86,66,0
PERCIVAL,76,41,0
PERCIVAL,8,0,0
PERCIVAL,65,0,0
PERCIVAL,73,0,0
PERCIVAL,96,14,0
PERCIVAL,34,49,0
PERCIVAL,77,83,38
PERCIVAL,98,93,49
PERCIVAL,26,81,0
PERCIVAL,44,0,0
PERCIVAL,76,42,0
PERCIVAL,60,0,0
PERCIVAL,47,6,6
PERCIVAL,2,6,2
PERCIVAL,3,0,0
PERCIVAL,79,2,0
PERCIVAL,14,77,13
PERCIVAL,37,59,19
PERCIVAL,57,5,0
PERCIVAL,91,0,0
PERCIVAL,66,14,6
PERCIVAL,76,91,0
PERCIVAL,89,0,0
PERCIVAL,21,0,0
PERCIVAL,33,13,3
PERCIVAL,68,0,0
PERCIVAL,10,78,0
PERCIVAL,76,47,0
PERCIVAL,57,64,0
PERCIVAL,29,0,0
PERCIVAL,55,88,19
PERCIVAL,6,12,0
PERCIVAL,97,0,0
PERCIVAL,93,83,0
PERCIVAL,3,0,0
PERCIVAL,93,0,0
PERCIVAL,96,76,7
PERCIVAL,51,58,43
PERCIVAL,47,0,0
PERCIVAL,67,0,0
PERCIVAL,28,1,0
PERCIVAL,81,4,1
PERCIVAL,57,26,0
PERCIVAL,46,0,0
PERCIVAL,19,94,0
PERCIVAL,7,81,7
PERCIVAL,71,90,0
PERCIVAL,31,0,0
PERCIVAL,22,0,0
PERCIVAL,66,0,0
PERCIVAL,58,51,0
PERCIVAL,40,2,1
PERCIVAL,85,17,12
PERCIVAL,95,88,73
PERCIVAL,12,22,0
PERCIVAL,74,44,41
PERCIVAL,8,49,0
PERCIVAL,35,57,0
PERCIVAL,29,71,0
PERCIVAL,22,18,1
PERCIVAL,36,62,32
PERCIVAL,93,14,0
PERCIVAL,80,0,0
PERCIVAL,42,84,31
PERCIVAL,12,0,0
PERCIVAL,73,68,27
PERCIVAL,78,55,19
PERCIVAL,25,0,0
PERCIVAL,83,64,39
PERCIVAL,19,0,0
PERCIVAL,9,0,0
PERCIVAL,35,0,0
PERCIVAL,52,3,1
PERCIVAL,14,0,0
PERCIVAL,30,0,0
PERCIVAL,38,80,0
PERCIVAL,64,55,0
PERCIVAL,51,0,0
PERCIVAL,39,67,28
PERCIVAL,57,0,0
PERCIVAL,22,98,17
PERCIVAL,88,10,1
PERCIVAL,91,7,0
PERCIVAL,76,0,0
PERCIVAL,68,95,0
PERCIVAL,77,0,0
PERCIVAL,42,77,0
PERCIVAL,36,75,7
PERCIVAL,15,35,0
PERCIVAL,72,80,0
PERCIVAL,42,7,6
PERCIVAL,3,18,0
PERCIVAL,46,4,0
PERCIVAL,7,93,2
PERCIVAL,45,0,0
PERCIVAL,17,29,0
PERCIVAL,99,0,0
PERCIVAL,96,76,0
PERCIVAL,77,0,0
PERCIVAL,19,0,0
PERCIVAL,69,56,0
PERCIVAL,7,94,0
PERCIVAL,59,75,47
PERCIVAL,5,92,0
PERCIVAL,87,97,16
PERCIVAL,1,37,0
PERCIVAL,99,0,0
PERCIVAL,88,96,0
PERCIVAL,30,0,0
PERCIVAL,3,74,0
PERCIVAL,33,7,0
PERCIVAL,8,0,0
PERCIVAL,38,75,0
PERCIVAL,51,0,0
PERCIVAL,73,87,0
PERCIVAL,87,12,0
PERCIVAL,17,50,0
PERCIVAL,14,11,0
PERCIVAL,42,80,10
PERCIVAL,4,93,4
PERCIVAL,55,98,0
PERCIVAL,44,0,0
PERCIVAL,69,0,0
PERCIVAL,96,56,0
PERCIVAL,97,0,0
PERCIVAL,44,78,0
PERCIVAL,16,36,5
PERCIVAL,8,97,0
PERCIVAL,11,64,0
PERCIVAL,43,21,10
PERCIVAL,67,0,0
PERCIVAL,83,0,0
PERCIVAL,35,78,0
PERCIVAL,22,31,10
PERCIVAL,34,3,0
PERCIVAL,9,60,4
PERCIVAL,75,0,0
PERCIVAL,56,77,26
PERCIVAL,14,82,5
PERCIVAL,71,68,0
PERCIVAL,63,76,28
PERCIVAL,59,13,0
PERCIVAL,70,99,39
PERCIVAL,26,0,0
PERCIVAL,45,89,11
PERCIVAL,16,81,6
PERCIVAL,4,15,1
PERCIVAL,40,34,4
PERCIVAL,42,3,0
PERCIVAL,20,12,5
PERCIVAL,75,36,31
PERCIVAL,88,58,1
PERCIVAL,89,0,0
PERCIVAL,74,67,42
PERCIVAL,48,8,6
PERCIVAL,44,14,1
PERCIVAL,67,0,0
PERCIVAL,76,2,1
PERCIVAL,73,94,30
PERCIVAL,75,0,0
PERCIVAL,35,66,0
PERCIVAL,91,46,0
PERCIVAL,7,76,0
PERCIVAL,62,0,0
PERCIVAL,92,5,0
PERCIVAL,2,73,1
PERCIVAL,58,88,0
PERCIVAL,41,99,30
PERCIVAL,54,0,0
PERCIVAL,78,92,47
PERCIVAL,93,84,0
PERCIVAL,69,0,0
PERCIVAL,31,88,0
PERCIVAL,42,0,0
PERCIVAL,48,81,29
PERCIVAL,37,17,4
PERCIVAL,5,86,3
PERCIVAL,30,1,1
PERCIVAL,59,75,0
PERCIVAL,50,82,0
PERCIVAL,89,3,0
PERCIVAL,98,1,1
PERCIVAL,41,0,0
PERCIVAL,80,0,0
PERCIVAL,1,0,0
PERCIVAL,80,68,0
PERCIVAL,68,0,0
PERCIVAL,93,57,3
PERCIVAL,84,53,0
PERCIVAL,15,0,0
PERCIVAL,58,0,0
PERCIVAL,51,11,11
PERCIVAL,33,42,0
PERCIVAL,27,47,0
PERCIVAL,46,38,0
PERCIVAL,24,0,0
PERCIVAL,49,96,0
PERCIVAL,23,0,0
PERCIVAL,40,63,31
PERCIVAL,6,6,6
PERCIVAL,53,92,53
PERCIVAL,35,0,0
PERCIVAL,77,0,0
PERCIVAL,47,48,0
PERCIVAL,32,65,0
PERCIVAL,95,89,0
PERCIVAL,76,0,0
PERCIVAL,3,24,3
PERCIVAL,34,0,0
PERCIVAL,83,89,0
PERCIVAL,62,95,0
PERCIVAL,61,0,0
PERCIVAL,29,18,18
PERCIVAL,84,31,0
PERCIVAL,50,0,0
PERCIVAL,15,0,0
PERCIVAL,46,21,0
PERCIVAL,74,0,0
PERCIVAL,50,0,0
PERCIVAL,31,62,29
PERCIVAL,63,80,0
PERCIVAL,48,97,0
PERCIVAL,33,35,17
PERCIVAL,30,33,23
PERCIVAL,67,0,0
PERCIVAL,88,0,0
PERCIVAL,4,0,0
PERCIVAL,84,14,0
PERCIVAL,86,94,0
PERCIVAL,58,82,36
PERCIVAL,39,29,0
PERCIVAL,88,0,0
PERCIVAL,54,0,0
PERCIVAL,13,0,0
PERCIVAL,8,91,0
PERCIVAL,49,84,0
PERCIVAL,20,18,0
PERCIVAL,37,30,0
PERCIVAL,97,0,0
PERCIVAL,24,26,0
PERCIVAL,79,43,0
PERCIVAL,55,36,0
PERCIVAL,54,0,0
PERCIVAL,94,54,0
PERCIVAL,27,3,0
PERCIVAL,73,46,0
PERCIVAL,90,25,14
PERCIVAL,27,86,25
PERCIVAL,17,0,0
PERCIVAL,37,92,0
PERCIVAL,20,47,0
PERCIVAL,33,100,0
PERCIVAL,48,0,0
PERCIVAL,61,55,0
PERCIVAL,62,0,0
PERCIVAL,72,14,0
PERCIVAL,53,66,0
PERCIVAL,100,31,24
PERCIVAL,10,13,4
PERCIVAL,15,61,0
PERCIVAL,52,0,0
PERCIVAL,31,0,0
PERCIVAL,62,52,0
PERCIVAL,72,19,6
PERCIVAL,97,40,0
PERCIVAL,71,22,0
PERCIVAL,39,38,0
PERCIVAL,72,0,0
PERCIVAL,83,0,0
PERCIVAL,35,19,0
PERCIVAL,24,92,16
PERCIVAL,87,48,0
PERCIVAL,67,0,0
PERCIVAL,51,40,0
PERCIVAL,91,55,0
PERCIVAL,38,0,0
PERCIVAL,3,97,3
PERCIVAL,59,98,50
PERCIVAL,96,33,0
PERCIVAL,95,91,68
PERCIVAL,78,55,0
PERCIVAL,35,87,0
PERCIVAL,73,36,0
PERCIVAL,71,0,0
PERCIVAL,31,34,27
PERCIVAL,3,29,0
PERCIVAL,41,32,0
PERCIVAL,95,35,18
PERCIVAL,8,47,0
PERCIVAL,5,65,0
PERCIVAL,37,13,5
PERCIVAL,19,0,0
PERCIVAL,7,57,7
PERCIVAL,1,29,0
PERCIVAL,27,33,0
PERCIVAL,60,23,0
PERCIVAL,20,36,0
PERCIVAL,41,8,0
PERCIVAL,2,93,2
PERCIVAL,20,40,3
PERCIVAL,77,26,13
PERCIVAL,72,38,28
PERCIVAL,68,0,0
PERCIVAL,88,8,0
PERCIVAL,82,25,0
PERCIVAL,9,20,7
PERCIVAL,75,0,0
PERCIVAL,90,11,0
PERCIVAL,40,22,17
PERCIVAL,73,0,0
PERCIVAL,80,62,0
PERCIVAL,82,94,0
PERCIVAL,71,0,0
PERCIVAL,26,0,0
PERCIVAL,41,40,36
PERCIVAL,3,56,2
PERCIVAL,2,45,0
PERCIVAL,51,0,0
PERCIVAL,11,30,0
PERCIVAL,98,45,1
PERCIVAL,40,0,0
PERCIVAL,80,4,2
PERCIVAL,92,31,0
PERCIVAL,55,89,23
PERCIVAL,22,0,0
PERCIVAL,52,0,0
PERCIVAL,22,54,0
PERCIVAL,90,39,25
PERCIVAL,83,0,0
PERCIVAL,3,0,0
PERCIVAL,88,22,12
PERCIVAL,93,0,0
PERCIVAL,82,83,0
PERCIVAL,42,17,0
PERCIVAL,44,0,0
PERCIVAL,73,82,65
PERCIVAL,65,0,0
PERCIVAL,29,60,24
PERCIVAL,88,0,0
PERCIVAL,57,62,0
PERCIVAL,54,77,14
PERCIVAL,80,64,35
PERCIVAL,60,46,0
PERCIVAL,69,0,0
PERCIVAL,75,0,0
PERCIVAL,24,0,0
PERCIVAL,73,3,0
PERCIVAL,11,23,0
PERCIVAL,39,46,7
PERCIVAL,98,74,0
PERCIVAL,65,47,0
PERCIVAL,71,51,0
PERCIVAL,65,76,2
PERCIVAL,8,69,0
PERCIVAL,46,0,0
PERCIVAL,60,2,0
PERCIVAL,17,0,0
PERCIVAL,99,2,1
PERCIVAL,28,0,0
PERCIVAL,7,71,1
PERCIVAL,31,0,0
PERCIVAL,85,0,0
PERCIVAL,93,75,14
PERCIVAL,56,53,0
PERCIVAL,38,83,34
PERCIVAL,53,0,0
PERCIVAL,35,13,0
PERCIVAL,51,12,0
PERCIVAL,37,55,0
PERCIVAL,49,0,0
PERCIVAL,66,62,0
PERCIVAL,72,0,0
PERCIVAL,23,31,0
PERCIVAL,52,17,0
PERCIVAL,82,40,0
PERCIVAL,19,99,13
PERCIVAL,93,9,5
PERCIVAL,36,70,0
PERCIVAL,80,100,0
PERCIVAL,71,50,8
PERCIVAL,21,9,0
PERCIVAL,75,55,0
PERCIVAL,94,56,38
PERCIVAL,62,0,0
PERCIVAL,50,32,3
PERCIVAL,66,0,0
PERCIVAL,44,0,0
PERCIVAL,93,0,0
PERCIVAL,34,68,15
PERCIVAL,40,0,0
PERCIVAL,26,65,25
PERCIVAL,80,77,0
PERCIVAL,87,0,0
PERCIVAL,76,99,61
PERCIVAL,94,6,0
PERCIVAL,5,40,0
PERCIVAL,99,36,0
PERCIVAL,55,30,17
PERCIVAL,44,93,29
PERCIVAL,99,3,2
PERCIVAL,1,93,0
PERCIVAL,68,24,18
PERCIVAL,58,57,6
PERCIVAL,9,10,0
PERCIVAL,49,0,0
PERCIVAL,94,77,0
PERCIVAL,55,81,0
PERCIVAL,91,32,0
PERCIVAL,100,53,0
PERCIVAL,10,61,0
PERCIVAL,23,50,6
PERCIVAL,74,6,5
PERCIVAL,47,40,6
PERCIVAL,64,74,0
PERCIVAL,35,6,0
PERCIVAL,85,42,0
PERCIVAL,7,45,4
PERCIVAL,3,0,0
PERCIVAL,4,0,0
PERCIVAL,71,0,0
PERCIVAL,26,63,0
PERCIVAL,81,83,33
PERCIVAL,83,0,0
PERCIVAL,22,0,0
PERCIVAL,6,0,0
PERCIVAL,5,79,0
PERCIVAL,81,0,0
PERCIVAL,33,59,0
PERCIVAL,78,57,0
PERCIVAL,23,61,0
PERCIVAL,92,29,29
PERCIVAL,6,77,0
PERCIVAL,80,0,0
PERCIVAL,93,19,0
PERCIVAL,61,12,11
PERCIVAL,79,80,0
PERCIVAL,54,0,0
PERCIVAL,34,65,0
PERCIVAL,14,99,14
PERCIVAL,4,10,0
PERCIVAL,38,0,0
PERCIVAL,77,0,0
PERCIVAL,40,36,0
PERCIVAL,8,0,0
PERCIVAL,81,10,0
PERCIVAL,21,3,0
PERCIVAL,85,0,0
PERCIVAL,95,0,0
PERCIVAL,97,40,0
PERCIVAL,28,0,0
PERCIVAL,59,0,0
PERCIVAL,84,36,0
PERCIVAL,73,51,0
PERCIVAL,74,31,23
PERCIVAL,22,0,0
PERCIVAL,23,0,0
PERCIVAL,99,32,30
PERCIVAL,2,0,0
PERCIVAL,92,0,0
PERCIVAL,72,0,0
PERCIVAL,7,0,0
PERCIVAL,8,0,0
PERCIVAL,78,53,0
PERCIVAL,50,94,0
PERCIVAL,14,72,4
PERCIVAL,27,71,0
PERCIVAL,26,66,0
PERCIVAL,92,33,2
PERCIVAL,80,0,0
PERCIVAL,16,48,16
PERCIVAL,75,41,27
PERCIVAL,79,92,0
PERCIVAL,2,44,2
PERCIVAL,88,26,0
PERCIVAL,39,22,18
PERCIVAL,70,46,0
PERCIVAL,40,0,0
PERCIVAL,82,0,0
PERCIVAL,2,76,2
PERCIVAL,59,11,9
PERCIVAL,3,9,0
PERCIVAL,100,96,0
PERCIVAL,15,0,0
PERCIVAL,7,0,0
PERCIVAL,57,0,0
PERCIVAL,66,40,23
PERCIVAL,90,60,0
PERCIVAL,23,34,0
PERCIVAL,8,57,0
PERCIVAL,88,11,0
PERCIVAL,88,35,0
PERCIVAL,90,0,0
PERCIVAL,52,66,0
PERCIVAL,61,86,0
PERCIVAL,33,58,0
PERCIVAL,76,0,0
PERCIVAL,3,0,0
PERCIVAL,58,67,0
PERCIVAL,67,17,13
PERCIVAL,86,0,0
PERCIVAL,100,0,0
PERCIVAL,71,80,4
PERCIVAL,13,12,10
PERCIVAL,86,0,0
PERCIVAL,78,70,0
PERCIVAL,11,36,0
PERCIVAL,97,42,0
PERCIVAL,88,68,0
PERCIVAL,81,64,0
PERCIVAL,25,3,0
PERCIVAL,43,61,0
PERCIVAL,51,0,0
PERCIVAL,63,25,0
PERCIVAL,29,16,0
PERCIVAL,10,9,0
PERCIVAL,100,67,0
PERCIVAL,61,0,0
PERCIVAL,46,43,12
PERCIVAL,77,3,1
PERCIVAL,58,44,4
PERCIVAL,30,83,0
PERCIVAL,35,0,0
PERCIVAL,88,41,0
PERCIVAL,99,48,3
PERCIVAL,63,16,0
PERCIVAL,24,0,0
PERCIVAL,58,3,0
PERCIVAL,13,2,0
PERCIVAL,20,96,0
PERCIVAL,99,0,0
PERCIVAL,37,0,0
PERCIVAL,21,60,0
PERCIVAL,82,89,39
PERCIVAL,84,0,0
PERCIVAL,3,81,0
PERCIVAL,41,19,9
PERCIVAL,31,83,9
PERCIVAL,56,51,0
PERCIVAL,22,21,0
PERCIVAL,1,59,1
PERCIVAL,44,72,38
PERCIVAL,36,0,0
PERCIVAL,45,0,0
PERCIVAL,42,14,0
PERCIVAL,27,0,0
PERCIVAL,85,73,0
PERCIVAL,6,0,0
PERCIVAL,49,27,0
PERCIVAL,86,75,0
PERCIVAL,29,0,0
PERCIVAL,15,54,10
PERCIVAL,8,69,2
PERCIVAL,21,79,0
PERCIVAL,48,0,0
PERCIVAL,90,92,15
PERCIVAL,38,64,0
PERCIVAL,84,94,0
PERCIVAL,83,0,0
PERCIVAL,11,55,0
PERCIVAL,61,75,0
PERCIVAL,91,0,0
PERCIVAL,96,56,0
PERCIVAL,66,41,0
PERCIVAL,24,75,12
PERCIVAL,75,74,0
PERCIVAL,75,43,0
PERCIVAL,12,0,0
PERCIVAL,76,19,0
PERCIVAL,24,20,0
PERCIVAL,83,0,0
PERCIVAL,100,22,4
PERCIVAL,73,96,59
PERCIVAL,18,88,7
PERCIVAL,74,0,0
PERCIVAL,72,62,0
PERCIVAL,52,72,25
PERCIVAL,59,84,0
PERCIVAL,21,98,12
PERCIVAL,14,25,0
PERCIVAL,71,63,0
PERCIVAL,61,0,0
PERCIVAL,11,97,11
PERCIVAL,57,51,0
PERCIVAL,78,13,1
PERCIVAL,1,47,0
PERCIVAL,19,77,0
PERCIVAL,27,40,0
PERCIVAL,71,0,0
PERCIVAL,58,31,0
PERCIVAL,78,0,0
PERCIVAL,24,26,16
PERCIVAL,5,32,2
PERCIVAL,77,58,0
PERCIVAL,42,0,0
PERCIVAL,80,0,0
PERCIVAL,60,17,1
PERCIVAL,35,95,0
PERCIVAL,88,80,33
PERCIVAL,46,33,0
PERCIVAL,70,0,0
PERCIVAL,24,0,0
PERCIVAL,55,19,0
PERCIVAL,39,30,4
PERCIVAL,47,0,0
PERCIVAL,85,66,0
PERCIVAL,58,18,0
PERCIVAL,54,66,0
PERCIVAL,55,74,0
PERCIVAL,44,0,0
PERCIVAL,81,6,4
PERCIVAL,39,20,0
PERCIVAL,64,66,29
PERCIVAL,39,0,0
PERCIVAL,66,0,0
PERCIVAL,6,0,0
PERCIVAL,27,0,0
PERCIVAL,9,0,0
PERCIVAL,13,89,13
PERCIVAL,31,70,10
PERCIVAL,13,0,0
PERCIVAL,100,17,12
PERCIVAL,39,84,33
PERCIVAL,52,0,0
PERCIVAL,22,45,0
PERCIVAL,16,12,12
PERCIVAL,70,0,0
PERCIVAL,22,93,0
PERCIVAL,51,0,0
PERCIVAL,92,71,0
PERCIVAL,89,18,0
PERCIVAL,10,15,0
PERCIVAL,54,79,3
PERCIVAL,77,86,42
PERCIVAL,28,42,0
PERCIVAL,53,95,0
PERCIVAL,1,31,0
PERCIVAL,39,55,23
PERCIVAL,55,77,25
PERCIVAL,69,99,6
PERCIVAL,1,63,0
PERCIVAL,29,18,0
PERCIVAL,54,0,0
PERCIVAL,86,13,0
PERCIVAL,69,82,0
PERCIVAL,71,0,0
PERCIVAL,15,88,15
PERCIVAL,49,25,0
PERCIVAL,29,23,3
PERCIVAL,92,84,0
PERCIVAL,14,80,7
PERCIVAL,92,12,0
PERCIVAL,65,70,43
PERCIVAL,40,0,0
PERCIVAL,60,49,46
PERCIVAL,50,7,0
PERCIVAL,58,0,0
PERCIVAL,44,41,0
PERCIVAL,71,67,19
PERCIVAL,94,64,0
PERCIVAL,59,0,0
PERCIVAL,15,50,9
PERCIVAL,82,0,0
PERCIVAL,63,2,0
PERCIVAL,43,29,7
PERCIVAL,49,0,0
PERCIVAL,12,39,0
PERCIVAL,53,48,40
PERCIVAL,63,43,0
PERCIVAL,45,0,0
PERCIVAL,84,67,0
PERCIVAL,64,70,0
PERCIVAL,14,51,0
PERCIVAL,13,98,0
PERCIVAL,49,20,1
PERCIVAL,26,27,19
PERCIVAL,94,97,0
PERCIVAL,88,18,0
PERCIVAL,76,0,0
PERCIVAL,35,0,0
PERCIVAL,23,53,0
PERCIVAL,48,69,0
PERCIVAL,66,52,17
PERCIVAL,97,52,14
PERCIVAL,26,88,0
PERCIVAL,38,0,0
PERCIVAL,75,49,42
PERCIVAL,4,0,0
PERCIVAL,51,48,19
PERCIVAL,95,53,0
PERCIVAL,33,77,0
PERCIVAL,52,96,0
PERCIVAL,33,1,0
PERCIVAL,46,15,0
PERCIVAL,71,57,0
PERCIVAL,31,0,0
PERCIVAL,70,11,0
PERCIVAL,40,50,0
PERCIVAL,85,42,29
PERCIVAL,36,0,0
PERCIVAL,79,0,0
PERCIVAL,99,74,60
PERCIVAL,38,0,0
PERCIVAL,57,0,0
PERCIVAL,68,77,0
PERCIVAL,35,19,14
PERCIVAL,54,58,0
PERCIVAL,88,13,6
PERCIVAL,100,57,0
PERCIVAL,69,0,0
PERCIVAL,73,0,0
PERCIVAL,50,29,0
PERCIVAL,89,93,0
PERCIVAL,23,0,0
PERCIVAL,21,0,0
PERCIVAL,48,14,7
PERCIVAL,22,0,0
PERCIVAL,48,58,9
PERCIVAL,57,44,40
PERCIVAL,92,0,0
PERCIVAL,29,0,0
PERCIVAL,36,54,3
PERCIVAL,30,11,10
PERCIVAL,86,76,56
PERCIVAL,76,0,0
PERCIVAL,70,0,0
PERCIVAL,100,0,0
PERCIVAL,55,36,19
PERCIVAL,22,66,19
PERCIVAL,52,64,0
PERCIVAL,19,0,0
PERCIVAL,40,0,0
PERCIVAL,40,0,0
PERCIVAL,22,23,3
PERCIVAL,64,0,0
PERCIVAL,87,84,0
PERCIVAL,60,13,10
PERCIVAL,86,0,0
PERCIVAL,48,43,0
PERCIVAL,10,52,1
PERCIVAL,88,60,36
PERCIVAL,69,0,0
PERCIVAL,28,5,5
PERCIVAL,40,0,0
PERCIVAL,6,0,0
PERCIVAL,88,43,0
PERCIVAL,94,27,0
PERCIVAL,95,0,0
PERCIVAL,22,0,0
PERCIVAL,60,96,43
PERCIVAL,99,0,0
PERCIVAL,60,48,0
PERCIVAL,11,96,0
PERCIVAL,35,55,0
PERCIVAL,47,0,0
PERCIVAL,74,20,0
PERCIVAL,67,76,36
PERCIVAL,82,75,65
PERCIVAL,82,90,0
PERCIVAL,85,34,4
PERCIVAL,58,0,0
PERCIVAL,16,29,3
PERCIVAL,81,0,0
PERCIVAL,32,42,0
PERCIVAL,95,55,48
PERCIVAL,43,0,0
PERCIVAL,17,81,0
PERCIVAL,28,63,14
PERCIVAL,17,0,0
PERCIVAL,57,1,0
PERCIVAL,94,45,14
PERCIVAL,2,0,0
PERCIVAL,17,15,7
PERCIVAL,74,0,0
PERCIVAL,40,0,0
PERCIVAL,98,0,0
PERCIVAL,37,17,12
PERCIVAL,31,30,0
PERCIVAL,31,24,0
PERCIVAL,29,44,4
PERCIVAL,77,56,0
PERCIVAL,70,0,0
PERCIVAL,30,25,0
PERCIVAL,91,54,0
PERCIVAL,27,52,0
PERCIVAL,40,60,12
PERCIVAL,62,0,0
PERCIVAL,49,0,0
PERCIVAL,66,0,0
PERCIVAL,44,70,40
PERCIVAL,11,0,0
PERCIVAL,29,100,26
PERCIVAL,39,8,6
PERCIVAL,65,0,0
PERCIVAL,15,85,8
PERCIVAL,80,0,0
PERCIVAL,63,0,0
PERCIVAL,4,0,0
PERCIVAL,74,20,12
PERCIVAL,35,0,0
PERCIVAL,21,98,15
PERCIVAL,25,10,0
PERCIVAL,57,0,0
PERCIVAL,20,21,0
PERCIVAL,85,20,0
PERCIVAL,7,52,0
PERCIVAL,37,72,0
PERCIVAL,41,30,0
PERCIVAL,78,0,0
PERCIVAL,88,0,0
PERCIVAL,43,78,0
PERCIVAL,23,60,6
PERCIVAL,96,50,26
PERCIVAL,50,0,0
PERCIVAL,49,40,16
PERCIVAL,41,0,0
PERCIVAL,20,0,0
PERCIVAL,47,56,47
PERCIVAL,48,6,0
PERCIVAL,64,21,0
PERCIVAL,1,81,1
PERCIVAL,79,89,0
PERCIVAL,98,20,1
PERCIVAL,20,96,0
PERCIVAL,97,76,0
PERCIVAL,76,53,0
PERCIVAL,45,11,0
PERCIVAL,60,95,0
PERCIVAL,8,96,0
PERCIVAL,69,32,7
PERCIVAL,29,0,0
PERCIVAL,83,87,16
PERCIVAL,43,0,0
PERCIVAL,18,18,5
PERCIVAL,83,24,0
PERCIVAL,20,24,0
PERCIVAL,23,0,0
PERCIVAL,76,91,9
PERCIVAL,74,21,0
PERCIVAL,47,73,31
PERCIVAL,54,1,0
PERCIVAL,68,0,0
PERCIVAL,11,42,0
PERCIVAL,91,0,0
PERCIVAL,33,0,0
PERCIVAL,36,95,0
PERCIVAL,94,0,0
PERCIVAL,84,1,0
PERCIVAL,20,59,12
PERCIVAL,79,38,0
PERCIVAL,46,0,0
PERCIVAL,75,9,0
PERCIVAL,47,0,0
PERCIVAL,13,50,5
PERCIVAL,5,88,0
PERCIVAL,7,0,0
PERCIVAL,90,81,0
PERCIVAL,24,41,0
PERCIVAL,62,47,16
PERCIVAL,12,0,0
PERCIVAL,6,78,0
PERCIVAL,78,0,0
PERCIVAL,92,0,0
PERCIVAL,91,75,6
PERCIVAL,8,85,6
PERCIVAL,76,75,64
PERCIVAL,3,31,0
PERCIVAL,4,0,0
PERCIVAL,44,31,0
PERCIVAL,35,92,0
PERCIVAL,28,0,0
PERCIVAL,40,88,40
PERCIVAL,37,26,8
PERCIVAL,46,46,23
PERCIVAL,47,86,0
PERCIVAL,41,0,0
PERCIVAL,54,10,6
PERCIVAL,100,94,0
PERCIVAL,54,88,0
PERCIVAL,35,14,0
PERCIVAL,12,57,0
PERCIVAL,45,30,13
PERCIVAL,25,65,0
PERCIVAL,44,0,0
PERCIVAL,17,0,0
PERCIVAL,93,20,0
PERCIVAL,45,45,42
PERCIVAL,78,0,0
PERCIVAL,55,55,0
PERCIVAL,10,83,0
PERCIVAL,94,0,0
PERCIVAL,79,63,0
PERCIVAL,15,0,0
PERCIVAL,79,13,13
PERCIVAL,86,11,0
PERCIVAL,73,89,0
PERCIVAL,47,54,0
PERCIVAL,16,56,0
PERCIVAL,23,31,0
PERCIVAL,28,0,0
PERCIVAL,80,0,0
PERCIVAL,74,26,22
PERCIVAL,5,46,1
PERCIVAL,77,43,5
PERCIVAL,27,0,0
PERCIVAL,55,95,0
PERCIVAL,52,84,0
PERCIVAL,90,6,4
PERCIVAL,99,28,0
PERCIVAL,33,78,0
PERCIVAL,17,65,0
PERCIVAL,65,0,0
PERCIVAL,15,88,0
PERCIVAL,28,67,0
PERCIVAL,97,0,0
PERCIVAL,78,58,0
PERCIVAL,19,0,0
PERCIVAL,73,36,12
PERCIVAL,14,79,11
PERCIVAL,9,93,0
PERCIVAL,83,0,0
PERCIVAL,68,0,0
PERCIVAL,61,17,13
PERCIVAL,86,0,0
PERCIVAL,17,13,9
PERCIVAL,44,100,0
PERCIVAL,79,54,0
PERCIVAL,19,76,0
PERCIVAL,74,9,0
PERCIVAL,24,40,0
PERCIVAL,13,68,4
PERCIVAL,4,34,0
PERCIVAL,7,74,0
PERCIVAL,51,77,0
PERCIVAL,24,67,19
PERCIVAL,87,97,0
PERCIVAL,74,81,0
PERCIVAL,12,48,0
PERCIVAL,86,96,30
PERCIVAL,29,0,0
PERCIVAL,90,0,0
PERCIVAL,99,0,0
PERCIVAL,97,0,0
PERCIVAL,32,94,0
PERCIVAL,46,0,0
PERCIVAL,74,0,0
PERCIVAL,9,16,0
PERCIVAL,35,43,0
PERCIVAL,71,83,0
PERCIVAL,18,0,0
PERCIVAL,47,19,9
PERCIVAL,21,17,0
PERCIVAL,55,32,0
PERCIVAL,16,0,0
PERCIVAL,62,23,13
PERCIVAL,40,0,0
PERCIVAL,33,69,9
PERCIVAL,74,41,0
PERCIVAL,10,14,0
PERCIVAL,79,28,0
PERCIVAL,15,0,0
PERCIVAL,12,94,2
PERCIVAL,3,0,0
PERCIVAL,2,11,1
PERCIVAL,79,61,3
PERCIVAL,36,59,0
PERCIVAL,72,0,0
PERCIVAL,88,94,87
PERCIVAL,39,37,0
PERCIVAL,9,23,0
PERCIVAL,18,92,13
PERCIVAL,85,0,0
PERCIVAL,100,88,0
PERCIVAL,52,0,0
PERCIVAL,85,88,9
PERCIVAL,73,77,28
PERCIVAL,38,61,0
PERCIVAL,30,81,17
PERCIVAL,67,53,27
PERCIVAL,18,87,0
PERCIVAL,70,9,0
PERCIVAL,76,16,0
PERCIVAL,8,85,0
PERCIVAL,72,0,0
PERCIVAL,70,0,0
PERCIVAL,58,0,0
PERCIVAL,31,8,0
PERCIVAL,59,96,0
PERCIVAL,58,19,10
PERCIVAL,4,0,0
PERCIVAL,4,0,0
PERCIVAL,42,0,0
PERCIVAL,63,52,0
PERCIVAL,38,16,0
PERCIVAL,36,0,0
PERCIVAL,20,40,0
PERCIVAL,1,29,1
PERCIVAL,58,10,7
PERCIVAL,41,77,0
PERCIVAL,39,2,0
PERCIVAL,22,81,0
PERCIVAL,84,0,0
PERCIVAL,6,32,0
PERCIVAL,73,58,0
PERCIVAL,76,61,0
PERCIVAL,33,0,0
PERCIVAL,44,60,0
PERCIVAL,92,0,0
PERCIVAL,30,0,0
PERCIVAL,24,7,0
PERCIVAL,75,0,0
PERCIVAL,35,0,0
PERCIVAL,11,24,0
PERCIVAL,91,66,61
PERCIVAL,50,0,0
PERCIVAL,91,0,0
PERCIVAL,53,74,0
PERCIVAL,79,16,15
PERCIVAL,62,6,0
PERCIVAL,74,46,38
PERCIVAL,70,20,0
PERCIVAL,78,0,0
PERCIVAL,92,0,0
PERCIVAL,38,99,1
PERCIVAL,8,51,0
PERCIVAL,22,0,0
PERCIVAL,34,0,0
PERCIVAL,23,0,0
PERCIVAL,59,22,4
PERCIVAL,83,90,6
PERCIVAL,3,44,2
PERCIVAL,79,22,4
PERCIVAL,14,0,0
PERCIVAL,1,0,0
PERCIVAL,90,90,24
PERCIVAL,79,44,0
PERCIVAL,32,0,0
PERCIVAL,25,95,0
PERCIVAL,20,0,0
PERCIVAL,26,0,0
PERCIVAL,2,50,1
PERCIVAL,100,43,0
PERCIVAL,49,95,0
PERCIVAL,72,93,0
PERCIVAL,79,47,4
PERCIVAL,86,0,0
PERCIVAL,91,69,0
PERCIVAL,63,43,0
PERCIVAL,72,62,16
PERCIVAL,53,0,0
PERCIVAL,89,59,0
PERCIVAL,69,41,0
PERCIVAL,5,59,0
PERCIVAL,19,32,0
PERCIVAL,74,75,41
PERCIVAL,9,0,0
PERCIVAL,8,0,0
PERCIVAL,9,0,0
PERCIVAL,75,29,0
PERCIVAL,29,3,0
PERCIVAL,30,0,0
PERCIVAL,4,36,2
PERCIVAL,59,0,0
PERCIVAL,20,50,9
PERCIVAL,17,34,0
PERCIVAL,67,74,0
PERCIVAL,63,63,16
PERCIVAL,58,97,0
PERCIVAL,4,25,0
PERCIVAL,4,55,2
PERCIVAL,96,8,5
PERCIVAL,86,74,0
PERCIVAL,55,0,0
PERCIVAL,73,23,18
PERCIVAL,71,3,0
PERCIVAL,38,94,35
PERCIVAL,91,12,0
PERCIVAL,2,6,0
PERCIVAL,62,0,0
PERCIVAL,19,74,8
PERCIVAL,92,0,0
PERCIVAL,93,0,0
PERCIVAL,7,22,0
PERCIVAL,48,16,0
PERCIVAL,99,14,0
PERCIVAL,77,64,37
PERCIVAL,43,46,16
PERCIVAL,72,2,0
PERCIVAL,22,81,0
PERCIVAL,23,59,9
PERCIVAL,62,0,0
PERCIVAL,56,71,40
PERCIVAL,37,73,34
PERCIVAL,38,81,0
PERCIVAL,95,23,3
PERCIVAL,9,3,0
PERCIVAL,95,84,0
PERCIVAL,4,19,0
PERCIVAL,90,0,0
PERCIVAL,13,97,0
PERCIVAL,16,0,0
PERCIVAL,98,20,0
PERCIVAL,85,0,0
PERCIVAL,38,0,0
PERCIVAL,28,49,10
PERCIVAL,7,0,0
PERCIVAL,37,35,0
PERCIVAL,13,0,0
PERCIVAL,49,25,0
PERCIVAL,3,33,1
PERCIVAL,74,66,0
PERCIVAL,41,0,0
PERCIVAL,6,43,2
PERCIVAL,37,83,0
PERCIVAL,50,0,0
PERCIVAL,29,1,0
PERCIVAL,56,84,0
PERCIVAL,63,95,0
PERCIVAL,2,44,0
PERCIVAL,71,17,11
PERCIVAL,45,46,0
PERCIVAL,17,2,0
PERCIVAL,59,8,0
PERCIVAL,44,19,13
PERCIVAL,26,88,25
PERCIVAL,16,0,0
PERCIVAL,58,19,0
PERCIVAL,99,66,66
PERCIVAL,47,0,0
PERCIVAL,53,87,41
PERCIVAL,95,54,34
PERCIVAL,11,0,0
PERCIVAL,62,69,23
PERCIVAL,75,76,44
PERCIVAL,53,95,0
PERCIVAL,59,61,0
PERCIVAL,39,61,0
PERCIVAL,65,0,0
PERCIVAL,58,71,0
PERCIVAL,82,63,3
PERCIVAL,65,0,0
PERCIVAL,7,0,0
PERCIVAL,74,82,41
PERCIVAL,1,0,0
PERCIVAL,61,0,0
PERCIVAL,31,24,2
PERCIVAL,14,24,0
PERCIVAL,8,0,0
PERCIVAL,63,22,16
PERCIVAL,27,39,0
PERCIVAL,69,0,0
PERCIVAL,32,0,0
PERCIVAL,54,99,0
PERCIVAL,18,56,15
PERCIVAL,53,1,0
PERCIVAL,52,0,0
PERCIVAL,84,58,11
PERCIVAL,75,0,0
PERCIVAL,78,68,63
PERCIVAL,55,27,0
PERCIVAL,80,37,29
PERCIVAL,48,100,0
PERCIVAL,74,66,0
PERCIVAL,63,65,0
PERCIVAL,83,98,0
PERCIVAL,58,15,0
PERCIVAL,98,0,0
PERCIVAL,55,27,0
PERCIVAL,34,65,22
PERCIVAL,93,0,0
PERCIVAL,92,4,2
PERCIVAL,36,70,0
PERCIVAL,80,35,0
PERCIVAL,48,0,0
PERCIVAL,47,0,0
PERCIVAL,25,21,6
PERCIVAL,26,54,24
PERCIVAL,4,0,0
PERCIVAL,96,99,30
PERCIVAL,56,0,0
PERCIVAL,83,0,0
PERCIVAL,75,56,0
PERCIVAL,55,16,4
PERCIVAL,92,11,0
PERCIVAL,9,32,0
PERCIVAL,29,3,0
PERCIVAL,42,60,0
PERCIVAL,47,58,14
PERCIVAL,76,81,0
PERCIVAL,73,17,5
PERCIVAL,10,0,0
PERCIVAL,44,17,0
PERCIVAL,90,0,0
PERCIVAL,52,0,0
PERCIVAL,77,0,0
PERCIVAL,91,0,0
PERCIVAL,91,49,0
PERCIVAL,31,25,22
PERCIVAL,42,89,0
PERCIVAL,98,17,6
PERCIVAL,89,33,0
PERCIVAL,65,65,0
PERCIVAL,86,38,0
PERCIVAL,36,58,0
PERCIVAL,65,40,30
PERCIVAL,5,0,0
PERCIVAL,40,66,0
PERCIVAL,54,19,0
PERCIVAL,82,73,13
PERCIVAL,5,0,0
PERCIVAL,100,70,0
PERCIVAL,81,59,0
PERCIVAL,16,0,0
PERCIVAL,34,22,3
PERCIVAL,85,3,2
PERCIVAL,51,70,0
PERCIVAL,69,0,0
PERCIVAL,59,6,0
PERCIVAL,62,31,29
PERCIVAL,67,0,0
PERCIVAL,8,86,5
PERCIVAL,6,39,0
PERCIVAL,83,15,0
PERCIVAL,93,46,16
PERCIVAL,17,99,0
PERCIVAL,10,24,0
PERCIVAL,38,92,0
PERCIVAL,3,20,0
PERCIVAL,9,15,9
PERCIVAL,81,0,0
PERCIVAL,67,26,0
PERCIVAL,91,0,0
PERCIVAL,21,37,20
PERCIVAL,40,0,0
PERCIVAL,3,0,0
PERCIVAL,48,19,2
PERCIVAL,6,60,3
PERCIVAL,53,16,15
PERCIVAL,73,71,0
PERCIVAL,86,0,0
PERCIVAL,30,0,0
PERCIVAL,9,0,0
PERCIVAL,52,2,2
PERCIVAL,83,0,0
PERCIVAL,84,83,2
PERCIVAL,53,0,0
PERCIVAL,9,0,0
PERCIVAL,44,30,0
PERCIVAL,24,94,4
PERCIVAL,57,27,6
PERCIVAL,73,0,0
PERCIVAL,89,56,0
PERCIVAL,72,19,9
PERCIVAL,91,27,0
PERCIVAL,87,0,0
PERCIVAL,33,0,0
PERCIVAL,15,87,0
PERCIVAL,19,94,0
PERCIVAL,54,40,0
PERCIVAL,96,2,2
PERCIVAL,1,82,1
PERCIVAL,28,97,0
PERCIVAL,73,0,0
PERCIVAL,93,0,0
PERCIVAL,23,73,19
PERCIVAL,65,0,0
PERCIVAL,87,18,4
PERCIVAL,7,0,0
PERCIVAL,14,59,0
PERCIVAL,73,0,0
PERCIVAL,14,0,0
PERCIVAL,69,30,0
PERCIVAL,61,0,0
PERCIVAL,90,65,0
PERCIVAL,75,47,0
PERCIVAL,54,1,1
PERCIVAL,26,0,0
PERCIVAL,14,57,0
PERCIVAL,18,0,0
PERCIVAL,51,79,30
PERCIVAL,6,0,0
PERCIVAL,31,73,0
PERCIVAL,74,0,0
PERCIVAL,93,49,17
PERCIVAL,62,9,0
PERCIVAL,62,20,0
PERCIVAL,55,53,24
PERCIVAL,5,54,1
PERCIVAL,26,95,0
PERCIVAL,44,0,0
PERCIVAL,27,19,0
PERCIVAL,57,2,2
PERCIVAL,86,0,0
PERCIVAL,66,0,0
PERCIVAL,53,68,0
PERCIVAL,87,97,76
PERCIVAL,45,0,0
PERCIVAL,8,76,0
PERCIVAL,5,0,0
PERCIVAL,74,37,37
PERCIVAL,13,93,0
PERCIVAL,91,0,0
PERCIVAL,53,29,0
PERCIVAL,39,65,31
PERCIVAL,88,0,0
PERCIVAL,35,0,0
PERCIVAL,5,51,2
PERCIVAL,96,15,14
PERCIVAL,95,65,3
PERCIVAL,35,91,14
PERCIVAL,24,0,0
PERCIVAL,9,27,0
PERCIVAL,36,16,0
PERCIVAL,50,83,0
PERCIVAL,58,66,53
PERCIVAL,54,67,0
PERCIVAL,23,40,0
PERCIVAL,45,14,1
PERCIVAL,89,37,0
PERCIVAL,50,0,0
PERCIVAL,21,39,0
PERCIVAL,46,24,0
PERCIVAL,94,44,5
PERCIVAL,20,0,0
PERCIVAL,54,84,48
PERCIVAL,36,77,0
PERCIVAL,74,100,0
PERCIVAL,96,49,44
PERCIVAL,1,0,0
PERCIVAL,98,42,0
PERCIVAL,36,23,20
PERCIVAL,91,68,26
PERCIVAL,38,0,0
PERCIVAL,88,24,0
PERCIVAL,86,90,0
PERCIVAL,71,92,0
PERCIVAL,25,0,0
PERCIVAL,22,0,0
PERCIVAL,31,0,0
PERCIVAL,86,90,0
PERCIVAL,40,70,0
PERCIVAL,6,28,1
PERCIVAL,94,0,0
PERCIVAL,10,68,9
PERCIVAL,27,56,0
PERCIVAL,94,16,0
PERCIVAL,80,0,0
PERCIVAL,15,0,0
PERCIVAL,83,47,18
PERCIVAL,100,77,0
PERCIVAL,39,93,0
PERCIVAL,52,27,0
PERCIVAL,53,0,0
PERCIVAL,33,0,0
PERCIVAL,77,0,0
PERCIVAL,83,15,4
PERCIVAL,2,0,0
PERCIVAL,9,82,0
PERCIVAL,87,31,0
PERCIVAL,71,68,0
PERCIVAL,30,16,0
PERCIVAL,78,50,50
PERCIVAL,35,44,9
PERCIVAL,54,0,0
PERCIVAL,72,2,2
PERCIVAL,11,0,0
PERCIVAL,50,0,0
PERCIVAL,83,60,23
PERCIVAL,29,0,0
PERCIVAL,26,83,0
PERCIVAL,69,96,31
PERCIVAL,61,0,0
PERCIVAL,49,0,0
PERCIVAL,45,43,10
PERCIVAL,68,0,0
PERCIVAL,55,64,45
PERCIVAL,39,0,0
PERCIVAL,82,42,34
PERCIVAL,58,66,0
PERCIVAL,69,86,0
PERCIVAL,47,77,0
PERCIVAL,80,68,0
PERCIVAL,40,0,0
PERCIVAL,82,24,4
PERCIVAL,87,8,6
PERCIVAL,54,93,0
PERCIVAL,97,39,17
PERCIVAL,64,79,0
PERCIVAL,100,74,0
PERCIVAL,94,94,0
PERCIVAL,12,44,0
PERCIVAL,60,53,0
PERCIVAL,33,80,0
PERCIVAL,60,0,0
PERCIVAL,76,99,67
PERCIVAL,16,100,0
PERCIVAL,55,57,0
PERCIVAL,85,0,0
PERCIVAL,91,0,0
PERCIVAL,74,0,0
PERCIVAL,87,11,2
PERCIVAL,43,24,0
PERCIVAL,82,0,0
PERCIVAL,65,49,28
PERCIVAL,47,0,0
PERCIVAL,82,54,44
PERCIVAL,44,42,0
PERCIVAL,44,12,0
PERCIVAL,25,78,0
PERCIVAL,38,98,0
PERCIVAL,39,47,0
PERCIVAL,83,84,67
PERCIVAL,87,79,5
PERCIVAL,15,25,0
PERCIVAL,17,29,0
PERCIVAL,44,2,0
PERCIVAL,43,64,27
PERCIVAL,20,99,0
PERCIVAL,11,55,0
PERCIVAL,59,39,0
PERCIVAL,63,18,0
PERCIVAL,80,0,0
PERCIVAL,24,59,0
PERCIVAL,84,0,0
PERCIVAL,16,20,0
PERCIVAL,34,0,0
PERCIVAL,60,0,0
PERCIVAL,91,0,0
PERCIVAL,90,13,0
PERCIVAL,60,0,0
PERCIVAL,9,100,0
PERCIVAL,51,48,35
PERCIVAL,41,88,0
PERCIVAL,55,13,0
PERCIVAL,63,0,0
PERCIVAL,31,83,0
PERCIVAL,94,40,6
PERCIVAL,9,0,0
PERCIVAL,50,0,0
PERCIVAL,99,20,7
PERCIVAL,86,12,1
PERCIVAL,36,22,0
PERCIVAL,53,83,0
PERCIVAL,30,93,0
PERCIVAL,18,4,0
PERCIVAL,97,62,0
PERCIVAL,32,6,0
PERCIVAL,26,87,25
PERCIVAL,68,0,0
PERCIVAL,97,45,8
PERCIVAL,18,87,0
PERCIVAL,2,68,1
PERCIVAL,90,2,2
PERCIVAL,26,78,0
PERCIVAL,43,51,10
PERCIVAL,3,95,0
PERCIVAL,25,47,5
PERCIVAL,28,38,0
PERCIVAL,95,39,0
PERCIVAL,33,39,0
PERCIVAL,35,0,0
PERCIVAL,36,3,0
PERCIVAL,82,87,0
PERCIVAL,78,58,0
PERCIVAL,51,0,0
PERCIVAL,46,0,0
PERCIVAL,7,34,0
PERCIVAL,1,30,0
PERCIVAL,83,0,0
PERCIVAL,34,0,0
PERCIVAL,62,56,0
PERCIVAL,48,69,3
PERCIVAL,73,72,0
PERCIVAL,29,31,0
PERCIVAL,42,0,0
PERCIVAL,9,94,0
PERCIVAL,79,70,16
PERCIVAL,97,0,0
PERCIVAL,79,17,9
PERCIVAL,29,20,13
PERCIVAL,58,18,5
PERCIVAL,8,38,8
PERCIVAL,30,23,0
PERCIVAL,31,82,0
PERCIVAL,76,14,0
PERCIVAL,21,67,0
PERCIVAL,64,0,0
PERCIVAL,40,53,13
PERCIVAL,25,87,12
PERCIVAL,36,11,0
PERCIVAL,29,0,0
PERCIVAL,56,18,0
PERCIVAL,40,14,8
PERCIVAL,84,67,0
PERCIVAL,4,0,0
PERCIVAL,39,0,0
PERCIVAL,34,23,13
PERCIVAL,36,4,3
PERCIVAL,21,96,0
PERCIVAL,31,39,13
PERCIVAL,16,5,2
PERCIVAL,16,0,0
PERCIVAL,33,96,9
PERCIVAL,91,39,0
PERCIVAL,70,49,37
PERCIVAL,52,55,14
PERCIVAL,24,67,7
PERCIVAL,18,79,0
PERCIVAL,59,0,0
PERCIVAL,85,42,0
PERCIVAL,44,0,0
PERCIVAL,48,82,43
PERCIVAL,26,49,0
PERCIVAL,19,0,0
PERCIVAL,8,0,0
PERCIVAL,60,0,0
PERCIVAL,40,70,7
PERCIVAL,81,41,0
PERCIVAL,10,74,0
PERCIVAL,67,18,8
PERCIVAL,27,36,16
PERCIVAL,87,2,0
PERCIVAL,95,26,0
PERCIVAL,2,0,0
PERCIVAL,23,92,0
PERCIVAL,85,43,0
PERCIVAL,2,0,0
PERCIVAL,54,24,16
PERCIVAL,4,70,0
PERCIVAL,54,0,0
PERCIVAL,78,64,16
PERCIVAL,90,46,39
PERCIVAL,45,73,0
PERCIVAL,28,91,0
PERCIVAL,43,76,5
PERCIVAL,66,0,0
PERCIVAL,44,21,6
PERCIVAL,19,48,14
PERCIVAL,71,50,0
PERCIVAL,3,5,3
PERCIVAL,20,0,0
PERCIVAL,10,49,0
PERCIVAL,6,59,0
PERCIVAL,77,0,0
PERCIVAL,60,40,0
PERCIVAL,33,24,9
PERCIVAL,28,66,0
PERCIVAL,51,17,0
PERCIVAL,28,71,16
PERCIVAL,96,16,16
PERCIVAL,89,52,8
PERCIVAL,98,86,0
PERCIVAL,13,19,10
PERCIVAL,89,35,0
PERCIVAL,88,0,0
PERCIVAL,54,82,27
PERCIVAL,99,0,0
PERCIVAL,60,0,0
PERCIVAL,42,17,0
PERCIVAL,67,89,3
PERCIVAL,92,0,0
PERCIVAL,10,88,0
PERCIVAL,72,20,0
PERCIVAL,95,57,0
PERCIVAL,47,0,0
PERCIVAL,69,92,0
PERCIVAL,80,63,0
PERCIVAL,82,0,0
PERCIVAL,24,16,0
PERCIVAL,38,0,0
PERCIVAL,64,0,0
PERCIVAL,73,0,0
PERCIVAL,61,38,24
PERCIVAL,38,48,0
PERCIVAL,37,80,0
PERCIVAL,73,78,0
PERCIVAL,24,33,0
PERCIVAL,91,66,30
PERCIVAL,10,0,0
PERCIVAL,21,1,1
PERCIVAL,16,60,0
PERCIVAL,62,1,0
PERCIVAL,21,0,0
PERCIVAL,32,26,16
PERCIVAL,14,82,0
PERCIVAL,76,0,0
PERCIVAL,90,52,0
PERCIVAL,100,0,0
PERCIVAL,34,0,0
PERCIVAL,98,3,0
PERCIVAL,48,52,0
PERCIVAL,43,74,0
PERCIVAL,7,33,0
PERCIVAL,8,8,0
PERCIVAL,11,0,0
PERCIVAL,53,15,0
PERCIVAL,34,89,0
PERCIVAL,99,17,12
PERCIVAL,2,0,0
PERCIVAL,59,78,46
PERCIVAL,27,12,8
PERCIVAL,39,28,0
PERCIVAL,17,53,0
PERCIVAL,22,57,0
PERCIVAL,5,0,0
PERCIVAL,72,12,0
PERCIVAL,75,0,0
PERCIVAL,10,98,7
PERCIVAL,60,41,38
PERCIVAL,40,0,0
PERCIVAL,87,52,10
PERCIVAL,24,2,0
PERCIVAL,24,0,0
PERCIVAL,86,94,0
PERCIVAL,52,0,0
PERCIVAL,86,81,54
PERCIVAL,80,21,17
PERCIVAL,5,0,0
PERCIVAL,100,88,0
PERCIVAL,32,0,0
PERCIVAL,20,40,0
PERCIVAL,5,26,2
PERCIVAL,40,0,0
PERCIVAL,43,27,12
PERCIVAL,64,0,0
PERCIVAL,16,85,11
PERCIVAL,60,26,6
PERCIVAL,68,84,0
PERCIVAL,80,0,0
PERCIVAL,96,92,31
PERCIVAL,97,72,0
PERCIVAL,12,0,0
PERCIVAL,86,91,16
PERCIVAL,89,15,0
PERCIVAL,20,90,10
PERCIVAL,94,0,0
PERCIVAL,3,89,3
PERCIVAL,2,10,0
PERCIVAL,54,18,12
PERCIVAL,18,58,0
PERCIVAL,51,0,0
PERCIVAL,58,0,0
PERCIVAL,56,0,0
PERCIVAL,18,81,0
PERCIVAL,33,0,0
PERCIVAL,25,10,0
PERCIVAL,15,4,0
PERCIVAL,65,0,0
PERCIVAL,51,65,25
PERCIVAL,58,26,0
PERCIVAL,16,91,12
PERCIVAL,25,62,4
PERCIVAL,29,43,0
PERCIVAL,16,56,0
PERCIVAL,2,25,1
PERCIVAL,47,0,0
PERCIVAL,90,81,64
PERCIVAL,48,2,0
PERCIVAL,29,0,0
PERCIVAL,30,69,0
PERCIVAL,100,68,0
PERCIVAL,33,74,5
PERCIVAL,65,73,14
PERCIVAL,54,59,0
PERCIVAL,99,14,0
PERCIVAL,88,60,0
PERCIVAL,19,57,0
PERCIVAL,2,70,0
PERCIVAL,3,0,0
PERCIVAL,52,74,0
PERCIVAL,38,45,0
PERCIVAL,21,48,0
PERCIVAL,61,36,0
PERCIVAL,35,46,0
PERCIVAL,27,81,0
PERCIVAL,20,53,0
PERCIVAL,59,99,34
PERCIVAL,44,49,0
PERCIVAL,75,66,0
PERCIVAL,59,0,0
PERCIVAL,17,0,0
PERCIVAL,65,95,0
PERCIVAL,80,16,0
PERCIVAL,4,40,2
PERCIVAL,68,30,0
PERCIVAL,92,18,14
PERCIVAL,30,1,0
PERCIVAL,70,62,0
PERCIVAL,7,0,0
PERCIVAL,65,99,0
PERCIVAL,46,0,0
PERCIVAL,7,16,3
PERCIVAL,80,70,15
PERCIVAL,39,54,34
PERCIVAL,46,55,9
PERCIVAL,14,0,0
PERCIVAL,34,0,0
PERCIVAL,16,12,0
PERCIVAL,12,0,0
PERCIVAL,27,0,0
PERCIVAL,71,50,37
PERCIVAL,5,69,0
PERCIVAL,92,0,0
PERCIVAL,41,100,0
PERCIVAL,96,94,0
PERCIVAL,36,44,0
PERCIVAL,60,40,0
PERCIVAL,42,0,0
PERCIVAL,66,63,0
PERCIVAL,57,4,4
PERCIVAL,62,0,0
PERCIVAL,36,2,0
PERCIVAL,89,34,11
PERCIVAL,71,95,0
PERCIVAL,64,0,0
PERCIVAL,32,0,0
PERCIVAL,25,94,0
PERCIVAL,37,99,0
PERCIVAL,71,0,0
PERCIVAL,30,72,0
PERCIVAL,54,26,0
PERCIVAL,6,0,0
PERCIVAL,56,49,31
PERCIVAL,11,0,0
PERCIVAL,49,83,0
PERCIVAL,7,68,0
PERCIVAL,43,75,0
PERCIVAL,44,46,0
PERCIVAL,81,0,0
PERCIVAL,87,67,0
PERCIVAL,76,86,0
PERCIVAL,74,66,0
PERCIVAL,40,1,1
PERCIVAL,11,0,0
PERCIVAL,47,56,0
PERCIVAL,72,86,44
PERCIVAL,91,18,14
PERCIVAL,91,54,0
PERCIVAL,34,0,0
PERCIVAL,79,45,0
PERCIVAL,71,28,0
PERCIVAL,42,0,0
PERCIVAL,51,0,0
PERCIVAL,5,0,0
PERCIVAL,64,84,13
PERCIVAL,36,80,18
PERCIVAL,43,97,19
PERCIVAL,55,0,0
PERCIVAL,43,12,0
PERCIVAL,17,8,5
PERCIVAL,18,40,0
PERCIVAL,45,87,0
PERCIVAL,37,10,0
PERCIVAL,80,68,63
PERCIVAL,61,51,12
PERCIVAL,84,80,8
PERCIVAL,40,65,0
PERCIVAL,9,60,0
PERCIVAL,93,0,0
PERCIVAL,29,0,0
PERCIVAL,66,0,0
PERCIVAL,47,8,2
PERCIVAL,4,0,0
PERCIVAL,28,0,0
PERCIVAL,61,8,1
PERCIVAL,69,0,0
PERCIVAL,86,0,0
PERCIVAL,36,93,13
PERCIVAL,34,0,0
PERCIVAL,9,27,0
PERCIVAL,38,78,0
PERCIVAL,92,25,0
PERCIVAL,79,0,0
PERCIVAL,37,28,0
PERCIVAL,15,8,0
PERCIVAL,33,69,7
PERCIVAL,50,63,7
PERCIVAL,96,55,47
PERCIVAL,35,2,2
PERCIVAL,35,28,25
PERCIVAL,81,4,4
PERCIVAL,79,5,0
PERCIVAL,11,17,0
PERCIVAL,28,67,0
PERCIVAL,72,26,0
PERCIVAL,67,91,0
PERCIVAL,22,50,0
PERCIVAL,55,15,0
PERCIVAL,3,88,0
PERCIVAL,32,49,0
PERCIVAL,89,0,0
PERCIVAL,44,6,1
PERCIVAL,47,47,42
PERCIVAL,60,91,0
PERCIVAL,30,54,29
PERCIVAL,80,91,58
PERCIVAL,97,58,0
PERCIVAL,16,0,0
PERCIVAL,91,0,0
PERCIVAL,46,70,0
PERCIVAL,52,16,0
PERCIVAL,91,0,0
PERCIVAL,58,65,38
PERCIVAL,42,81,32
PERCIVAL,67,72,0
PERCIVAL,8,71,0
PERCIVAL,94,9,0
PERCIVAL,17,78,0
PERCIVAL,75,0,0
PERCIVAL,15,16,0
PERCIVAL,92,27,4
PERCIVAL,92,13,0
PERCIVAL,85,57,30
PERCIVAL,14,80,14
PERCIVAL,98,78,71
PERCIVAL,17,55,0
PERCIVAL,44,56,0
PERCIVAL,4,0,0
PERCIVAL,15,12,5
PERCIVAL,38,93,3
PERCIVAL,5,0,0
PERCIVAL,74,67,0
PERCIVAL,15,29,0
PERCIVAL,8,80,0
PERCIVAL,98,0,0
PERCIVAL,24,0,0
PERCIVAL,26,8,1
PERCIVAL,85,15,6
PERCIVAL,97,0,0
PERCIVAL,36,0,0
PERCIVAL,17,43,15
PERCIVAL,86,0,0
PERCIVAL,28,2,0
PERCIVAL,85,0,0
PERCIVAL,15,7,3
PERCIVAL,40,0,0
PERCIVAL,83,38,0
PERCIVAL,31,43,0
PERCIVAL,48,90,0
PERCIVAL,16,33,0
PERCIVAL,81,0,0
PERCIVAL,44,24,0
PERCIVAL,77,0,0
PERCIVAL,96,2,2
PERCIVAL,9,0,0
PERCIVAL,61,73,7
PERCIVAL,40,99,35
PERCIVAL,69,0,0
PERCIVAL,19,0,0
PERCIVAL,36,66,0
PERCIVAL,35,39,0
PERCIVAL,24,52,16
PERCIVAL,37,92,32
PERCIVAL,37,11,0
PERCIVAL,2,6,2
PERCIVAL,14,0,0
PERCIVAL,18,30,0
PERCIVAL,47,91,0
PERCIVAL,68,99,17
PERCIVAL,61,0,0
PERCIVAL,16,39,10
PERCIVAL,99,70,0
PERCIVAL,79,99,76
PERCIVAL,20,0,0
PERCIVAL,82,43,0
PERCIVAL,80,92,0
PERCIVAL,29,0,0
PERCIVAL,25,41,10
PERCIVAL,15,0,0
PERCIVAL,28,0,0
PERCIVAL,73,78,0
PERCIVAL,93,16,0
PERCIVAL,72,73,0
PERCIVAL,40,0,0
PERCIVAL,25,23,0
PERCIVAL,75,85,0
PERCIVAL,98,88,0
PERCIVAL,33,0,0
PERCIVAL,48,89,15
PERCIVAL,48,0,0
PERCIVAL,30,0,0
PERCIVAL,47,18,0
PERCIVAL,79,0,0
PERCIVAL,97,98,0
PERCIVAL,59,0,0
PERCIVAL,4,13,4
PERCIVAL,20,44,3
PERCIVAL,95,79,19
PERCIVAL,61,0,0
PERCIVAL,98,94,90
PERCIVAL,95,23,0
PERCIVAL,75,60,0
PERCIVAL,43,0,0
PERCIVAL,92,85,0
PERCIVAL,37,0,0
PERCIVAL,36,0,0
PERCIVAL,85,0,0
PERCIVAL,58,15,8
PERCIVAL,42,0,0
PERCIVAL,59,42,26
PERCIVAL,3,97,0
PERCIVAL,13,81,0
PERCIVAL,90,10,10
PERCIVAL,10,80,0
PERCIVAL,72,31,0
PERCIVAL,5,64,0
PERCIVAL,90,76,0
PERCIVAL,79,0,0
PERCIVAL,38,73,31
PERCIVAL,10,25,0
PERCIVAL,45,7,6
PERCIVAL,4,0,0
PERCIVAL,29,12,0
PERCIVAL,4,0,0
PERCIVAL,3,81,0
PERCIVAL,27,0,0
PERCIVAL,5,65,0
PERCIVAL,77,32,14
PERCIVAL,60,8,6
PERCIVAL,52,0,0
PERCIVAL,24,53,0
PERCIVAL,29,20,0
PERCIVAL,46,0,0
PERCIVAL,38,44,0
PERCIVAL,7,0,0
PERCIVAL,54,9,0
PERCIVAL,89,89,64
PERCIVAL,23,35,0
PERCIVAL,97,2,0
PERCIVAL,26,47,0
PERCIVAL,5,39,0
PERCIVAL,22,0,0
PERCIVAL,44,86,0
PERCIVAL,34,0,0
PERCIVAL,18,91,0
PERCIVAL,17,31,0
PERCIVAL,92,78,70
PERCIVAL,76,0,0
PERCIVAL,92,37,0
PERCIVAL,44,66,0
PERCIVAL,25,33,0
PERCIVAL,33,0,0
PERCIVAL,23,17,0
PERCIVAL,72,9,7
PERCIVAL,72,15,0
PERCIVAL,5,61,0
PERCIVAL,100,0,0
PERCIVAL,55,29,29
PERCIVAL,75,0,0
PERCIVAL,86,0,0
PERCIVAL,70,13,11
PERCIVAL,20,82,4
PERCIVAL,22,65,19
PERCIVAL,87,0,0
PERCIVAL,90,59,21
PERCIVAL,47,89,0
PERCIVAL,50,0,0
PERCIVAL,66,46,33
PERCIVAL,74,0,0
PERCIVAL,96,30,0
PERCIVAL,53,36,23
PERCIVAL,81,81,0
PERCIVAL,18,61,16
PERCIVAL,19,62,0
PERCIVAL,77,11,10
PERCIVAL,18,17,0
PERCIVAL,63,0,0
PERCIVAL,80,0,0
PERCIVAL,91,96,0
PERCIVAL,72,0,0
PERCIVAL,70,0,0
PERCIVAL,77,0,0
PERCIVAL,57,86,10
PERCIVAL,83,6,0
PERCIVAL,64,0,0
PERCIVAL,26,38,0
PERCIVAL,19,7,0
PERCIVAL,7,0,0
PERCIVAL,13,47,2
PERCIVAL,2,38,0
PERCIVAL,54,0,0
PERCIVAL,29,0,0
PERCIVAL,29,0,0
PERCIVAL,95,22,14
PERCIVAL,51,13,0
PERCIVAL,82,0,0
PERCIVAL,3,98,0
PERCIVAL,77,99,0
PERCIVAL,4,0,0
PERCIVAL,46,0,0
PERCIVAL,6,55,0
PERCIVAL,24,56,0
PERCIVAL,21,84,0
PERCIVAL,65,0,0
PERCIVAL,72,0,0
PERCIVAL,12,13,9
PERCIVAL,25,42,0
PERCIVAL,66,35,0
PERCIVAL,43,10,0
PERCIVAL,68,19,0
PERCIVAL,37,0,0
PERCIVAL,11,68,3
PERCIVAL,65,0,0
PERCIVAL,29,16,0
PERCIVAL,54,56,0
PERCIVAL,92,0,0
PERCIVAL,71,3,3
PERCIVAL,41,0,0
PERCIVAL,54,35,0
PERCIVAL,43,13,0
PERCIVAL,16,9,0
PERCIVAL,25,69,0
PERCIVAL,76,23,0
PERCIVAL,95,20,18
PERCIVAL,42,0,0
PERCIVAL,22,0,0
PERCIVAL,23,60,4
PERCIVAL,89,85,18
PERCIVAL,32,12,0
PERCIVAL,5,16,0
PERCIVAL,65,0,0
PERCIVAL,74,35,0
PERCIVAL,24,96,20
PERCIVAL,39,0,0
PERCIVAL,51,0,0
PERCIVAL,33,0,0
PERCIVAL,92,58,0
PERCIVAL,98,0,0
PERCIVAL,9,63,0
PERCIVAL,14,67,0
PERCIVAL,100,71,0
PERCIVAL,8,0,0
PERCIVAL,41,0,0
PERCIVAL,53,66,30
PERCIVAL,93,6,0
PERCIVAL,30,90,0
PERCIVAL,66,67,40
PERCIVAL,2,0,0
PERCIVAL,63,41,8
PERCIVAL,99,46,0
PERCIVAL,67,0,0
PERCIVAL,61,5,3
PERCIVAL,46,35,9
PERCIVAL,39,10,9
PERCIVAL,47,84,31
PERCIVAL,47,0,0
PERCIVAL,7,0,0
PERCIVAL,13,61,9
PERCIVAL,54,0,0
PERCIVAL,41,62,0
PERCIVAL,78,61,39
PERCIVAL,28,19,0
PERCIVAL,27,43,0
PERCIVAL,74,0,0
PERCIVAL,64,0,0
PERCIVAL,71,9,0
PERCIVAL,43,0,0
PERCIVAL,81,0,0
PERCIVAL,46,44,0
PERCIVAL,57,38,13
PERCIVAL,61,13,0
PERCIVAL,21,91,0
PERCIVAL,54,45,0
PERCIVAL,77,0,0
PERCIVAL,6,0,0
PERCIVAL,39,0,0
PERCIVAL,67,45,18
PERCIVAL,100,0,0
PERCIVAL,24,0,0
PERCIVAL,62,0,0
PERCIVAL,7,9,0
PERCIVAL,14,85,3
PERCIVAL,29,0,0
PERCIVAL,89,84,0
PERCIVAL,53,0,0
PERCIVAL,45,66,0
PERCIVAL,6,0,0
PERCIVAL,54,56,0
PERCIVAL,16,20,0
PERCIVAL,20,13,9
PERCIVAL,60,0,0
PERCIVAL,80,22,22
PERCIVAL,27,34,4
PERCIVAL,61,61,14
PERCIVAL,50,100,8
PERCIVAL,19,22,0
PERCIVAL,80,23,15
PERCIVAL,41,0,0
PERCIVAL,30,48,17
PERCIVAL,97,94,0
PERCIVAL,67,0,0
PERCIVAL,20,0,0
PERCIVAL,25,70,0
PERCIVAL,94,15,0
PERCIVAL,68,74,0
PERCIVAL,24,94,16
PERCIVAL,36,0,0
PERCIVAL,79,16,12
PERCIVAL,17,0,0
PERCIVAL,62,81,0
PERCIVAL,22,49,0
PERCIVAL,54,53,0
PERCIVAL,75,69,0
PERCIVAL,51,32,9
PERCIVAL,56,15,0
PERCIVAL,47,0,0
PERCIVAL,45,45,27
PERCIVAL,36,40,0
PERCIVAL,13,7,3
PERCIVAL,37,95,1
PERCIVAL,31,0,0
PERCIVAL,12,14,0
PERCIVAL,98,32,0
PERCIVAL,66,61,0
PERCIVAL,64,48,0
PERCIVAL,6,51,0
PERCIVAL,72,0,0
PERCIVAL,42,68,0
PERCIVAL,92,15,1
PERCIVAL,97,6,6
PERCIVAL,87,0,0
PERCIVAL,100,9,0
PERCIVAL,59,36,0
PERCIVAL,84,53,0
PERCIVAL,7,76,0
PERCIVAL,32,80,5
PERCIVAL,89,55,0
PERCIVAL,38,80,0
PERCIVAL,17,0,0
PERCIVAL,37,6,0
PERCIVAL,24,0,0
PERCIVAL,76,82,5
PERCIVAL,6,0,0
PERCIVAL,59,60,0
PERCIVAL,25,97,0
PERCIVAL,80,31,0
PERCIVAL,77,61,51
PERCIVAL,32,84,0
PERCIVAL,30,0,0
PERCIVAL,75,70,11
PERCIVAL,42,1,0
PERCIVAL,85,55,0
PERCIVAL,62,27,6
PERCIVAL,50,22,0
PERCIVAL,87,1,1
PERCIVAL,42,0,0
PERCIVAL,62,20,20
PERCIVAL,99,0,0
PERCIVAL,2,26,1
PERCIVAL,38,78,0
PERCIVAL,27,94,18
PERCIVAL,31,48,26
PERCIVAL,81,97,0
PERCIVAL,30,61,0
PERCIVAL,89,81,0
PERCIVAL,64,0,0
PERCIVAL,71,0,0
PERCIVAL,60,26,0
PERCIVAL,86,5,0
PERCIVAL,25,63,0
PERCIVAL,65,3,0
PERCIVAL,48,66,0
PERCIVAL,96,0,0
PERCIVAL,97,0,0
PERCIVAL,62,36,16
PERCIVAL,40,72,0
PERCIVAL,52,67,0
PERCIVAL,19,8,0
PERCIVAL,7,0,0
PERCIVAL,65,0,0
PERCIVAL,70,4,2
PERCIVAL,73,0,0
PERCIVAL,23,0,0
PERCIVAL,62,75,0
PERCIVAL,6,41,0
PERCIVAL,29,9,7
PERCIVAL,4,0,0
PERCIVAL,52,3,0
PERCIVAL,12,18,1
PERCIVAL,56,33,30
PERCIVAL,82,9,0
PERCIVAL,46,48,14
PERCIVAL,58,32,30
PERCIVAL,56,46,0
PERCIVAL,12,94,7
PERCIVAL,3,73,0
PERCIVAL,25,25,0
PERCIVAL,23,100,12
PERCIVAL,47,42,0
PERCIVAL,79,67,17
PERCIVAL,81,13,10
PERCIVAL,35,31,0
PERCIVAL,98,87,0
PERCIVAL,4,47,0
PERCIVAL,34,0,0
PERCIVAL,100,0,0
PERCIVAL,36,0,0
PERCIVAL,82,90,73
PERCIVAL,36,6,0
PERCIVAL,8,51,0
PERCIVAL,27,0,0
PERCIVAL,19,0,0
PERCIVAL,41,70,0
PERCIVAL,3,0,0
PERCIVAL,54,0,0
PERCIVAL,55,22,0
PERCIVAL,14,42,12
PERCIVAL,70,97,32
PERCIVAL,87,0,0
PERCIVAL,68,61,11
PERCIVAL,50,30,21
PERCIVAL,42,22,17
PERCIVAL,33,0,0
PERCIVAL,9,40,0
PERCIVAL,72,0,0
PERCIVAL,90,0,0
PERCIVAL,84,0,0
PERCIVAL,70,84,13
PERCIVAL,34,4,0
PERCIVAL,83,0,0
PERCIVAL,18,0,0
PERCIVAL,75,12,0
PERCIVAL,89,0,0
PERCIVAL,73,0,0
PERCIVAL,64,0,0
PERCIVAL,66,13,1
PERCIVAL,7,0,0
PERCIVAL,50,61,0
PERCIVAL,100,51,0
PERCIVAL,36,89,0
PERCIVAL,88,0,0
PERCIVAL,76,26,0
PERCIVAL,43,89,7
PERCIVAL,18,9,2
PERCIVAL,43,56,0
PERCIVAL,78,4,4
PERCIVAL,23,0,0
PERCIVAL,95,0,0
PERCIVAL,86,0,0
PERCIVAL,61,100,33
PERCIVAL,62,84,17
PERCIVAL,50,0,0
PERCIVAL,33,0,0
PERCIVAL,37,0,0
PERCIVAL,11,0,0
PERCIVAL,73,93,0
PERCIVAL,61,14,0
PERCIVAL,61,0,0
PERCIVAL,1,68,1
PERCIVAL,77,29,24
PERCIVAL,33,0,0
PERCIVAL,54,84,26
PERCIVAL,35,46,0
PERCIVAL,75,0,0
PERCIVAL,52,97,22
PERCIVAL,28,0,0
PERCIVAL,71,68,0
PERCIVAL,16,78,16
PERCIVAL,62,14,14
PERCIVAL,15,3,0
PERCIVAL,25,0,0
PERCIVAL,6,0,0
PERCIVAL,41,0,0
PERCIVAL,72,41,0
PERCIVAL,96,20,0
PERCIVAL,64,91,0
PERCIVAL,27,8,2
PERCIVAL,7,0,0
PERCIVAL,57,93,0
PERCIVAL,61,48,31
PERCIVAL,56,0,0
PERCIVAL,46,82,0
PERCIVAL,35,11,0
PERCIVAL,3,0,0
PERCIVAL,94,0,0
PERCIVAL,71,0,0
PERCIVAL,90,55,0
PERCIVAL,76,69,0
PERCIVAL,48,74,0
PERCIVAL,35,52,0
PERCIVAL,30,77,0
PERCIVAL,40,90,0
PERCIVAL,62,23,7
PERCIVAL,16,0,0
PERCIVAL,48,77,47
PERCIVAL,48,73,16
PERCIVAL,15,64,0
PERCIVAL,83,20,4
PERCIVAL,48,0,0
PERCIVAL,2,81,0
PERCIVAL,62,0,0
PERCIVAL,25,43,0
PERCIVAL,98,72,38
PERCIVAL,30,0,0
PERCIVAL,3,76,3
PERCIVAL,6,0,0
PERCIVAL,12,74,10
PERCIVAL,57,54,0
PERCIVAL,74,0,0
PERCIVAL,21,68,13
PERCIVAL,26,85,0
PERCIVAL,15,67,15
PERCIVAL,15,43,0
PERCIVAL,86,0,0
PERCIVAL,19,28,0
PERCIVAL,92,0,0
PERCIVAL,76,0,0
PERCIVAL,78,54,31
PERCIVAL,63,3,0
PERCIVAL,20,0,0
PERCIVAL,60,64,0
PERCIVAL,64,68,12
PERCIVAL,71,66,4
PERCIVAL,16,0,0
PERCIVAL,40,48,0
PERCIVAL,58,78,0
PERCIVAL,18,0,0
PERCIVAL,37,1,1
PERCIVAL,21,86,0
PERCIVAL,16,0,0
PERCIVAL,56,77,0
PERCIVAL,1,0,0
PERCIVAL,40,55,27
PERCIVAL,39,98,3
PERCIVAL,68,76,0
PERCIVAL,87,29,0
PERCIVAL,2,61,0
PERCIVAL,17,11,10
PERCIVAL,35,82,0
PERCIVAL,7,14,0
PERCIVAL,57,82,0
PERCIVAL,91,30,0
PERCIVAL,98,37,0
PERCIVAL,72,57,0
PERCIVAL,55,12,9
PERCIVAL,98,63,18
PERCIVAL,80,0,0
PERCIVAL,4,72,0
PERCIVAL,49,21,0
PERCIVAL,47,51,13
PERCIVAL,66,76,0
PERCIVAL,8,30,1
PERCIVAL,11,0,0
PERCIVAL,10,0,0
PERCIVAL,30,0,0
PERCIVAL,9,0,0
PERCIVAL,82,0,0
PERCIVAL,100,58,13
PERCIVAL,83,44,0
PERCIVAL,82,0,0
PERCIVAL,90,4,0
PERCIVAL,23,14,6
PERCIVAL,22,75,0
PERCIVAL,86,41,0
PERCIVAL,50,0,0
PERCIVAL,85,98,0
PERCIVAL,53,26,17
PERCIVAL,17,82,0
PERCIVAL,30,38,9
PERCIVAL,69,71,45
PERCIVAL,83,76,28
PERCIVAL,91,0,0
PERCIVAL,44,0,0
PERCIVAL,44,35,0
PERCIVAL,98,10,0
PERCIVAL,14,82,0
PERCIVAL,92,0,0
PERCIVAL,28,42,0
PERCIVAL,5,46,0
PERCIVAL,98,23,9
PERCIVAL,71,30,0
PERCIVAL,47,0,0
PERCIVAL,36,0,0
PERCIVAL,5,18,0
PERCIVAL,45,74,0
PERCIVAL,61,0,0
PERCIVAL,78,57,0
PERCIVAL,66,0,0
PERCIVAL,5,9,3
PERCIVAL,77,95,0
PERCIVAL,4,70,0
PERCIVAL,87,70,3
PERCIVAL,81,0,0
PERCIVAL,74,5,4
PERCIVAL,24,0,0
PERCIVAL,84,9,0
PERCIVAL,63,0,0
PERCIVAL,70,53,0
PERCIVAL,89,21,0
PERCIVAL,12,11,0
PERCIVAL,75,0,0
PERCIVAL,94,0,0
PERCIVAL,30,58,6
PERCIVAL,12,0,0
PERCIVAL,1,53,0
PERCIVAL,9,39,3
PERCIVAL,62,0,0
PERCIVAL,31,0,0
PERCIVAL,1,67,0
PERCIVAL,34,27,0
PERCIVAL,19,80,0
PERCIVAL,71,0,0
PERCIVAL,95,41,20
PERCIVAL,52,95,0
PERCIVAL,7,4,0
PERCIVAL,11,0,0
PERCIVAL,13,14,0
PERCIVAL,14,85,6
PERCIVAL,18,0,0
PERCIVAL,62,56,39
PERCIVAL,69,0,0
PERCIVAL,8,21,2
PERCIVAL,5,62,5
PERCIVAL,7,36,0
PERCIVAL,25,96,0
PERCIVAL,26,0,0
PERCIVAL,34,96,32
PERCIVAL,47,0,0
PERCIVAL,48,32,0
PERCIVAL,28,0,0
PERCIVAL,44,78,41
PERCIVAL,42,9,0
PERCIVAL,29,0,0
PERCIVAL,73,0,0
PERCIVAL,77,66,0
PERCIVAL,20,35,0
PERCIVAL,16,71,0
PERCIVAL,100,48,0
PERCIVAL,60,99,0
PERCIVAL,75,45,14
PERCIVAL,47,73,7
PERCIVAL,2,0,0
PERCIVAL,23,0,0
PERCIVAL,85,96,3
PERCIVAL,22,71,14
PERCIVAL,42,68,39
PERCIVAL,11,58,0
PERCIVAL,49,77,0
PERCIVAL,49,65,21
PERCIVAL,71,0,0
PERCIVAL,52,0,0
PERCIVAL,70,9,7
PERCIVAL,21,84,0
PERCIVAL,16,22,0
PERCIVAL,93,0,0
PERCIVAL,25,0,0
PERCIVAL,95,0,0
PERCIVAL,69,73,7
PERCIVAL,69,69,44
PERCIVAL,80,43,0
PERCIVAL,53,0,0
PERCIVAL,61,44,14
PERCIVAL,29,85,0
PERCIVAL,56,0,0
PERCIVAL,89,48,0
PERCIVAL,72,94,23
PERCIVAL,94,77,0
PERCIVAL,17,78,1
PERCIVAL,67,8,0
PERCIVAL,72,36,6
PERCIVAL,65,88,3
PERCIVAL,69,1,0
PERCIVAL,39,90,0
PERCIVAL,56,21,0
PERCIVAL,22,81,0
PERCIVAL,72,23,0
PERCIVAL,46,43,24
PERCIVAL,36,0,0
PERCIVAL,79,84,0
PERCIVAL,2,0,0
PERCIVAL,59,8,8
PERCIVAL,4,89,2
PERCIVAL,83,0,0
PERCIVAL,99,98,0
PERCIVAL,28,36,3
PERCIVAL,13,4,0
PERCIVAL,2,0,0
PERCIVAL,98,46,0
PERCIVAL,49,71,0
PERCIVAL,2,94,0
PERCIVAL,43,14,0
PERCIVAL,37,0,0
PERCIVAL,46,40,0
PERCIVAL,88,0,0
PERCIVAL,76,99,0
PERCIVAL,23,16,0
PERCIVAL,57,79,26
PERCIVAL,6,37,0
PERCIVAL,66,16,5
PERCIVAL,82,0,0
PERCIVAL,97,57,0
PERCIVAL,84,95,0
PERCIVAL,91,27,0
PERCIVAL,9,10,0
PERCIVAL,80,86,0
PERCIVAL,79,91,65
PERCIVAL,66,29,0
PERCIVAL,88,44,44
PERCIVAL,14,63,0
PERCIVAL,26,0,0
PERCIVAL,30,58,0
PERCIVAL,65,20,0
PERCIVAL,58,91,0
PERCIVAL,12,17,8
PERCIVAL,33,90,0
PERCIVAL,3,17,0
PERCIVAL,32,0,0
PERCIVAL,81,13,0
PERCIVAL,64,0,0
PERCIVAL,83,55,18
PERCIVAL,74,0,0
PERCIVAL,37,83,0
PERCIVAL,45,54,0
PERCIVAL,14,0,0
PERCIVAL,58,0,0
PERCIVAL,44,41,0
PERCIVAL,20,13,0
PERCIVAL,76,15,0
PERCIVAL,25,0,0
PERCIVAL,64,5,5
PERCIVAL,34,40,0
PERCIVAL,70,0,0
PERCIVAL,69,31,6
PERCIVAL,27,80,0
PERCIVAL,55,13,3
PERCIVAL,83,0,0
PERCIVAL,26,0,0
PERCIVAL,74,14,0
PERCIVAL,69,0,0
PERCIVAL,8,73,0
PERCIVAL,9,86,0
PERCIVAL,93,48,0
PERCIVAL,27,0,0
PERCIVAL,98,73,0
PERCIVAL,1,60,0
PERCIVAL,20,0,0
PERCIVAL,33,41,33
PERCIVAL,83,0,0
PERCIVAL,62,0,0
PERCIVAL,87,86,8
PERCIVAL,6,43,0
PERCIVAL,29,83,0
PERCIVAL,4,1,0
PERCIVAL,54,86,21
PERCIVAL,82,0,0
PERCIVAL,43,46,22
PERCIVAL,38,20,2
PERCIVAL,22,36,2
PERCIVAL,13,20,0
PERCIVAL,25,74,0
PERCIVAL,82,61,26
PERCIVAL,48,79,0
PERCIVAL,32,32,0
PERCIVAL,2,97,0
PERCIVAL,76,23,0
PERCIVAL,68,67,15
PERCIVAL,90,30,0
PERCIVAL,3,21,0
PERCIVAL,69,22,0
PERCIVAL,5,55,0
PERCIVAL,17,27,0
PERCIVAL,43,0,0
PERCIVAL,81,63,0
PERCIVAL,39,0,0
PERCIVAL,43,52,21
PERCIVAL,14,42,14
PERCIVAL,24,94,0
PERCIVAL,31,0,0
PERCIVAL,28,99,28
PERCIVAL,11,0,0
PERCIVAL,85,85,0
PERCIVAL,95,91,26
PERCIVAL,91,27,0
PERCIVAL,42,93,0
PERCIVAL,84,26,0
PERCIVAL,37,0,0
PERCIVAL,90,50,9
PERCIVAL,46,35,28
PERCIVAL,85,27,0
PERCIVAL,85,36,0
PERCIVAL,59,50,0
PERCIVAL,76,0,0
PERCIVAL,2,0,0
PERCIVAL,43,66,0
PERCIVAL,100,31,0
PERCIVAL,94,72,0
PERCIVAL,12,8,4
PERCIVAL,100,93,0
PERCIVAL,47,28,0
PERCIVAL,62,44,0
PERCIVAL,97,20,10
PERCIVAL,73,0,0
PERCIVAL,11,0,0
PERCIVAL,31,0,0
PERCIVAL,98,0,0
PERCIVAL,81,23,0
PERCIVAL,77,7,3
PERCIVAL,10,0,0
PERCIVAL,73,67,0
PERCIVAL,15,95,0
PERCIVAL,2,47,1
PERCIVAL,43,56,0
PERCIVAL,13,14,7
PERCIVAL,80,0,0
PERCIVAL,56,0,0
PERCIVAL,47,12,0
PERCIVAL,54,75,0
PERCIVAL,39,55,0
PERCIVAL,19,31,6
PERCIVAL,8,40,4
PERCIVAL,40,0,0
PERCIVAL,6,64,0
PERCIVAL,28,18,18
PERCIVAL,23,87,0
PERCIVAL,91,33,27
PERCIVAL,81,67,3
PERCIVAL,81,2,0
PERCIVAL,40,0,0
PERCIVAL,99,14,8
PERCIVAL,30,33,0
PERCIVAL,27,67,14
PERCIVAL,83,59,33
PERCIVAL,83,42,26
PERCIVAL,94,47,0
PERCIVAL,2,0,0
PERCIVAL,90,64,0
PERCIVAL,75,81,7
PERCIVAL,11,63,0
PERCIVAL,25,0,0
PERCIVAL,15,28,0
PERCIVAL,8,0,0
PERCIVAL,61,43,43
PERCIVAL,39,62,38
PERCIVAL,42,0,0
PERCIVAL,72,3,1
PERCIVAL,8,24,0
PERCIVAL,65,11,11
PERCIVAL,63,19,0
PERCIVAL,95,15,0
PERCIVAL,45,13,9
PERCIVAL,3,9,0
PERCIVAL,70,32,0
PERCIVAL,93,18,0
PERCIVAL,24,0,0
PERCIVAL,83,12,12
PERCIVAL,65,14,11
PERCIVAL,84,4,2
PERCIVAL,26,98,14
PERCIVAL,89,43,0
PERCIVAL,39,0,0
PERCIVAL,7,0,0
PERCIVAL,49,48,0
PERCIVAL,48,19,14
PERCIVAL,18,66,0
PERCIVAL,35,84,23
PERCIVAL,52,0,0
PERCIVAL,75,8,0
PERCIVAL,18,6,5
PERCIVAL,4,45,3
PERCIVAL,17,8,0
PERCIVAL,40,48,28
PERCIVAL,92,36,31
PERCIVAL,96,44,36
PERCIVAL,48,0,0
PERCIVAL,75,10,6
PERCIVAL,18,10,2
PERCIVAL,44,50,0
PERCIVAL,6,92,0
PERCIVAL,42,0,0
PERCIVAL,51,32,0
PERCIVAL,88,43,15
PERCIVAL,49,22,16
PERCIVAL,90,0,0
PERCIVAL,79,12,0
PERCIVAL,80,38,0
PERCIVAL,99,0,0
PERCIVAL,92,78,0
PERCIVAL,66,74,29
PERCIVAL,86,4,0
PERCIVAL,70,0,0
PERCIVAL,27,71,0
PERCIVAL,29,0,0
PERCIVAL,17,0,0
PERCIVAL,60,0,0
PERCIVAL,64,0,0
PERCIVAL,46,0,0
PERCIVAL,86,71,0
PERCIVAL,87,17,0
PERCIVAL,62,76,0
PERCIVAL,83,57,54
PERCIVAL,26,84,0
PERCIVAL,57,0,0
PERCIVAL,46,0,0
PERCIVAL,56,0,0
PERCIVAL,59,21,0
PERCIVAL,44,63,26
PERCIVAL,23,85,0
PERCIVAL,19,0,0
PERCIVAL,60,2,0
PERCIVAL,57,0,0
PERCIVAL,8,93,0
PERCIVAL,28,9,1
PERCIVAL,5,0,0
PERCIVAL,62,0,0
PERCIVAL,57,12,0
PERCIVAL,19,8,0
PERCIVAL,84,31,15
PERCIVAL,66,80,20
PERCIVAL,73,92,0
PERCIVAL,83,51,12
PERCIVAL,84,0,0
PERCIVAL,48,0,0
PERCIVAL,99,28,0
PERCIVAL,8,52,0
PERCIVAL,29,5,0
PERCIVAL,32,4,0
PERCIVAL,93,43,20
PERCIVAL,35,7,4
PERCIVAL,86,3,3
PERCIVAL,5,71,0
PERCIVAL,54,40,27
PERCIVAL,74,5,0
PERCIVAL,49,29,16
PERCIVAL,55,34,23
PERCIVAL,61,47,40
PERCIVAL,15,0,0
PERCIVAL,16,13,1
PERCIVAL,68,35,0
PERCIVAL,99,0,0
PERCIVAL,72,4,0
PERCIVAL,62,65,0
PERCIVAL,11,36,0
PERCIVAL,70,61,0
PERCIVAL,92,56,0
PERCIVAL,9,10,5
PERCIVAL,84,0,0
PERCIVAL,84,21,0
PERCIVAL,14,66,14
PERCIVAL,39,35,20
PERCIVAL,27,35,17
PERCIVAL,28,17,0
PERCIVAL,52,92,0
PERCIVAL,93,79,0
PERCIVAL,5,75,4
PERCIVAL,67,0,0
PERCIVAL,52,58,0
PERCIVAL,54,0,0
PERCIVAL,36,0,0
PERCIVAL,92,22,0
PERCIVAL,27,0,0
PERCIVAL,35,0,0
PERCIVAL,44,18,0
PERCIVAL,90,24,0
PERCIVAL,20,87,0
PERCIVAL,49,50,0
PERCIVAL,34,21,7
PERCIVAL,26,0,0
PERCIVAL,27,0,0
PERCIVAL,87,99,87
PERCIVAL,68,36,3
PERCIVAL,54,55,0
PERCIVAL,59,0,0
PERCIVAL,53,0,0
PERCIVAL,7,68,0
PERCIVAL,75,0,0
PERCIVAL,3,73,0
PERCIVAL,92,54,0
PERCIVAL,48,53,33
PERCIVAL,44,45,0
PERCIVAL,75,30,0
PERCIVAL,97,31,9
PERCIVAL,83,0,0
PERCIVAL,93,0,0
PERCIVAL,39,0,0
PERCIVAL,56,0,0
PERCIVAL,96,0,0
PERCIVAL,32,83,18
PERCIVAL,56,98,0
PERCIVAL,77,53,22
PERCIVAL,48,11,0
PERCIVAL,66,87,20
PERCIVAL,6,0,0
PERCIVAL,22,99,7
PERCIVAL,27,0,0
PERCIVAL,18,26,5
PERCIVAL,91,66,0
PERCIVAL,73,25,14
PERCIVAL,13,30,0
PERCIVAL,22,0,0
PERCIVAL,38,48,25
PERCIVAL,3,0,0
PERCIVAL,75,63,0
PERCIVAL,78,81,0
PERCIVAL,54,82,40
PERCIVAL,32,4,1
PERCIVAL,46,3,0
PERCIVAL,27,0,0
PERCIVAL,95,59,14
PERCIVAL,84,29,16
PERCIVAL,90,82,0
PERCIVAL,5,68,0
PERCIVAL,77,27,7
PERCIVAL,17,0,0
PERCIVAL,21,18,8
PERCIVAL,40,61,0
PERCIVAL,38,20,9
PERCIVAL,81,71,11
PERCIVAL,18,0,0
PERCIVAL,3,20,0
PERCIVAL,34,69,0
PERCIVAL,22,77,0
PERCIVAL,81,0,0
PERCIVAL,90,27,0
PERCIVAL,12,50,0
PERCIVAL,28,36,0
PERCIVAL,74,46,0
PERCIVAL,29,0,0
PERCIVAL,87,0,0
PERCIVAL,61,74,0
PERCIVAL,81,58,17
PERCIVAL,81,72,23
PERCIVAL,19,45,0
PERCIVAL,91,0,0
PERCIVAL,79,0,0
PERCIVAL,29,0,0
PERCIVAL,18,90,0
PERCIVAL,72,0,0
PERCIVAL,87,6,0
PERCIVAL,24,0,0
PERCIVAL,17,26,0
PERCIVAL,70,55,0
PERCIVAL,39,0,0
PERCIVAL,49,0,0
PERCIVAL,28,0,0
PERCIVAL,90,17,0
PERCIVAL,39,97,0
PERCIVAL,40,75,0
PERCIVAL,13,0,0
PERCIVAL,49,87,3
PERCIVAL,72,6,5
PERCIVAL,69,60,36
PERCIVAL,30,65,0
PERCIVAL,28,12,1
PERCIVAL,49,79,0
PERCIVAL,9,49,9
PERCIVAL,24,40,10
PERCIVAL,71,73,0
PERCIVAL,59,70,0
PERCIVAL,83,2,1
PERCIVAL,82,13,0
PERCIVAL,50,69,0
PERCIVAL,17,87,0
PERCIVAL,1,48,1
PERCIVAL,91,24,17
PERCIVAL,10,35,0
PERCIVAL,44,0,0
PERCIVAL,21,37,10
PERCIVAL,86,74,0
PERCIVAL,81,0,0
PERCIVAL,60,83,30
PERCIVAL,22,83,0
PERCIVAL,37,0,0
PERCIVAL,77,66,33
PERCIVAL,85,79,53
PERCIVAL,74,0,0
PERCIVAL,96,0,0
PERCIVAL,53,0,0
PERCIVAL,1,0,0
PERCIVAL,80,0,0
PERCIVAL,90,0,0
PERCIVAL,52,0,0
PERCIVAL,16,0,0
PERCIVAL,91,56,19
PERCIVAL,76,0,0
PERCIVAL,72,0,0
PERCIVAL,73,51,0
PERCIVAL,100,9,0
PERCIVAL,29,44,25
PERCIVAL,80,30,16
PERCIVAL,43,16,0
PERCIVAL,90,70,0
PERCIVAL,24,53,0
PERCIVAL,8,36,3
PERCIVAL,6,0,0
PERCIVAL,46,0,0
PERCIVAL,85,59,0
PERCIVAL,25,4,3
PERCIVAL,76,0,0
PERCIVAL,41,4,2
PERCIVAL,20,65,4
PERCIVAL,30,55,0
PERCIVAL,32,88,29
PERCIVAL,16,28,0
PERCIVAL,69,0,0
PERCIVAL,78,30,28
PERCIVAL,85,0,0
PERCIVAL,23,29,14
PERCIVAL,26,2,1
PERCIVAL,6,0,0
PERCIVAL,22,0,0
PERCIVAL,64,84,0
PERCIVAL,91,7,0
PERCIVAL,43,60,18
PERCIVAL,37,6,0
PERCIVAL,82,16,0
PERCIVAL,74,72,7
PERCIVAL,41,0,0
PERCIVAL,94,70,0
PERCIVAL,26,68,0
PERCIVAL,60,0,0
PERCIVAL,42,0,0
PERCIVAL,80,97,0
PERCIVAL,1,0,0
PERCIVAL,39,0,0
PERCIVAL,10,0,0
PERCIVAL,75,87,62
PERCIVAL,27,62,24
PERCIVAL,73,85,48
PERCIVAL,100,0,0
PERCIVAL,56,51,48
PERCIVAL,29,48,24
PERCIVAL,99,16,16
PERCIVAL,70,36,0
PERCIVAL,13,96,0
PERCIVAL,32,0,0
PERCIVAL,61,91,0
PERCIVAL,60,0,0
PERCIVAL,80,49,0
PERCIVAL,31,79,10
PERCIVAL,97,97,0
PERCIVAL,86,43,18
PERCIVAL,62,15,12
PERCIVAL,12,85,0
PERCIVAL,68,74,14
PERCIVAL,40,31,0
PERCIVAL,86,0,0
PERCIVAL,74,71,0
PERCIVAL,40,55,5
PERCIVAL,68,16,0
PERCIVAL,57,53,33
PERCIVAL,65,0,0
PERCIVAL,63,51,0
PERCIVAL,18,0,0
PERCIVAL,3,22,0
PERCIVAL,86,0,0
PERCIVAL,73,12,0
PERCIVAL,79,0,0
PERCIVAL,15,29,2
PERCIVAL,73,94,0
PERCIVAL,48,33,13
PERCIVAL,84,78,0
PERCIVAL,20,62,0
PERCIVAL,98,0,0
PERCIVAL,87,0,0
PERCIVAL,1,47,0
PERCIVAL,40,48,0
PERCIVAL,46,42,0
PERCIVAL,91,76,0
PERCIVAL,12,93,0
PERCIVAL,60,79,0
PERCIVAL,16,35,0
PERCIVAL,82,67,26
PERCIVAL,66,0,0
PERCIVAL,51,38,0
PERCIVAL,90,17,0
PERCIVAL,57,66,0
PERCIVAL,82,63,0
PERCIVAL,10,92,0
PERCIVAL,78,13,0
PERCIVAL,16,93,0
PERCIVAL,78,37,0
PERCIVAL,90,84,25
PERCIVAL,31,76,0
PERCIVAL,65,85,0
PERCIVAL,1,15,0
PERCIVAL,44,98,0
PERCIVAL,89,0,0
PERCIVAL,21,10,0
PERCIVAL,3,0,0
PERCIVAL,66,91,0
PERCIVAL,77,66,6
PERCIVAL,81,0,0
PERCIVAL,82,91,0
PERCIVAL,24,81,21
PERCIVAL,65,43,0
PERCIVAL,86,24,0
PERCIVAL,12,66,0
PERCIVAL,78,30,0
PERCIVAL,63,93,0
PERCIVAL,5,39,4
PERCIVAL,11,98,0
PERCIVAL,34,80,0
PERCIVAL,86,0,0
PERCIVAL,86,0,0
PERCIVAL,57,79,6
PERCIVAL,45,61,0
PERCIVAL,67,7,0
PERCIVAL,21,41,1
PERCIVAL,23,87,23
PERCIVAL,99,12,2
PERCIVAL,6,0,0
PERCIVAL,65,51,0
PERCIVAL,89,22,1
PERCIVAL,1,14,1
PERCIVAL,42,0,0
PERCIVAL,100,76,0
PERCIVAL,88,53,6
PERCIVAL,42,71,0
PERCIVAL,98,48,0
PERCIVAL,26,0,0
PERCIVAL,47,100,0
PERCIVAL,49,17,0
PERCIVAL,46,93,0
PERCIVAL,35,86,0
PERCIVAL,14,14,4
PERCIVAL,94,54,0
PERCIVAL,68,0,0
PERCIVAL,13,72,3
PERCIVAL,88,46,0
PERCIVAL,30,0,0
PERCIVAL,52,14,0
PERCIVAL,16,68,11
PERCIVAL,26,45,0
PERCIVAL,53,6,0
PERCIVAL,73,100,0
PERCIVAL,82,0,0
PERCIVAL,64,33,0
PERCIVAL,63,0,0
PERCIVAL,93,53,0
PERCIVAL,4,44,0
PERCIVAL,95,86,0
PERCIVAL,82,89,14
PERCIVAL,81,0,0
PERCIVAL,83,0,0
PERCIVAL,64,71,54
PERCIVAL,49,3,0
PERCIVAL,61,0,0
PERCIVAL,44,0,0
PERCIVAL,22,87,0
PERCIVAL,35,3,2
PERCIVAL,36,0,0
PERCIVAL,42,71,0
PERCIVAL,87,0,0
PERCIVAL,92,58,0
PERCIVAL,69,84,0
PERCIVAL,67,28,0
PERCIVAL,14,0,0
PERCIVAL,20,39,6
PERCIVAL,73,100,0
PERCIVAL,97,9,4
PERCIVAL,62,0,0
PERCIVAL,54,3,0
PERCIVAL,4,35,1
PERCIVAL,71,6,0
PERCIVAL,34,71,32
PERCIVAL,88,67,0
PERCIVAL,89,0,0
PERCIVAL,78,36,20
PERCIVAL,89,0,0
PERCIVAL,96,80,8
PERCIVAL,69,90,0
PERCIVAL,58,0,0
PERCIVAL,30,98,0
PERCIVAL,51,66,42
PERCIVAL,69,0,0
PERCIVAL,4,61,2
PERCIVAL,34,0,0
PERCIVAL,10,0,0
PERCIVAL,64,86,0
PERCIVAL,79,77,54
PERCIVAL,51,90,38
PERCIVAL,19,99,0
PERCIVAL,27,0,0
PERCIVAL,48,99,0
PERCIVAL,32,92,0
PERCIVAL,34,69,32
PERCIVAL,82,0,0
PERCIVAL,18,2,2
PERCIVAL,6,37,6
PERCIVAL,3,19,0
PERCIVAL,70,93,0
PERCIVAL,99,60,54
PERCIVAL,19,36,0
PERCIVAL,86,0,0
PERCIVAL,84,0,0
PERCIVAL,94,0,0
PERCIVAL,59,0,0
PERCIVAL,96,88,0
PERCIVAL,46,56,21
PERCIVAL,6,0,0
PERCIVAL,62,0,0
PERCIVAL,19,23,0
PERCIVAL,91,84,56
PERCIVAL,37,43,0
PERCIVAL,45,0,0
PERCIVAL,19,75,0
PERCIVAL,67,66,0
PERCIVAL,59,0,0
PERCIVAL,36,98,0
PERCIVAL,61,0,0
PERCIVAL,76,0,0
PERCIVAL,54,0,0
PERCIVAL,53,17,12
PERCIVAL,72,96,0
PERCIVAL,4,36,0
PERCIVAL,19,0,0
PERCIVAL,93,85,74
PERCIVAL,3,78,0
PERCIVAL,83,96,0
PERCIVAL,8,26,0
PERCIVAL,99,41,0
PERCIVAL,82,87,0
PERCIVAL,39,0,0
PERCIVAL,32,29,25
PERCIVAL,50,46,0
PERCIVAL,43,0,0
PERCIVAL,99,81,0
PERCIVAL,35,29,0
PERCIVAL,46,62,0
PERCIVAL,37,0,0
PERCIVAL,38,59,0
PERCIVAL,50,0,0
PERCIVAL,42,25,16
PERCIVAL,68,41,0
PERCIVAL,80,5,4
PERCIVAL,56,0,0
PERCIVAL,13,72,0
PERCIVAL,80,5,1
PERCIVAL,94,73,14
PERCIVAL,13,20,0
PERCIVAL,91,84,0
PERCIVAL,31,0,0
PERCIVAL,12,60,1
PERCIVAL,64,71,0
PERCIVAL,60,0,0
PERCIVAL,36,0,0
PERCIVAL,32,0,0
PERCIVAL,24,64,0
PERCIVAL,9,0,0
PERCIVAL,96,0,0
PERCIVAL,53,58,17
PERCIVAL,16,0,0
PERCIVAL,35,0,0
PERCIVAL,66,0,0
PERCIVAL,76,99,0
