Farmer_Name,Dimension 1,Dimension 2,Dimension 3
Lionell,45,0,0
Lionell,2,30,2
Lionell,31,45,0
Lionell,48,0,0
Lionell,89,15,0
Lionell,72,84,0
Lionell,99,0,0
Lionell,65,29,0
Lionell,25,0,0
Lionell,20,0,0
Lionell,61,6,4
Lionell,34,5,4
Lionell,5,77,0
Lionell,66,1,1
Lionell,61,54,0
Lionell,74,95,19
Lionell,86,10,0
Lionell,38,4,0
Lionell,87,23,0
Lionell,70,0,0
Lionell,51,35,0
Lionell,93,37,0
Lionell,54,49,0
Lionell,14,75,0
Lionell,37,0,0
Lionell,38,85,0
Lionell,48,14,0
Lionell,2,60,0
Lionell,37,81,0
Lionell,35,25,0
Lionell,42,0,0
Lionell,4,4,0
Lionell,50,0,0
Lionell,15,0,0
Lionell,52,95,25
Lionell,15,0,0
Lionell,77,29,27
Lionell,51,0,0
Lionell,76,31,13
Lionell,61,0,0
Lionell,38,0,0
Lionell,100,0,0
Lionell,66,20,14
Lionell,20,0,0
Lionell,31,11,0
Lionell,72,10,0
Lionell,30,0,0
Lionell,99,20,0
Lionell,11,0,0
Lionell,41,0,0
Lionell,97,0,0
Lionell,24,61,0
Lionell,14,36,4
Lionell,18,0,0
Lionell,48,38,0
Lionell,22,76,0
Lionell,58,49,0
Lionell,79,91,0
Lionell,18,78,0
Lionell,59,15,0
Lionell,18,0,0
Lionell,23,0,0
Lionell,99,51,0
Lionell,6,48,0
Lionell,40,3,0
Lionell,28,2,2
Lionell,44,0,0
Lionell,79,0,0
Lionell,83,38,36
Lionell,82,82,70
Lionell,8,97,0
Lionell,89,83,0
Lionell,79,16,6
Lionell,66,47,8
Lionell,55,0,0
Lionell,92,35,8
Lionell,77,62,0
Lionell,6,25,0
Lionell,35,0,0
Lionell,28,78,8
Lionell,82,15,0
Lionell,64,40,0
Lionell,56,0,0
Lionell,2,75,1
Lionell,77,91,0
Lionell,79,0,0
Lionell,68,68,0
Lionell,1,80,1
Lionell,38,46,0
Lionell,79,22,13
Lionell,15,2,0
Lionell,44,0,0
Lionell,76,0,0
Lionell,57,62,0
Lionell,10,0,0
Lionell,15,96,0
Lionell,77,0,0
Lionell,42,0,0
Lionell,47,44,0
Lionell,49,0,0
Lionell,70,1,0
Lionell,67,82,0
Lionell,82,0,0
Lionell,74,52,0
Lionell,44,62,21
Lionell,5,95,1
Lionell,86,90,0
Lionell,2,0,0
Lionell,91,97,10
Lionell,65,45,36
Lionell,98,60,36
Lionell,28,0,0
Lionell,34,70,0
Lionell,68,0,0
Lionell,91,23,0
Lionell,63,82,2
Lionell,1,40,1
Lionell,57,78,0
Lionell,56,16,2
Lionell,31,54,9
Lionell,80,0,0
Lionell,1,52,0
Lionell,26,47,13
Lionell,16,0,0
Lionell,12,0,0
Lionell,17,0,0
Lionell,64,0,0
Lionell,83,56,0
Lionell,23,0,0
Lionell,86,30,24
Lionell,94,0,0
Lionell,45,76,0
Lionell,41,67,19
Lionell,93,47,44
Lionell,30,52,12
Lionell,52,28,8
Lionell,36,19,0
Lionell,3,0,0
Lionell,64,0,0
Lionell,60,0,0
Lionell,17,0,0
Lionell,69,0,0
Lionell,31,49,0
Lionell,18,54,4
Lionell,95,37,0
Lionell,74,82,23
Lionell,100,11,0
Lionell,93,90,0
Lionell,47,37,0
Lionell,52,33,4
Lionell,3,1,0
Lionell,73,0,0
Lionell,83,43,43
Lionell,74,38,6
Lionell,26,24,0
Lionell,3,68,0
Lionell,10,0,0
Lionell,95,13,11
Lionell,6,79,5
Lionell,78,0,0
Lionell,22,18,0
Lionell,37,0,0
Lionell,80,58,0
Lionell,48,45,0
Lionell,95,0,0
Lionell,63,0,0
Lionell,12,81,2
Lionell,69,38,0
Lionell,7,92,4
Lionell,8,0,0
Lionell,76,0,0
Lionell,34,0,0
Lionell,12,80,0
Lionell,69,79,7
Lionell,41,0,0
Lionell,2,52,0
Lionell,79,0,0
Lionell,31,5,2
Lionell,40,64,14
Lionell,45,78,0
Lionell,55,3,0
Lionell,5,21,0
Lionell,65,6,0
Lionell,43,55,0
Lionell,97,100,63
Lionell,89,12,3
Lionell,76,0,0
Lionell,57,51,0
Lionell,52,1,1
Lionell,23,73,13
Lionell,11,78,1
Lionell,78,0,0
Lionell,12,0,0
Lionell,41,1,0
Lionell,78,0,0
Lionell,71,5,4
Lionell,45,93,0
Lionell,3,0,0
Lionell,95,0,0
Lionell,64,0,0
Lionell,99,28,3
Lionell,61,29,0
Lionell,41,6,1
Lionell,55,0,0
Lionell,85,28,0
Lionell,1,33,1
Lionell,39,59,0
Lionell,3,23,1
Lionell,45,56,0
Lionell,31,31,0
Lionell,88,99,49
Lionell,95,32,0
Lionell,45,12,0
Lionell,65,18,0
Lionell,55,79,18
Lionell,41,79,0
Lionell,69,42,12
Lionell,96,35,9
Lionell,23,6,0
Lionell,32,0,0
Lionell,40,63,0
Lionell,70,4,0
Lionell,61,92,0
Lionell,75,0,0
Lionell,43,66,0
Lionell,48,45,0
Lionell,60,44,0
Lionell,98,75,0
Lionell,65,36,0
Lionell,30,6,0
Lionell,10,81,0
Lionell,18,4,0
Lionell,76,50,0
Lionell,76,3,3
Lionell,60,7,0
Lionell,32,62,11
Lionell,40,72,0
Lionell,74,0,0
Lionell,6,0,0
Lionell,55,37,0
Lionell,85,89,46
Lionell,44,22,17
Lionell,16,17,0
Lionell,47,63,0
Lionell,74,5,5
Lionell,100,66,40
Lionell,35,0,0
Lionell,24,50,0
Lionell,77,0,0
Lionell,51,0,0
Lionell,95,49,0
Lionell,18,24,0
Lionell,62,22,0
Lionell,53,0,0
Lionell,23,45,0
Lionell,28,94,0
Lionell,90,88,4
Lionell,32,91,6
Lionell,17,32,0
Lionell,78,0,0
Lionell,4,36,0
Lionell,76,47,0
Lionell,94,96,25
Lionell,4,69,0
Lionell,1,40,1
Lionell,89,70,0
Lionell,61,15,0
Lionell,62,33,13
Lionell,11,0,0
Lionell,81,99,0
Lionell,51,0,0
Lionell,60,7,2
Lionell,47,83,5
Lionell,2,76,1
Lionell,74,0,0
Lionell,41,44,0
Lionell,47,75,18
Lionell,50,48,0
Lionell,91,72,27
Lionell,5,0,0
Lionell,85,4,0
Lionell,60,0,0
Lionell,43,82,0
Lionell,89,0,0
Lionell,88,0,0
Lionell,92,52,0
Lionell,93,0,0
Lionell,64,57,27
Lionell,84,84,0
Lionell,63,0,0
Lionell,91,0,0
Lionell,27,74,22
Lionell,20,83,0
Lionell,51,0,0
Lionell,68,0,0
Lionell,76,86,0
Lionell,47,49,42
Lionell,33,96,0
Lionell,28,0,0
Lionell,99,8,6
Lionell,22,0,0
Lionell,79,56,18
Lionell,71,78,24
Lionell,66,42,0
Lionell,23,1,1
Lionell,12,0,0
Lionell,35,0,0
Lionell,84,0,0
Lionell,9,25,0
Lionell,76,43,0
Lionell,76,12,0
Lionell,91,60,44
Lionell,22,86,0
Lionell,12,46,6
Lionell,20,9,0
Lionell,16,60,0
Lionell,14,34,0
Lionell,16,1,0
Lionell,53,55,0
Lionell,52,90,0
Lionell,31,0,0
Lionell,74,0,0
Lionell,57,83,0
Lionell,100,72,0
Lionell,26,0,0
Lionell,42,20,18
Lionell,53,0,0
Lionell,9,74,0
Lionell,60,37,0
Lionell,59,68,14
Lionell,2,0,0
Lionell,85,31,0
Lionell,7,10,0
Lionell,89,0,0
Lionell,23,0,0
Lionell,55,22,0
Lionell,57,47,0
Lionell,89,90,0
Lionell,76,0,0
Lionell,65,17,8
Lionell,58,32,0
Lionell,89,15,6
Lionell,90,18,3
Lionell,35,45,24
Lionell,53,8,7
Lionell,2,100,1
Lionell,61,100,0
Lionell,52,0,0
Lionell,23,0,0
Lionell,6,24,1
Lionell,39,35,24
Lionell,29,80,0
Lionell,97,6,4
Lionell,50,0,0
Lionell,93,14,0
Lionell,65,28,22
Lionell,52,35,8
Lionell,67,0,0
Lionell,10,0,0
Lionell,32,0,0
Lionell,10,80,0
Lionell,84,0,0
Lionell,43,50,0
Lionell,78,21,0
Lionell,53,11,3
Lionell,22,0,0
Lionell,56,93,0
Lionell,48,0,0
Lionell,23,0,0
Lionell,31,0,0
Lionell,30,70,11
Lionell,7,35,0
Lionell,70,95,0
Lionell,91,50,0
Lionell,64,47,14
Lionell,88,25,0
Lionell,13,0,0
Lionell,1,99,0
Lionell,5,0,0
Lionell,13,8,0
Lionell,97,0,0
Lionell,32,95,0
Lionell,94,85,41
Lionell,15,0,0
Lionell,44,95,0
Lionell,50,0,0
Lionell,79,0,0
Lionell,16,0,0
Lionell,67,96,4
Lionell,97,7,0
Lionell,90,84,0
Lionell,72,62,0
Lionell,33,51,7
Lionell,48,34,31
Lionell,63,0,0
Lionell,20,0,0
Lionell,33,16,11
Lionell,6,25,6
Lionell,24,4,2
Lionell,11,35,0
Lionell,99,42,0
Lionell,39,0,0
Lionell,68,25,0
Lionell,99,19,0
Lionell,2,86,0
Lionell,76,21,0
Lionell,98,0,0
Lionell,1,3,1
Lionell,25,0,0
Lionell,77,99,40
Lionell,7,76,0
Lionell,51,0,0
Lionell,18,61,0
Lionell,62,0,0
Lionell,87,0,0
Lionell,61,0,0
Lionell,54,53,0
Lionell,10,28,0
Lionell,20,95,0
Lionell,81,95,0
Lionell,23,0,0
Lionell,98,29,27
Lionell,13,24,0
Lionell,85,57,0
Lionell,36,68,12
Lionell,65,25,0
Lionell,82,60,13
Lionell,63,60,34
Lionell,13,52,0
Lionell,77,53,45
Lionell,76,0,0
Lionell,52,0,0
Lionell,91,0,0
Lionell,30,60,0
Lionell,17,14,0
Lionell,98,77,0
Lionell,39,17,7
Lionell,5,25,2
Lionell,73,0,0
Lionell,76,41,0
Lionell,29,60,0
Lionell,71,67,25
Lionell,42,0,0
Lionell,82,43,0
Lionell,10,61,0
Lionell,61,57,0
Lionell,63,68,10
Lionell,5,0,0
Lionell,29,23,12
Lionell,38,2,0
Lionell,26,0,0
Lionell,50,88,31
Lionell,16,52,15
Lionell,49,67,20
Lionell,66,39,19
Lionell,7,0,0
Lionell,64,42,0
Lionell,56,67,0
Lionell,74,0,0
Lionell,15,25,14
Lionell,60,44,0
Lionell,48,50,0
Lionell,67,0,0
Lionell,30,0,0
Lionell,67,68,0
Lionell,45,9,1
Lionell,34,0,0
Lionell,54,59,0
Lionell,100,0,0
Lionell,47,0,0
Lionell,97,17,0
Lionell,74,76,0
Lionell,59,80,6
Lionell,65,80,42
Lionell,76,15,0
Lionell,83,74,24
Lionell,2,28,0
Lionell,17,25,17
Lionell,95,0,0
Lionell,18,0,0
Lionell,38,0,0
Lionell,81,90,0
Lionell,80,69,0
Lionell,12,0,0
Lionell,94,2,1
Lionell,79,15,0
Lionell,57,0,0
Lionell,81,0,0
Lionell,69,19,0
Lionell,25,43,1
Lionell,21,0,0
Lionell,97,77,0
Lionell,58,76,30
Lionell,88,37,0
Lionell,36,71,0
Lionell,41,88,9
Lionell,90,47,0
Lionell,14,0,0
Lionell,26,25,0
Lionell,20,0,0
Lionell,94,0,0
Lionell,70,25,0
Lionell,57,1,0
Lionell,14,5,0
Lionell,31,0,0
Lionell,65,18,0
Lionell,45,0,0
Lionell,14,47,0
Lionell,96,54,12
Lionell,7,44,4
Lionell,85,17,0
Lionell,11,0,0
Lionell,87,60,0
Lionell,44,0,0
Lionell,42,36,0
Lionell,79,39,0
Lionell,69,0,0
Lionell,86,71,14
Lionell,2,22,1
Lionell,51,92,25
Lionell,3,78,0
Lionell,82,90,0
Lionell,24,0,0
Lionell,66,50,21
Lionell,57,81,0
Lionell,76,48,48
Lionell,98,69,19
Lionell,50,17,0
Lionell,66,0,0
Lionell,65,2,2
Lionell,55,23,16
Lionell,12,97,0
Lionell,48,49,0
Lionell,5,0,0
Lionell,88,47,0
Lionell,78,0,0
Lionell,46,0,0
Lionell,60,2,0
Lionell,69,65,0
Lionell,42,57,0
Lionell,13,79,0
Lionell,94,12,3
Lionell,35,62,0
Lionell,14,0,0
Lionell,76,65,0
Lionell,26,0,0
Lionell,46,77,10
Lionell,94,23,0
Lionell,10,44,0
Lionell,13,0,0
Lionell,82,0,0
Lionell,27,0,0
Lionell,41,0,0
Lionell,62,98,13
Lionell,79,15,5
Lionell,54,0,0
Lionell,75,11,0
Lionell,54,31,3
Lionell,21,0,0
Lionell,24,68,2
Lionell,89,65,19
Lionell,88,0,0
Lionell,25,37,5
Lionell,46,0,0
Lionell,80,0,0
Lionell,88,17,0
Lionell,80,95,0
Lionell,37,47,0
Lionell,40,98,0
Lionell,15,33,0
Lionell,71,52,0
Lionell,19,0,0
Lionell,83,88,25
Lionell,27,84,12
Lionell,41,0,0
Lionell,85,9,9
Lionell,31,51,27
Lionell,87,100,57
Lionell,48,11,5
Lionell,36,0,0
Lionell,53,0,0
Lionell,47,1,0
Lionell,89,0,0
Lionell,64,50,0
Lionell,32,0,0
Lionell,82,10,0
Lionell,26,0,0
Lionell,24,50,0
Lionell,25,84,7
Lionell,34,99,18
Lionell,75,3,3
Lionell,16,52,15
Lionell,63,4,1
Lionell,97,74,0
Lionell,67,63,5
Lionell,23,19,0
Lionell,54,33,0
Lionell,88,0,0
Lionell,85,63,0
Lionell,91,0,0
Lionell,53,35,0
Lionell,74,0,0
Lionell,69,30,0
Lionell,72,0,0
Lionell,58,0,0
Lionell,37,44,0
Lionell,17,20,0
Lionell,49,0,0
Lionell,52,80,0
Lionell,45,60,0
Lionell,10,0,0
Lionell,87,61,27
Lionell,56,0,0
Lionell,81,97,0
Lionell,12,0,0
Lionell,39,25,25
Lionell,53,100,0
Lionell,16,91,0
Lionell,33,39,5
Lionell,58,91,8
Lionell,83,90,20
Lionell,35,41,35
Lionell,69,0,0
Lionell,40,0,0
Lionell,23,8,0
Lionell,21,0,0
Lionell,92,0,0
Lionell,43,70,0
Lionell,69,0,0
Lionell,83,0,0
Lionell,70,0,0
Lionell,70,60,0
Lionell,18,14,0
Lionell,82,8,0
Lionell,41,24,0
Lionell,36,0,0
Lionell,30,72,23
Lionell,47,0,0
Lionell,39,0,0
Lionell,100,22,0
Lionell,98,74,6
Lionell,77,43,26
Lionell,63,12,0
Lionell,65,93,0
Lionell,100,0,0
Lionell,66,77,0
Lionell,97,0,0
Lionell,100,0,0
Lionell,95,83,0
Lionell,60,95,0
Lionell,68,12,0
Lionell,31,0,0
Lionell,94,30,0
Lionell,77,56,0
Lionell,77,75,59
Lionell,43,75,0
Lionell,37,91,0
Lionell,2,85,0
Lionell,74,67,57
Lionell,2,14,0
Lionell,5,0,0
Lionell,54,61,0
Lionell,100,44,0
Lionell,53,76,0
Lionell,14,86,13
Lionell,53,77,0
Lionell,17,60,0
Lionell,68,0,0
Lionell,73,0,0
Lionell,70,94,0
Lionell,59,5,0
Lionell,44,7,1
Lionell,59,81,32
Lionell,67,0,0
Lionell,64,92,0
Lionell,8,70,3
Lionell,15,0,0
Lionell,10,35,0
Lionell,32,0,0
Lionell,91,12,0
Lionell,62,30,0
Lionell,48,0,0
Lionell,89,0,0
Lionell,93,20,9
Lionell,26,33,20
Lionell,54,0,0
Lionell,46,26,5
Lionell,14,8,0
Lionell,41,27,1
Lionell,48,2,2
Lionell,45,56,0
Lionell,15,86,0
Lionell,7,0,0
Lionell,61,15,8
Lionell,19,53,17
Lionell,45,0,0
Lionell,41,6,0
Lionell,13,22,4
Lionell,72,83,0
Lionell,88,0,0
Lionell,17,97,0
Lionell,62,5,2
Lionell,13,13,0
Lionell,44,0,0
Lionell,62,0,0
Lionell,73,0,0
Lionell,28,4,4
Lionell,8,0,0
Lionell,56,0,0
Lionell,88,63,0
Lionell,72,65,57
Lionell,4,76,4
Lionell,80,87,75
Lionell,85,98,46
Lionell,50,0,0
Lionell,25,0,0
Lionell,1,0,0
Lionell,72,0,0
Lionell,95,0,0
Lionell,2,0,0
Lionell,78,7,0
Lionell,25,85,10
Lionell,78,20,0
Lionell,14,39,0
Lionell,90,7,0
Lionell,52,0,0
Lionell,19,52,0
Lionell,75,11,4
Lionell,20,0,0
Lionell,10,0,0
Lionell,98,32,0
Lionell,94,31,0
Lionell,63,0,0
Lionell,21,26,4
Lionell,65,43,0
Lionell,99,18,10
Lionell,38,90,0
Lionell,24,46,0
Lionell,32,92,0
Lionell,21,0,0
Lionell,70,60,53
Lionell,65,80,48
Lionell,10,49,0
Lionell,48,14,0
Lionell,56,0,0
Lionell,88,0,0
Lionell,24,54,5
Lionell,43,0,0
Lionell,62,2,0
Lionell,68,60,16
Lionell,54,55,9
Lionell,69,59,4
Lionell,50,35,0
Lionell,16,0,0
Lionell,67,58,29
Lionell,46,38,11
Lionell,1,88,0
Lionell,75,31,22
Lionell,78,72,0
Lionell,47,83,0
Lionell,63,78,0
Lionell,59,34,14
Lionell,45,4,1
Lionell,94,60,0
Lionell,25,0,0
Lionell,21,0,0
Lionell,1,96,0
Lionell,48,0,0
Lionell,5,0,0
Lionell,22,91,0
Lionell,9,0,0
Lionell,29,0,0
Lionell,79,77,0
Lionell,95,76,4
Lionell,48,71,0
Lionell,67,82,0
Lionell,32,0,0
Lionell,50,8,0
Lionell,52,54,0
Lionell,39,92,10
Lionell,85,22,15
Lionell,90,8,8
Lionell,77,41,0
Lionell,19,28,0
Lionell,7,95,0
Lionell,48,0,0
Lionell,30,80,8
Lionell,85,91,7
Lionell,32,0,0
Lionell,1,0,0
Lionell,66,60,55
Lionell,59,45,41
Lionell,57,79,0
Lionell,88,6,0
Lionell,94,0,0
Lionell,35,0,0
Lionell,26,3,0
Lionell,95,4,0
Lionell,90,67,0
Lionell,63,0,0
Lionell,92,2,2
Lionell,23,0,0
Lionell,24,73,9
Lionell,29,37,0
Lionell,64,75,0
Lionell,4,82,1
Lionell,83,14,3
Lionell,56,99,0
Lionell,34,16,0
Lionell,53,22,0
Lionell,11,68,0
Lionell,76,0,0
Lionell,4,49,0
Lionell,15,0,0
Lionell,32,0,0
Lionell,19,0,0
Lionell,52,100,40
Lionell,83,65,0
Lionell,4,0,0
Lionell,32,87,30
Lionell,38,33,0
Lionell,27,91,24
Lionell,17,75,12
Lionell,77,0,0
Lionell,20,0,0
Lionell,89,82,0
Lionell,55,38,0
Lionell,28,0,0
Lionell,42,54,0
Lionell,79,70,65
Lionell,3,0,0
Lionell,51,61,0
Lionell,35,63,0
Lionell,12,60,3
Lionell,8,0,0
Lionell,61,80,0
Lionell,30,79,0
Lionell,18,44,0
Lionell,78,35,0
Lionell,30,11,2
Lionell,22,49,0
Lionell,43,68,39
Lionell,29,0,0
Lionell,37,2,0
Lionell,9,0,0
Lionell,47,28,0
Lionell,77,8,0
Lionell,20,17,15
Lionell,6,67,3
Lionell,61,0,0
Lionell,77,39,0
Lionell,11,0,0
Lionell,90,0,0
Lionell,33,55,30
Lionell,96,42,0
Lionell,50,0,0
Lionell,74,100,0
Lionell,53,20,11
Lionell,82,86,0
Lionell,91,44,0
Lionell,37,51,0
Lionell,74,87,18
Lionell,64,0,0
Lionell,50,58,0
Lionell,96,2,2
Lionell,20,23,0
Lionell,70,0,0
Lionell,54,82,53
Lionell,6,27,2
Lionell,5,78,3
Lionell,20,49,0
Lionell,41,27,0
Lionell,60,95,20
Lionell,53,66,8
Lionell,99,0,0
Lionell,19,0,0
Lionell,37,7,4
Lionell,74,65,51
Lionell,56,64,10
Lionell,51,57,0
Lionell,15,0,0
Lionell,67,80,0
Lionell,7,44,5
Lionell,87,0,0
Lionell,12,0,0
Lionell,74,3,0
Lionell,18,0,0
Lionell,100,47,0
Lionell,3,72,3
Lionell,28,86,0
Lionell,81,77,29
Lionell,82,95,45
Lionell,56,0,0
Lionell,22,0,0
Lionell,88,0,0
Lionell,28,0,0
Lionell,11,78,9
Lionell,31,70,0
Lionell,38,66,35
Lionell,47,84,0
Lionell,54,19,0
Lionell,87,11,0
Lionell,12,0,0
Lionell,18,71,0
Lionell,59,0,0
Lionell,62,80,12
Lionell,27,0,0
Lionell,73,0,0
Lionell,89,99,0
Lionell,23,0,0
Lionell,58,92,50
Lionell,45,79,0
Lionell,90,84,83
Lionell,43,92,33
Lionell,16,74,16
Lionell,16,80,15
Lionell,85,64,0
Lionell,8,65,0
Lionell,85,0,0
Lionell,100,0,0
Lionell,91,76,0
Lionell,38,97,0
Lionell,26,0,0
Lionell,86,62,1
Lionell,89,62,17
Lionell,28,82,16
Lionell,79,29,9
Lionell,44,0,0
Lionell,39,28,0
Lionell,100,98,0
Lionell,10,0,0
Lionell,32,3,0
Lionell,69,20,11
Lionell,27,84,0
Lionell,16,93,0
Lionell,50,2,0
Lionell,27,15,0
Lionell,1,30,1
Lionell,52,63,27
Lionell,44,22,0
Lionell,45,65,0
Lionell,98,91,0
Lionell,68,8,3
Lionell,63,13,11
Lionell,19,29,18
Lionell,92,30,0
Lionell,21,0,0
Lionell,28,0,0
Lionell,16,73,16
Lionell,36,64,0
Lionell,39,87,0
Lionell,41,9,0
Lionell,52,70,45
Lionell,80,0,0
Lionell,83,28,0
Lionell,39,4,0
Lionell,91,100,0
Lionell,71,13,12
Lionell,35,0,0
Lionell,95,0,0
Lionell,77,58,0
Lionell,67,100,62
Lionell,71,0,0
Lionell,98,23,0
Lionell,52,0,0
Lionell,60,0,0
Lionell,82,30,5
Lionell,13,79,4
Lionell,93,2,1
Lionell,28,72,0
Lionell,30,19,0
Lionell,92,0,0
Lionell,84,77,58
Lionell,39,40,0
Lionell,69,46,0
Lionell,78,14,0
Lionell,80,0,0
Lionell,32,95,0
Lionell,82,0,0
Lionell,96,31,0
Lionell,81,0,0
Lionell,37,0,0
Lionell,63,0,0
Lionell,52,92,4
Lionell,27,6,0
Lionell,83,0,0
Lionell,43,22,0
Lionell,47,0,0
Lionell,30,48,24
Lionell,19,83,0
Lionell,100,90,1
Lionell,53,8,7
Lionell,49,93,0
Lionell,72,0,0
Lionell,15,44,3
Lionell,72,0,0
Lionell,91,64,54
Lionell,14,32,0
Lionell,47,93,0
Lionell,11,93,0
Lionell,80,0,0
Lionell,60,24,4
Lionell,27,39,13
Lionell,79,0,0
Lionell,31,82,0
Lionell,59,21,21
Lionell,54,10,0
Lionell,30,0,0
Lionell,24,1,0
Lionell,66,67,0
Lionell,56,0,0
Lionell,94,76,0
Lionell,61,0,0
Lionell,91,8,0
Lionell,5,3,0
Lionell,61,93,0
Lionell,73,0,0
Lionell,38,0,0
Lionell,40,39,23
Lionell,46,68,0
Lionell,42,42,0
Lionell,80,0,0
Lionell,87,18,18
Lionell,98,49,44
Lionell,53,0,0
Lionell,61,36,33
Lionell,18,37,0
Lionell,3,0,0
Lionell,27,84,0
Lionell,62,0,0
Lionell,48,54,45
Lionell,44,5,0
Lionell,61,52,0
Lionell,87,0,0
Lionell,70,27,13
Lionell,77,97,3
Lionell,28,0,0
Lionell,11,0,0
Lionell,41,73,39
Lionell,20,73,0
Lionell,96,71,0
Lionell,8,59,5
Lionell,10,83,0
Lionell,29,0,0
Lionell,38,84,0
Lionell,21,70,19
Lionell,45,91,0
Lionell,86,0,0
Lionell,66,73,0
Lionell,21,100,0
Lionell,98,0,0
Lionell,32,79,0
Lionell,44,73,30
Lionell,61,0,0
Lionell,100,31,10
Lionell,67,0,0
Lionell,40,16,15
Lionell,3,0,0
Lionell,78,99,5
Lionell,25,0,0
Lionell,54,0,0
Lionell,40,20,0
Lionell,86,89,0
Lionell,62,74,0
Lionell,59,21,0
Lionell,13,86,0
Lionell,10,42,7
Lionell,75,0,0
Lionell,78,13,8
Lionell,29,12,0
Lionell,30,1,0
Lionell,5,31,4
Lionell,18,0,0
Lionell,84,55,32
Lionell,30,88,0
Lionell,88,56,40
Lionell,40,65,0
Lionell,17,0,0
Lionell,59,91,0
Lionell,10,0,0
Lionell,94,71,48
Lionell,1,68,0
Lionell,39,24,0
Lionell,3,0,0
Lionell,53,39,21
Lionell,82,0,0
Lionell,87,95,60
Lionell,6,31,0
Lionell,45,6,0
Lionell,81,0,0
Lionell,52,51,0
Lionell,31,4,3
Lionell,84,0,0
Lionell,40,59,0
Lionell,94,90,38
Lionell,15,66,0
Lionell,68,70,0
Lionell,27,0,0
Lionell,73,0,0
Lionell,28,87,0
Lionell,86,35,35
Lionell,90,0,0
Lionell,63,0,0
Lionell,22,0,0
Lionell,72,94,0
Lionell,56,9,0
Lionell,57,90,0
Lionell,62,0,0
Lionell,63,48,31
Lionell,38,8,3
Lionell,12,66,0
Lionell,46,89,34
Lionell,24,58,6
Lionell,33,81,2
Lionell,46,0,0
Lionell,84,0,0
Lionell,36,66,25
Lionell,17,88,0
Lionell,7,52,0
Lionell,57,0,0
Lionell,41,46,0
Lionell,43,0,0
Lionell,18,69,0
Lionell,14,79,0
Lionell,52,87,0
Lionell,18,99,11
Lionell,35,82,15
Lionell,57,81,30
Lionell,43,0,0
Lionell,94,83,0
Lionell,17,0,0
Lionell,100,0,0
Lionell,16,0,0
Lionell,32,57,12
Lionell,45,61,15
Lionell,99,0,0
Lionell,7,94,0
Lionell,92,0,0
Lionell,74,54,0
Lionell,81,99,0
Lionell,78,0,0
Lionell,65,0,0
Lionell,17,31,0
Lionell,14,0,0
Lionell,62,67,35
Lionell,21,0,0
Lionell,77,0,0
Lionell,13,20,9
Lionell,28,53,0
Lionell,62,0,0
Lionell,89,4,2
Lionell,82,94,52
Lionell,80,7,0
Lionell,18,60,5
Lionell,28,0,0
Lionell,89,0,0
Lionell,14,14,0
Lionell,9,97,0
Lionell,73,85,0
Lionell,66,42,0
Lionell,34,0,0
Lionell,54,53,43
Lionell,47,73,0
Lionell,22,66,0
Lionell,33,0,0
Lionell,91,0,0
Lionell,11,59,0
Lionell,41,16,0
Lionell,70,0,0
Lionell,68,5,5
Lionell,61,64,0
Lionell,88,24,0
Lionell,75,0,0
Lionell,37,93,0
Lionell,9,0,0
Lionell,96,0,0
Lionell,18,23,0
Lionell,94,94,0
Lionell,91,0,0
Lionell,92,44,0
Lionell,36,0,0
Lionell,25,0,0
Lionell,8,33,0
Lionell,76,0,0
Lionell,29,29,27
Lionell,1,18,1
Lionell,23,2,0
Lionell,100,93,0
Lionell,72,0,0
Lionell,49,15,8
Lionell,18,0,0
Lionell,80,20,0
Lionell,83,87,0
Lionell,81,81,0
Lionell,83,72,0
Lionell,13,0,0
Lionell,46,89,0
Lionell,95,0,0
Lionell,5,0,0
Lionell,32,41,0
Lionell,6,94,0
Lionell,30,75,0
Lionell,38,80,0
Lionell,45,30,23
Lionell,21,0,0
Lionell,69,0,0
Lionell,45,40,4
Lionell,65,16,0
Lionell,48,97,0
Lionell,40,0,0
Lionell,57,47,0
Lionell,27,60,0
Lionell,34,21,0
Lionell,11,1,0
Lionell,21,87,3
Lionell,27,17,1
Lionell,98,0,0
Lionell,59,0,0
Lionell,82,65,0
Lionell,1,0,0
Lionell,41,37,19
Lionell,60,14,0
Lionell,76,0,0
Lionell,91,0,0
Lionell,43,28,21
Lionell,43,0,0
Lionell,57,21,0
Lionell,55,11,0
Lionell,59,73,0
Lionell,60,9,0
Lionell,22,69,12
Lionell,37,0,0
Lionell,79,0,0
Lionell,67,23,1
Lionell,91,42,0
Lionell,85,0,0
Lionell,44,0,0
Lionell,35,37,7
Lionell,24,53,5
Lionell,85,8,0
Lionell,92,88,39
Lionell,26,38,0
Lionell,48,65,0
Lionell,35,0,0
Lionell,85,17,0
Lionell,2,29,2
Lionell,96,71,0
Lionell,67,18,0
Lionell,83,52,0
Lionell,36,27,10
Lionell,70,0,0
Lionell,14,71,0
Lionell,96,47,0
Lionell,94,0,0
Lionell,81,0,0
Lionell,5,0,0
Lionell,43,14,0
Lionell,62,37,0
Lionell,89,0,0
Lionell,64,38,6
Lionell,16,0,0
Lionell,84,31,0
Lionell,7,12,3
Lionell,41,40,0
Lionell,98,0,0
Lionell,31,0,0
Lionell,77,81,0
Lionell,65,45,0
Lionell,98,80,73
Lionell,47,0,0
Lionell,98,0,0
Lionell,74,89,32
Lionell,12,96,0
Lionell,81,27,0
Lionell,10,26,0
Lionell,94,4,4
Lionell,35,0,0
Lionell,84,0,0
Lionell,3,23,1
Lionell,77,38,2
Lionell,62,29,21
Lionell,50,17,13
Lionell,33,0,0
Lionell,11,73,9
Lionell,25,74,24
Lionell,15,0,0
Lionell,61,0,0
Lionell,93,6,0
Lionell,74,56,0
Lionell,9,94,0
Lionell,75,63,0
Lionell,1,0,0
Lionell,97,50,0
Lionell,23,91,0
Lionell,45,56,0
Lionell,9,15,8
Lionell,94,0,0
Lionell,74,0,0
Lionell,13,0,0
Lionell,74,66,0
Lionell,33,99,2
Lionell,40,0,0
Lionell,97,84,64
Lionell,36,53,0
Lionell,21,20,0
Lionell,40,82,0
Lionell,26,88,5
Lionell,56,60,0
Lionell,38,83,0
Lionell,64,0,0
Lionell,27,48,25
Lionell,88,19,14
Lionell,70,84,0
Lionell,72,51,0
Lionell,71,3,0
Lionell,33,0,0
Lionell,91,0,0
Lionell,70,24,0
Lionell,2,0,0
Lionell,1,87,0
Lionell,89,80,0
Lionell,42,84,30
Lionell,77,70,0
Lionell,14,0,0
Lionell,23,0,0
Lionell,31,38,0
Lionell,31,48,16
Lionell,79,0,0
Lionell,46,0,0
Lionell,73,54,0
Lionell,17,37,11
Lionell,99,38,0
Lionell,30,0,0
Lionell,16,83,0
Lionell,2,19,2
Lionell,18,17,0
Lionell,98,0,0
Lionell,56,49,0
Lionell,80,51,44
Lionell,35,28,0
Lionell,14,0,0
Lionell,56,0,0
Lionell,32,6,2
Lionell,75,0,0
Lionell,8,6,0
Lionell,12,42,7
Lionell,65,19,7
Lionell,11,6,0
Lionell,67,10,2
Lionell,58,48,3
Lionell,96,0,0
Lionell,64,66,0
Lionell,72,92,0
Lionell,45,92,0
Lionell,16,64,0
Lionell,19,44,0
Lionell,50,23,0
Lionell,89,27,0
Lionell,45,0,0
Lionell,36,0,0
Lionell,86,79,0
Lionell,40,0,0
Lionell,27,81,0
Lionell,37,97,31
Lionell,7,27,0
Lionell,46,91,0
Lionell,73,89,0
Lionell,82,33,15
Lionell,95,10,1
Lionell,57,31,0
Lionell,73,32,0
Lionell,4,0,0
Lionell,45,59,0
Lionell,25,72,0
Lionell,88,30,0
Lionell,25,20,15
Lionell,92,9,4
Lionell,44,0,0
Lionell,12,26,1
Lionell,27,49,6
Lionell,99,93,21
Lionell,12,82,11
Lionell,55,0,0
Lionell,12,0,0
Lionell,29,0,0
Lionell,28,0,0
Lionell,55,70,0
Lionell,10,50,0
Lionell,34,89,0
Lionell,29,77,0
Lionell,61,7,0
Lionell,17,0,0
Lionell,25,97,0
Lionell,13,13,8
Lionell,57,0,0
Lionell,31,28,0
Lionell,21,53,0
Lionell,61,0,0
Lionell,50,9,1
Lionell,13,96,0
Lionell,81,81,0
Lionell,5,0,0
Lionell,96,78,0
Lionell,37,0,0
Lionell,76,59,37
Lionell,83,26,2
Lionell,4,47,0
Lionell,36,79,21
Lionell,82,10,3
Lionell,76,93,15
Lionell,62,48,0
Lionell,33,0,0
Lionell,43,0,0
Lionell,7,54,3
Lionell,10,0,0
Lionell,70,44,5
Lionell,65,0,0
Lionell,53,0,0
Lionell,1,33,1
Lionell,60,91,0
Lionell,84,0,0
Lionell,9,50,0
Lionell,44,0,0
Lionell,22,59,0
Lionell,100,35,0
Lionell,24,34,0
Lionell,87,14,0
Lionell,77,11,0
Lionell,56,0,0
Lionell,95,100,0
Lionell,21,0,0
Lionell,18,91,2
Lionell,35,80,0
Lionell,96,25,19
Lionell,53,89,0
Lionell,42,77,6
Lionell,84,50,0
Lionell,61,21,0
Lionell,51,34,0
Lionell,66,60,43
Lionell,33,0,0
Lionell,92,0,0
Lionell,100,0,0
Lionell,89,64,43
Lionell,2,76,2
Lionell,10,83,0
Lionell,71,39,25
Lionell,100,50,21
Lionell,63,90,0
Lionell,73,0,0
Lionell,60,21,0
Lionell,80,92,0
Lionell,92,53,0
Lionell,54,0,0
Lionell,68,23,0
Lionell,24,61,0
Lionell,83,0,0
Lionell,70,73,0
Lionell,98,73,0
Lionell,20,0,0
Lionell,92,95,87
Lionell,7,59,1
Lionell,37,94,0
Lionell,85,3,0
Lionell,96,53,5
Lionell,63,47,41
Lionell,69,36,0
Lionell,43,0,0
Lionell,24,16,2
Lionell,69,0,0
Lionell,31,67,12
Lionell,9,65,5
Lionell,66,7,1
Lionell,68,0,0
Lionell,2,76,1
Lionell,32,0,0
Lionell,97,61,2
Lionell,5,53,1
Lionell,66,0,0
Lionell,5,95,3
Lionell,39,98,0
Lionell,25,0,0
Lionell,100,90,62
Lionell,28,19,0
Lionell,99,36,24
Lionell,5,22,0
Lionell,35,0,0
Lionell,16,61,8
Lionell,12,82,11
Lionell,13,80,0
Lionell,81,41,31
Lionell,33,18,0
Lionell,62,0,0
Lionell,58,89,47
Lionell,51,58,0
Lionell,3,63,3
Lionell,93,15,0
Lionell,12,94,0
Lionell,21,0,0
Lionell,61,0,0
Lionell,8,3,3
Lionell,60,100,0
Lionell,29,0,0
Lionell,94,29,0
Lionell,41,0,0
Lionell,8,39,7
Lionell,66,62,0
Lionell,38,0,0
Lionell,22,8,5
Lionell,94,0,0
Lionell,39,26,9
Lionell,31,0,0
Lionell,16,41,0
Lionell,41,0,0
Lionell,81,69,66
Lionell,100,68,0
Lionell,50,0,0
Lionell,68,78,0
Lionell,16,64,0
Lionell,86,52,0
Lionell,23,0,0
Lionell,51,36,0
Lionell,100,87,0
Lionell,97,0,0
Lionell,81,0,0
Lionell,16,5,0
Lionell,98,0,0
Lionell,1,38,0
Lionell,78,100,0
Lionell,59,100,17
Lionell,61,45,1
Lionell,80,98,0
Lionell,75,86,28
Lionell,65,84,0
Lionell,61,2,0
Lionell,98,25,10
Lionell,72,53,13
Lionell,69,0,0
Lionell,90,38,28
Lionell,99,38,0
Lionell,72,62,0
Lionell,21,32,0
Lionell,43,80,0
Lionell,2,64,0
Lionell,46,0,0
Lionell,8,21,6
Lionell,19,7,0
Lionell,95,6,0
Lionell,44,0,0
Lionell,25,31,18
Lionell,31,0,0
Lionell,43,0,0
Lionell,39,85,0
Lionell,59,0,0
Lionell,19,97,0
Lionell,87,0,0
Lionell,100,62,50
Lionell,74,6,0
Lionell,51,0,0
Lionell,57,90,0
Lionell,64,0,0
Lionell,35,0,0
Lionell,18,36,0
Lionell,45,58,0
Lionell,23,8,4
Lionell,18,12,11
Lionell,81,61,39
Lionell,23,0,0
Lionell,85,94,0
Lionell,57,0,0
Lionell,46,0,0
Lionell,61,83,11
Lionell,29,0,0
Lionell,57,54,0
Lionell,85,15,0
Lionell,38,0,0
Lionell,5,62,0
Lionell,90,96,0
Lionell,90,1,1
Lionell,73,0,0
Lionell,94,0,0
Lionell,7,61,7
Lionell,53,0,0
Lionell,96,59,0
Lionell,42,61,2
Lionell,58,0,0
Lionell,67,49,37
Lionell,27,0,0
Lionell,60,82,0
Lionell,84,58,0
Lionell,79,64,0
Lionell,14,0,0
Lionell,18,87,0
Lionell,74,0,0
Lionell,30,65,0
Lionell,42,6,0
Lionell,83,88,0
Lionell,61,0,0
Lionell,97,0,0
Lionell,98,51,47
Lionell,31,49,31
Lionell,92,57,0
Lionell,5,65,1
Lionell,29,26,11
Lionell,79,47,0
Lionell,51,41,0
Lionell,34,56,27
Lionell,24,0,0
Lionell,87,0,0
Lionell,70,56,0
Lionell,3,14,1
Lionell,38,61,0
Lionell,71,85,0
Lionell,2,36,2
Lionell,67,58,54
Lionell,84,6,5
Lionell,94,5,2
Lionell,30,11,11
Lionell,67,67,0
Lionell,16,49,0
Lionell,9,62,2
Lionell,18,0,0
Lionell,20,88,0
Lionell,83,33,0
Lionell,19,70,0
Lionell,56,0,0
Lionell,8,38,0
Lionell,77,65,0
Lionell,56,97,16
Lionell,84,0,0
Lionell,6,67,0
Lionell,66,0,0
Lionell,84,97,0
Lionell,95,4,0
Lionell,89,72,59
Lionell,8,36,0
Lionell,66,0,0
Lionell,69,0,0
Lionell,46,0,0
Lionell,73,0,0
Lionell,51,78,0
Lionell,31,46,0
Lionell,63,6,4
Lionell,64,85,0
Lionell,70,14,0
Lionell,30,87,0
Lionell,20,55,0
Lionell,100,92,3
Lionell,42,20,0
Lionell,72,93,57
Lionell,80,97,78
Lionell,74,66,21
Lionell,84,73,0
Lionell,83,0,0
Lionell,35,69,11
Lionell,31,0,0
Lionell,40,59,0
Lionell,81,11,0
Lionell,58,58,0
Lionell,8,60,0
Lionell,14,40,9
Lionell,54,29,0
Lionell,64,36,0
Lionell,100,0,0
Lionell,15,0,0
Lionell,33,0,0
Lionell,92,0,0
Lionell,23,46,0
Lionell,3,68,1
Lionell,43,75,0
Lionell,74,97,0
Lionell,64,8,0
Lionell,67,1,0
Lionell,5,31,1
Lionell,79,44,8
Lionell,61,0,0
Lionell,29,99,20
Lionell,67,45,31
Lionell,20,64,5
Lionell,4,61,0
Lionell,43,27,24
Lionell,86,48,0
Lionell,6,82,5
Lionell,21,61,0
Lionell,39,45,0
Lionell,12,0,0
Lionell,69,38,0
Lionell,95,0,0
Lionell,28,27,13
Lionell,80,94,0
Lionell,54,0,0
Lionell,87,19,0
Lionell,38,15,0
Lionell,9,41,8
Lionell,49,43,0
Lionell,45,15,3
Lionell,98,46,0
Lionell,3,0,0
Lionell,55,57,0
Lionell,47,27,5
Lionell,65,42,0
Lionell,81,0,0
Lionell,85,16,0
Lionell,50,28,0
Lionell,26,0,0
Lionell,89,27,0
Lionell,66,37,18
Lionell,74,85,0
Lionell,40,3,0
Lionell,67,57,11
Lionell,44,49,0
Lionell,13,38,1
Lionell,88,36,35
Lionell,88,44,0
Lionell,87,64,55
Lionell,54,0,0
Lionell,86,4,0
Lionell,73,70,3
Lionell,55,87,0
Lionell,17,28,14
Lionell,97,25,22
Lionell,28,73,0
Lionell,38,29,0
Lionell,42,97,14
Lionell,4,0,0
Lionell,37,20,12
Lionell,53,40,0
Lionell,60,24,0
Lionell,20,48,0
Lionell,3,24,0
Lionell,93,55,0
Lionell,96,42,20
Lionell,12,61,0
Lionell,51,19,0
Lionell,92,16,0
Lionell,38,35,0
Lionell,66,0,0
Lionell,73,0,0
Lionell,89,41,25
Lionell,7,94,0
Lionell,17,56,17
Lionell,50,0,0
Lionell,78,54,0
Lionell,1,0,0
Lionell,76,0,0
Lionell,89,60,4
Lionell,18,9,8
Lionell,61,0,0
Lionell,25,55,12
Lionell,71,63,37
Lionell,36,61,25
Lionell,65,15,12
Lionell,70,39,0
Lionell,72,59,33
Lionell,2,0,0
Lionell,1,54,0
Lionell,78,40,0
Lionell,3,95,1
Lionell,92,0,0
Lionell,12,89,0
Lionell,94,26,3
Lionell,9,0,0
Lionell,20,57,0
Lionell,11,0,0
Lionell,92,19,0
Lionell,41,0,0
Lionell,88,39,7
Lionell,56,45,0
Lionell,96,60,0
Lionell,97,80,0
Lionell,43,18,0
Lionell,43,0,0
Lionell,11,92,0
Lionell,47,42,0
Lionell,3,0,0
Lionell,73,1,1
Lionell,84,0,0
Lionell,95,61,0
Lionell,38,85,5
Lionell,30,57,0
Lionell,71,0,0
Lionell,96,58,0
Lionell,23,98,0
Lionell,17,33,14
Lionell,79,99,0
Lionell,95,14,0
Lionell,27,32,0
Lionell,12,75,0
Lionell,61,53,9
Lionell,70,52,9
Lionell,17,0,0
Lionell,26,0,0
Lionell,98,6,0
Lionell,66,14,0
Lionell,54,63,0
Lionell,53,0,0
Lionell,72,26,0
Lionell,87,93,0
Lionell,93,29,15
Lionell,60,21,0
Lionell,10,0,0
Lionell,92,86,66
Lionell,62,28,16
Lionell,94,86,0
Lionell,63,0,0
Lionell,42,97,0
Lionell,31,22,8
Lionell,8,7,0
Lionell,6,38,0
Lionell,64,44,0
Lionell,38,18,18
Lionell,64,4,1
Lionell,28,0,0
Lionell,12,96,0
Lionell,68,0,0
Lionell,78,72,0
Lionell,98,0,0
Lionell,15,27,0
Lionell,22,0,0
Lionell,74,0,0
Lionell,50,62,0
Lionell,18,0,0
Lionell,4,22,3
Lionell,3,40,0
Lionell,56,66,0
Lionell,63,0,0
Lionell,31,53,0
Lionell,22,82,0
Lionell,69,47,0
Lionell,97,26,0
Lionell,75,12,8
Lionell,71,59,0
Lionell,87,40,0
Lionell,81,2,0
Lionell,16,60,0
Lionell,25,98,7
Lionell,58,21,0
Lionell,60,0,0
Lionell,91,0,0
Lionell,19,19,0
Lionell,86,77,17
Lionell,63,69,2
Lionell,24,48,0
Lionell,21,93,0
Lionell,44,85,0
Lionell,53,92,0
Lionell,11,29,0
Lionell,12,88,0
Lionell,87,12,0
Lionell,61,54,0
Lionell,19,34,12
Lionell,65,62,0
Lionell,43,0,0
Lionell,62,31,0
Lionell,70,5,1
Lionell,33,0,0
Lionell,61,59,0
Lionell,90,85,0
Lionell,23,67,0
Lionell,3,6,0
Lionell,47,0,0
Lionell,63,67,0
Lionell,95,44,0
Lionell,55,93,0
Lionell,57,4,0
Lionell,23,59,14
Lionell,78,0,0
Lionell,87,75,0
Lionell,30,26,0
Lionell,24,84,5
Lionell,42,16,0
Lionell,64,49,0
Lionell,34,71,0
Lionell,67,0,0
Lionell,60,0,0
Lionell,79,0,0
Lionell,45,0,0
Lionell,84,58,0
Lionell,74,99,8
Lionell,26,12,0
Lionell,13,6,3
Lionell,92,9,0
Lionell,62,83,52
Lionell,29,0,0
Lionell,65,54,41
Lionell,81,16,0
Lionell,6,0,0
Lionell,70,0,0
Lionell,83,0,0
Lionell,37,52,0
Lionell,31,28,2
Lionell,21,71,0
Lionell,49,0,0
Lionell,88,51,0
Lionell,91,84,0
Lionell,98,81,0
Lionell,59,70,8
Lionell,35,0,0
Lionell,25,93,0
Lionell,94,0,0
Lionell,59,62,36
Lionell,99,23,23
Lionell,45,40,21
Lionell,22,98,19
Lionell,16,73,0
Lionell,42,28,0
Lionell,31,92,0
Lionell,86,99,0
Lionell,8,0,0
Lionell,51,88,0
Lionell,56,37,1
Lionell,79,20,16
Lionell,36,33,0
Lionell,30,20,3
Lionell,49,90,0
Lionell,27,9,4
Lionell,69,76,0
Lionell,26,0,0
Lionell,73,66,64
Lionell,86,80,47
Lionell,96,59,0
Lionell,57,13,10
Lionell,97,74,0
Lionell,6,77,0
Lionell,52,96,2
Lionell,12,60,0
Lionell,83,68,0
Lionell,84,95,0
Lionell,37,0,0
Lionell,50,0,0
Lionell,89,6,0
Lionell,55,37,16
Lionell,55,95,0
Lionell,47,4,1
Lionell,71,100,0
Lionell,49,0,0
Lionell,88,0,0
Lionell,95,57,26
Lionell,64,2,1
Lionell,62,0,0
Lionell,28,0,0
Lionell,29,92,26
Lionell,9,0,0
Lionell,28,39,0
Lionell,79,27,0
Lionell,48,55,0
Lionell,18,0,0
Lionell,87,98,0
Lionell,26,38,0
Lionell,86,0,0
Lionell,14,2,0
Lionell,54,12,5
Lionell,57,22,9
Lionell,97,15,0
Lionell,37,57,34
Lionell,71,36,0
Lionell,12,32,0
Lionell,49,0,0
Lionell,26,73,21
Lionell,71,24,0
Lionell,61,45,0
Lionell,48,93,44
Lionell,95,71,39
Lionell,15,5,1
Lionell,68,0,0
Lionell,12,71,0
Lionell,70,76,21
Lionell,60,0,0
Lionell,53,52,40
Lionell,47,44,0
Lionell,61,0,0
Lionell,62,65,0
Lionell,14,45,0
Lionell,98,66,15
Lionell,17,68,0
Lionell,57,41,10
Lionell,21,0,0
Lionell,92,88,0
Lionell,11,21,1
Lionell,52,70,0
Lionell,76,71,67
Lionell,30,99,0
Lionell,13,31,13
Lionell,15,88,8
Lionell,71,6,0
Lionell,53,15,12
Lionell,88,48,12
Lionell,48,0,0
Lionell,30,31,13
Lionell,72,53,19
Lionell,54,88,0
Lionell,46,55,9
Lionell,22,0,0
Lionell,29,0,0
Lionell,91,57,46
Lionell,58,17,0
Lionell,70,0,0
Lionell,51,91,0
Lionell,22,24,0
Lionell,92,59,0
Lionell,60,25,0
Lionell,72,94,0
Lionell,3,93,0
Lionell,23,0,0
Lionell,28,39,0
Lionell,29,3,0
Lionell,17,0,0
Lionell,30,34,28
Lionell,62,72,0
Lionell,62,41,29
Lionell,92,0,0
Lionell,10,43,0
Lionell,52,59,19
Lionell,100,33,24
Lionell,23,54,0
Lionell,77,0,0
Lionell,95,48,3
Lionell,91,40,30
Lionell,79,27,0
Lionell,16,70,0
Lionell,95,0,0
Lionell,88,76,0
Lionell,91,28,0
Lionell,23,20,0
Lionell,71,82,0
Lionell,92,15,0
Lionell,26,73,22
Lionell,26,55,2
Lionell,64,96,48
Lionell,14,0,0
Lionell,57,68,0
Lionell,81,76,39
Lionell,100,0,0
Lionell,51,45,6
Lionell,10,94,0
Lionell,29,57,0
Lionell,98,83,56
Lionell,98,0,0
Lionell,91,64,0
Lionell,6,0,0
Lionell,35,78,0
Lionell,47,0,0
Lionell,89,0,0
Lionell,87,51,37
Lionell,33,16,0
Lionell,26,4,0
Lionell,59,42,2
Lionell,69,86,0
Lionell,90,39,10
Lionell,11,38,0
Lionell,76,0,0
Lionell,55,73,28
Lionell,73,67,0
Lionell,68,0,0
Lionell,91,47,0
Lionell,64,0,0
Lionell,92,34,0
Lionell,69,0,0
Lionell,53,69,20
Lionell,9,42,0
Lionell,45,47,21
Lionell,23,0,0
Lionell,22,0,0
Lionell,4,80,0
Lionell,77,0,0
Lionell,75,34,0
Lionell,13,19,0
Lionell,87,50,27
Lionell,22,0,0
Lionell,45,0,0
Lionell,35,0,0
Lionell,90,98,38
Lionell,73,62,0
Lionell,75,0,0
Lionell,52,60,23
Lionell,65,45,27
Lionell,92,0,0
Lionell,90,0,0
Lionell,65,23,21
Lionell,82,0,0
Lionell,77,49,0
Lionell,77,0,0
Lionell,2,72,1
Lionell,72,48,0
Lionell,48,37,0
Lionell,46,0,0
Lionell,1,0,0
Lionell,26,0,0
Lionell,100,55,51
Lionell,4,10,0
Lionell,78,0,0
Lionell,55,88,52
Lionell,66,73,26
Lionell,81,81,48
Lionell,63,71,32
Lionell,7,48,0
Lionell,95,0,0
Lionell,86,2,2
Lionell,100,0,0
Lionell,27,41,2
Lionell,5,30,5
Lionell,69,0,0
Lionell,43,9,7
Lionell,86,39,0
Lionell,28,0,0
Lionell,4,0,0
Lionell,84,92,0
Lionell,7,0,0
Lionell,89,39,0
Lionell,80,33,0
Lionell,14,0,0
Lionell,47,23,2
Lionell,98,7,0
Lionell,9,8,6
Lionell,73,32,0
Lionell,2,0,0
Lionell,88,0,0
Lionell,47,25,0
Lionell,83,43,43
Lionell,98,11,0
Lionell,83,0,0
Lionell,10,83,1
Lionell,51,76,1
Lionell,18,26,0
Lionell,52,44,36
Lionell,97,0,0
Lionell,46,11,0
Lionell,54,36,6
Lionell,3,76,0
Lionell,94,0,0
Lionell,68,54,0
Lionell,27,0,0
Lionell,91,23,0
Lionell,88,74,3
Lionell,57,56,0
Lionell,97,31,2
Lionell,3,14,0
Lionell,1,22,0
Lionell,21,50,0
Lionell,3,33,0
Lionell,22,76,0
Lionell,97,58,0
Lionell,14,60,12
Lionell,39,5,0
Lionell,41,85,25
Lionell,43,0,0
Lionell,32,62,1
Lionell,11,67,10
Lionell,100,53,0
Lionell,62,82,0
Lionell,29,13,9
Lionell,75,35,0
Lionell,70,29,0
Lionell,70,19,11
Lionell,14,0,0
Lionell,33,0,0
Lionell,30,36,10
Lionell,70,0,0
Lionell,67,0,0
Lionell,46,66,0
Lionell,74,64,0
Lionell,67,58,39
Lionell,78,8,7
Lionell,67,36,0
Lionell,32,0,0
Lionell,68,54,0
Lionell,19,48,0
Lionell,44,36,0
Lionell,41,83,0
Lionell,45,9,0
Lionell,99,26,0
Lionell,97,0,0
Lionell,81,59,0
Lionell,77,0,0
Lionell,66,8,0
Lionell,43,97,11
Lionell,96,90,0
Lionell,65,96,19
Lionell,36,0,0
Lionell,72,10,2
Lionell,72,0,0
Lionell,27,94,20
Lionell,65,24,18
Lionell,2,50,0
Lionell,60,0,0
Lionell,89,0,0
Lionell,6,28,4
Lionell,22,43,16
Lionell,86,80,72
Lionell,1,45,0
Lionell,61,54,0
Lionell,88,75,0
Lionell,17,7,0
Lionell,60,64,0
Lionell,76,0,0
Lionell,45,79,0
Lionell,25,88,0
Lionell,19,85,15
Lionell,12,3,0
Lionell,42,34,0
Lionell,73,75,0
Lionell,94,53,0
Lionell,30,11,0
Lionell,10,22,0
Lionell,69,68,0
Lionell,12,42,7
Lionell,28,45,0
Lionell,100,43,0
Lionell,32,85,6
Lionell,77,78,0
Lionell,32,0,0
Lionell,14,64,0
Lionell,77,43,0
Lionell,9,66,0
Lionell,38,12,0
Lionell,25,0,0
Lionell,68,48,0
Lionell,74,0,0
Lionell,21,0,0
Lionell,57,0,0
Lionell,78,49,0
Lionell,20,22,0
Lionell,56,34,0
Lionell,46,63,33
Lionell,7,16,0
Lionell,60,0,0
Lionell,86,8,0
Lionell,95,15,5
Lionell,53,70,0
Lionell,46,0,0
Lionell,66,33,20
Lionell,61,0,0
Lionell,95,24,0
Lionell,23,71,0
Lionell,70,0,0
Lionell,12,0,0
Lionell,2,43,2
Lionell,94,50,48
Lionell,35,94,34
Lionell,54,0,0
Lionell,48,87,0
Lionell,34,30,26
Lionell,41,52,41
Lionell,15,96,0
Lionell,75,21,0
Lionell,44,100,0
Lionell,1,36,1
Lionell,46,77,0
Lionell,40,25,12
Lionell,80,97,19
Lionell,96,35,0
Lionell,91,9,0
Lionell,78,0,0
Lionell,6,79,1
Lionell,89,16,10
Lionell,89,73,0
Lionell,93,49,0
Lionell,5,24,0
Lionell,94,0,0
Lionell,72,91,0
Lionell,27,11,0
Lionell,17,73,0
Lionell,32,5,1
Lionell,19,25,0
Lionell,41,0,0
Lionell,67,11,0
Lionell,50,94,0
Lionell,56,0,0
Lionell,33,0,0
Lionell,22,55,0
Lionell,3,28,3
Lionell,32,0,0
Lionell,70,23,8
Lionell,40,88,29
Lionell,21,0,0
Lionell,60,67,0
Lionell,36,0,0
Lionell,29,0,0
Lionell,84,0,0
Lionell,80,0,0
Lionell,4,9,3
Lionell,79,0,0
Lionell,29,0,0
Lionell,13,10,7
Lionell,45,13,0
Lionell,19,0,0
Lionell,1,85,1
Lionell,71,0,0
Lionell,49,50,0
Lionell,76,58,32
Lionell,31,83,12
Lionell,32,30,0
Lionell,68,66,9
Lionell,82,4,0
Lionell,16,0,0
Lionell,39,57,20
Lionell,98,0,0
Lionell,82,26,0
Lionell,74,8,0
Lionell,30,13,4
Lionell,21,42,0
Lionell,71,0,0
Lionell,55,16,4
Lionell,16,67,13
Lionell,55,32,0
Lionell,53,66,0
Lionell,10,0,0
Lionell,15,24,7
Lionell,66,60,18
Lionell,74,79,31
Lionell,59,0,0
Lionell,26,30,0
Lionell,58,0,0
Lionell,39,10,1
Lionell,84,0,0
Lionell,62,100,0
Lionell,97,91,86
Lionell,18,73,0
Lionell,34,65,0
Lionell,33,0,0
Lionell,52,0,0
Lionell,64,78,0
Lionell,68,64,0
Lionell,99,0,0
Lionell,58,83,0
Lionell,36,17,17
Lionell,99,35,14
Lionell,46,0,0
Lionell,43,45,19
Lionell,35,36,0
Lionell,70,94,8
Lionell,35,92,0
Lionell,37,65,19
Lionell,18,0,0
Lionell,64,36,0
Lionell,86,0,0
Lionell,3,13,0
Lionell,14,0,0
Lionell,78,66,57
Lionell,62,0,0
Lionell,11,54,2
Lionell,51,52,25
Lionell,96,94,0
Lionell,5,35,0
Lionell,17,0,0
Lionell,62,8,4
Lionell,27,74,0
Lionell,8,12,0
Lionell,90,70,0
Lionell,9,0,0
Lionell,3,63,0
Lionell,24,81,0
Lionell,86,62,0
Lionell,16,5,0
Lionell,88,21,19
Lionell,84,0,0
Lionell,28,82,0
Lionell,51,29,0
Lionell,13,0,0
Lionell,70,83,0
Lionell,97,16,12
Lionell,7,73,2
Lionell,46,0,0
Lionell,60,1,0
Lionell,97,63,0
Lionell,93,57,0
Lionell,68,0,0
Lionell,98,82,0
Lionell,61,48,0
Lionell,91,78,21
Lionell,28,74,0
Lionell,21,6,6
Lionell,67,27,3
Lionell,36,75,0
Lionell,17,0,0
Lionell,28,30,27
Lionell,25,0,0
Lionell,89,20,3
Lionell,66,23,0
Lionell,47,0,0
Lionell,47,92,17
Lionell,37,0,0
Lionell,18,58,0
Lionell,51,8,0
Lionell,77,35,15
Lionell,4,0,0
Lionell,4,0,0
Lionell,34,87,29
Lionell,64,9,0
Lionell,37,8,0
Lionell,30,0,0
Lionell,86,0,0
Lionell,99,81,64
Lionell,5,15,0
Lionell,99,42,0
Lionell,96,23,0
Lionell,18,70,15
Lionell,92,0,0
Lionell,60,0,0
Lionell,97,6,0
Lionell,63,38,0
Lionell,100,27,16
Lionell,77,51,5
Lionell,97,13,0
Lionell,56,19,10
Lionell,27,24,0
Lionell,69,76,0
Lionell,61,18,0
Lionell,32,1,0
Lionell,66,0,0
Lionell,76,0,0
Lionell,54,61,48
Lionell,87,30,0
Lionell,8,70,8
Lionell,35,98,0
Lionell,87,92,0
Lionell,31,55,0
Lionell,54,0,0
Lionell,69,99,0
Lionell,38,60,29
Lionell,55,0,0
Lionell,71,96,0
Lionell,65,0,0
Lionell,82,0,0
Lionell,4,40,0
Lionell,50,15,0
Lionell,92,73,64
Lionell,64,0,0
Lionell,73,0,0
Lionell,12,54,0
Lionell,24,0,0
Lionell,73,80,62
Lionell,46,0,0
Lionell,29,1,0
Lionell,57,41,27
Lionell,6,0,0
Lionell,66,0,0
Lionell,41,93,39
Lionell,78,82,63
Lionell,16,0,0
Lionell,4,0,0
Lionell,23,87,0
Lionell,65,97,2
Lionell,96,11,0
Lionell,3,60,0
Lionell,52,0,0
Lionell,13,43,13
Lionell,40,0,0
Lionell,75,0,0
Lionell,34,37,0
Lionell,52,0,0
Lionell,14,43,7
Lionell,64,43,37
Lionell,94,91,83
Lionell,86,83,0
Lionell,24,90,0
Lionell,57,98,17
Lionell,2,44,2
Lionell,8,11,4
Lionell,43,53,10
Lionell,26,39,0
Lionell,81,0,0
Lionell,53,0,0
Lionell,31,65,0
Lionell,36,21,17
Lionell,12,0,0
Lionell,4,0,0
Lionell,70,34,0
Lionell,10,0,0
Lionell,28,6,0
Lionell,45,71,25
Lionell,46,22,0
Lionell,16,0,0
Lionell,46,12,12
Lionell,3,0,0
Lionell,83,67,36
Lionell,89,30,0
Lionell,36,78,0
Lionell,96,75,36
Lionell,73,1,0
Lionell,64,41,0
Lionell,70,11,7
Lionell,14,29,8
Lionell,61,32,3
Lionell,94,51,51
Lionell,12,0,0
Lionell,75,67,42
Lionell,20,60,0
Lionell,63,31,0
Lionell,76,27,15
Lionell,31,23,9
Lionell,52,56,0
Lionell,87,76,0
Lionell,18,0,0
Lionell,89,25,0
Lionell,11,19,0
Lionell,53,0,0
Lionell,99,44,13
Lionell,69,0,0
Lionell,22,76,16
Lionell,70,27,0
Lionell,37,0,0
Lionell,99,96,69
Lionell,73,2,0
Lionell,13,0,0
Lionell,86,48,22
Lionell,76,0,0
Lionell,61,50,0
Lionell,1,0,0
Lionell,52,40,0
Lionell,64,5,0
Lionell,66,17,13
Lionell,93,64,0
Lionell,67,7,3
Lionell,62,0,0
Lionell,79,0,0
Lionell,47,42,0
Lionell,99,52,0
Lionell,86,0,0
Lionell,15,0,0
Lionell,43,55,0
Lionell,26,46,21
Lionell,13,77,0
Lionell,19,41,11
Lionell,83,13,0
Lionell,78,0,0
Lionell,63,60,20
Lionell,17,0,0
Lionell,33,62,22
Lionell,13,74,0
Lionell,89,0,0
Lionell,10,0,0
Lionell,88,0,0
Lionell,81,75,52
Lionell,89,49,0
Lionell,23,46,0
Lionell,80,0,0
Lionell,98,100,0
Lionell,50,24,0
Lionell,46,46,0
Lionell,90,28,0
Lionell,74,54,0
Lionell,72,0,0
Lionell,90,55,42
Lionell,76,93,34
Lionell,27,6,0
Lionell,87,67,0
Lionell,42,36,14
Lionell,22,0,0
Lionell,1,71,1
Lionell,38,0,0
Lionell,60,66,0
Lionell,13,68,9
Lionell,67,28,19
Lionell,24,78,0
Lionell,99,57,0
Lionell,30,0,0
Lionell,74,0,0
Lionell,54,76,0
Lionell,59,84,26
Lionell,31,0,0
Lionell,24,16,3
Lionell,16,0,0
Lionell,21,0,0
Lionell,79,34,15
Lionell,31,37,0
Lionell,50,64,33
Lionell,84,5,3
Lionell,13,80,12
Lionell,7,39,0
Lionell,4,0,0
Lionell,76,0,0
Lionell,61,0,0
Lionell,30,0,0
Lionell,61,0,0
Lionell,8,19,0
Lionell,72,0,0
Lionell,88,0,0
Lionell,4,70,3
Lionell,41,73,0
Lionell,96,0,0
Lionell,4,37,2
Lionell,63,57,54
Lionell,48,0,0
Lionell,18,0,0
Lionell,21,20,19
Lionell,58,24,4
Lionell,82,3,1
Lionell,18,56,14
Lionell,84,0,0
Lionell,45,19,0
Lionell,30,2,2
Lionell,97,0,0
Lionell,47,83,39
Lionell,78,64,0
Lionell,94,0,0
Lionell,52,22,2
Lionell,41,0,0
Lionell,60,74,0
Lionell,3,50,0
Lionell,14,0,0
Lionell,1,26,1
Lionell,26,82,0
Lionell,1,0,0
Lionell,96,0,0
Lionell,7,0,0
Lionell,32,60,0
Lionell,65,0,0
Lionell,49,37,37
Lionell,20,38,0
Lionell,31,81,15
Lionell,9,0,0
Lionell,46,17,0
Lionell,27,92,0
Lionell,62,0,0
Lionell,41,12,0
Lionell,67,98,65
Lionell,79,32,2
Lionell,18,51,0
Lionell,86,0,0
Lionell,39,0,0
Lionell,83,64,0
Lionell,25,28,0
Lionell,92,51,0
Lionell,39,33,0
Lionell,43,0,0
Lionell,35,26,0
Lionell,5,25,2
Lionell,37,88,0
Lionell,95,57,0
Lionell,94,95,0
Lionell,94,0,0
Lionell,16,0,0
Lionell,63,9,9
Lionell,55,28,0
Lionell,20,19,0
Lionell,99,76,0
Lionell,26,19,0
Lionell,2,50,0
Lionell,75,80,7
Lionell,86,2,1
Lionell,80,87,0
Lionell,92,0,0
Lionell,33,66,0
Lionell,86,93,0
Lionell,71,15,0
Lionell,93,50,0
Lionell,63,0,0
Lionell,98,1,1
Lionell,18,21,0
Lionell,71,75,63
Lionell,57,65,0
Lionell,70,0,0
Lionell,21,66,0
Lionell,3,9,3
Lionell,28,62,0
Lionell,42,40,9
Lionell,3,98,0
Lionell,84,56,7
Lionell,100,3,2
Lionell,39,6,1
Lionell,7,0,0
Lionell,43,100,0
Lionell,64,0,0
Lionell,91,6,0
Lionell,75,0,0
Lionell,67,0,0
Lionell,89,0,0
Lionell,23,0,0
Lionell,67,12,0
Lionell,7,68,0
Lionell,12,91,0
Lionell,18,99,6
Lionell,98,51,44
Lionell,51,100,0
Lionell,18,93,0
Lionell,3,85,1
Lionell,72,89,72
Lionell,12,10,0
Lionell,90,75,52
Lionell,27,73,0
Lionell,52,71,47
Lionell,58,0,0
Lionell,36,60,9
Lionell,5,0,0
Lionell,32,14,6
Lionell,29,64,0
Lionell,37,24,0
Lionell,46,91,0
Lionell,72,47,10
Lionell,63,39,3
Lionell,63,84,0
Lionell,54,0,0
Lionell,41,0,0
Lionell,22,0,0
Lionell,35,0,0
Lionell,3,0,0
Lionell,90,25,0
Lionell,18,0,0
Lionell,33,0,0
Lionell,69,89,0
Lionell,37,9,8
Lionell,59,23,6
Lionell,59,0,0
Lionell,10,67,0
Lionell,83,72,0
Lionell,21,88,0
Lionell,55,82,0
Lionell,42,0,0
Lionell,9,7,0
Lionell,41,15,13
Lionell,65,15,8
Lionell,49,0,0
Lionell,20,17,0
Lionell,77,95,54
Lionell,69,38,0
Lionell,21,32,0
Lionell,42,0,0
Lionell,50,64,0
Lionell,68,0,0
Lionell,10,61,9
Lionell,44,57,0
Lionell,62,92,0
Lionell,47,0,0
Lionell,34,70,0
Lionell,60,64,22
Lionell,93,0,0
Lionell,70,38,0
Lionell,34,94,0
Lionell,88,82,0
Lionell,16,49,2
Lionell,60,0,0
Lionell,91,0,0
Lionell,59,36,33
Lionell,85,70,0
Lionell,45,0,0
Lionell,84,81,0
Lionell,20,79,11
Lionell,34,0,0
Lionell,99,85,53
Lionell,30,61,0
Lionell,3,67,0
Lionell,63,40,0
Lionell,88,18,0
Lionell,22,0,0
Lionell,52,59,32
Lionell,59,0,0
Lionell,15,94,0
Lionell,38,0,0
Lionell,95,22,0
Lionell,96,81,0
Lionell,49,97,0
Lionell,26,56,0
Lionell,1,0,0
Lionell,90,0,0
Lionell,77,64,0
Lionell,2,58,2
Lionell,29,0,0
Lionell,29,0,0
Lionell,80,89,46
Lionell,71,32,11
Lionell,88,86,0
Lionell,11,21,0
Lionell,78,0,0
Lionell,40,61,0
Lionell,8,93,0
Lionell,57,66,0
Lionell,5,50,4
Lionell,45,88,43
Lionell,28,26,8
Lionell,51,21,0
Lionell,49,0,0
Lionell,84,39,20
Lionell,12,0,0
Lionell,7,0,0
Lionell,35,0,0
Lionell,69,0,0
Lionell,60,0,0
Lionell,9,0,0
Lionell,39,0,0
Lionell,51,0,0
Lionell,44,100,1
Lionell,79,35,0
Lionell,35,16,0
Lionell,83,39,38
Lionell,22,0,0
Lionell,57,74,17
Lionell,37,30,0
Lionell,55,29,0
Lionell,66,7,0
Lionell,64,73,30
Lionell,67,0,0
Lionell,84,0,0
Lionell,55,40,0
Lionell,100,32,0
Lionell,44,83,0
Lionell,29,4,0
Lionell,43,25,17
Lionell,19,92,0
Lionell,2,66,0
Lionell,71,16,6
Lionell,36,58,17
Lionell,42,74,0
Lionell,87,48,0
Lionell,34,0,0
Lionell,75,87,10
Lionell,77,75,0
Lionell,42,69,0
Lionell,23,76,0
Lionell,76,18,0
Lionell,100,49,34
Lionell,15,27,0
Lionell,28,97,0
Lionell,38,36,1
Lionell,65,8,0
Lionell,40,0,0
Lionell,6,0,0
Lionell,26,32,18
Lionell,24,64,0
Lionell,99,15,0
Lionell,15,24,0
Lionell,95,2,0
Lionell,58,64,0
Lionell,96,0,0
Lionell,97,0,0
Lionell,82,15,0
Lionell,4,69,0
Lionell,96,11,0
Lionell,79,0,0
Lionell,95,0,0
Lionell,63,47,0
Lionell,22,85,0
Lionell,56,14,0
Lionell,58,80,0
Lionell,17,0,0
Lionell,81,7,0
Lionell,90,29,0
Lionell,82,72,40
Lionell,13,0,0
Lionell,76,0,0
Lionell,9,0,0
Lionell,74,67,0
Lionell,32,15,0
Lionell,58,0,0
Lionell,86,22,0
Lionell,11,44,0
Lionell,6,50,6
Lionell,98,0,0
Lionell,31,0,0
Lionell,71,96,67
Lionell,28,44,6
Lionell,14,23,5
Lionell,41,41,0
Lionell,50,63,39
Lionell,95,44,27
Lionell,79,14,13
Lionell,56,0,0
Lionell,74,87,38
Lionell,79,65,0
Lionell,96,58,7
Lionell,46,10,0
Lionell,31,98,0
Lionell,67,34,22
Lionell,23,20,0
Lionell,29,65,0
Lionell,17,0,0
Lionell,24,21,0
Lionell,55,0,0
Lionell,85,66,13
Lionell,90,0,0
Lionell,42,0,0
Lionell,3,0,0
Lionell,90,47,0
Lionell,87,52,0
Lionell,69,68,48
Lionell,61,88,0
Lionell,2,56,0
Lionell,48,10,1
Lionell,49,0,0
Lionell,77,16,0
Lionell,83,42,0
Lionell,6,23,0
Lionell,52,22,0
Lionell,82,11,0
Lionell,91,0,0
Lionell,8,31,0
Lionell,39,0,0
Lionell,13,0,0
Lionell,64,3,0
Lionell,87,61,0
Lionell,3,55,0
Lionell,31,0,0
Lionell,8,4,0
Lionell,44,0,0
Lionell,52,3,0
Lionell,29,87,22
Lionell,45,58,0
Lionell,42,0,0
Lionell,50,4,0
Lionell,85,77,16
Lionell,38,50,0
Lionell,57,0,0
Lionell,47,30,0
Lionell,67,0,0
Lionell,16,43,0
Lionell,84,0,0
Lionell,14,70,0
Lionell,39,36,0
Lionell,94,32,29
Lionell,87,24,0
Lionell,69,95,0
Lionell,72,76,31
Lionell,59,89,0
Lionell,39,47,0
Lionell,39,34,0
Lionell,74,29,24
Lionell,87,65,0
Lionell,99,96,0
Lionell,59,0,0
Lionell,96,98,0
Lionell,90,0,0
Lionell,92,0,0
Lionell,97,94,0
Lionell,50,0,0
Lionell,99,47,37
Lionell,75,0,0
Lionell,41,81,0
Lionell,14,0,0
Lionell,57,20,0
Lionell,53,0,0
Lionell,51,21,14
Lionell,81,34,24
Lionell,32,91,0
Lionell,88,0,0
Lionell,63,58,0
Lionell,60,0,0
Lionell,40,38,12
Lionell,39,49,35
Lionell,68,83,49
Lionell,63,0,0
Lionell,29,0,0
Lionell,75,43,0
Lionell,42,45,0
Lionell,11,45,0
Lionell,56,19,0
Lionell,89,40,0
Lionell,71,22,10
Lionell,25,63,22
Lionell,22,95,0
Lionell,31,74,0
Lionell,72,0,0
Lionell,11,0,0
Lionell,58,0,0
Lionell,25,43,11
Lionell,65,0,0
Lionell,23,0,0
Lionell,15,49,15
Lionell,20,3,3
Lionell,42,73,0
Lionell,29,4,0
Lionell,46,0,0
Lionell,49,2,0
Lionell,74,27,0
Lionell,86,30,9
Lionell,56,3,0
Lionell,52,16,0
Lionell,61,24,22
Lionell,15,39,0
Lionell,4,21,1
Lionell,13,36,5
Lionell,56,26,26
Lionell,78,62,0
Lionell,79,24,24
Lionell,24,75,5
Lionell,60,69,28
Lionell,99,65,0
Lionell,76,57,0
Lionell,60,52,0
Lionell,8,53,0
Lionell,56,45,0
Lionell,96,65,29
Lionell,13,85,0
Lionell,86,64,13
Lionell,58,42,24
Lionell,28,0,0
Lionell,33,74,24
Lionell,90,32,5
Lionell,3,0,0
Lionell,81,87,0
Lionell,13,0,0
Lionell,66,38,0
Lionell,71,19,5
Lionell,40,65,29
Lionell,70,75,0
Lionell,36,45,0
Lionell,28,0,0
Lionell,73,58,36
Lionell,24,57,0
Lionell,6,45,2
Lionell,92,3,2
Lionell,15,29,7
Lionell,96,42,29
Lionell,94,7,0
Lionell,80,15,1
Lionell,62,82,57
Lionell,28,0,0
Lionell,33,14,8
Lionell,92,0,0
Lionell,97,0,0
Lionell,17,34,7
Lionell,98,0,0
Lionell,94,26,15
Lionell,35,12,0
Lionell,74,69,0
Lionell,17,0,0
Lionell,98,33,0
Lionell,85,86,0
Lionell,15,66,0
Lionell,71,0,0
Lionell,58,81,0
Lionell,34,0,0
Lionell,71,0,0
Lionell,53,19,0
Lionell,17,15,0
Lionell,52,18,18
Lionell,87,0,0
Lionell,22,37,22
Lionell,5,63,0
Lionell,85,93,0
Lionell,66,0,0
Lionell,94,58,0
Lionell,92,0,0
Lionell,92,32,0
Lionell,3,10,0
Lionell,94,74,0
Lionell,70,49,0
Lionell,6,73,0
Lionell,14,56,12
Lionell,35,55,31
Lionell,6,31,0
Lionell,34,18,0
Lionell,24,68,0
Lionell,5,22,0
Lionell,90,90,69
Lionell,18,81,14
Lionell,33,0,0
Lionell,35,71,22
Lionell,75,56,29
Lionell,39,0,0
Lionell,63,87,0
Lionell,100,10,3
Lionell,26,0,0
Lionell,55,53,0
Lionell,86,19,11
Lionell,47,4,0
Lionell,46,95,0
Lionell,56,68,46
Lionell,82,0,0
Lionell,71,0,0
Lionell,52,65,2
Lionell,78,0,0
Lionell,45,81,0
Lionell,34,59,0
Lionell,61,0,0
Lionell,26,59,0
Lionell,10,40,1
Lionell,18,3,0
Lionell,22,80,0
Lionell,67,0,0
Lionell,47,28,27
Lionell,17,68,0
Lionell,83,0,0
Lionell,55,43,28
Lionell,3,0,0
Lionell,7,38,0
Lionell,13,65,2
Lionell,20,41,0
Lionell,79,82,0
Lionell,24,79,0
Lionell,24,72,21
Lionell,68,95,0
Lionell,25,36,0
Lionell,60,0,0
Lionell,95,64,0
Lionell,38,59,0
Lionell,97,15,11
Lionell,51,50,0
Lionell,76,70,60
Lionell,12,48,4
Lionell,42,94,23
Lionell,58,7,0
Lionell,93,30,0
Lionell,4,0,0
Lionell,99,0,0
Lionell,8,91,4
Lionell,52,24,0
Lionell,84,0,0
Lionell,33,0,0
Lionell,5,86,0
Lionell,37,52,0
Lionell,68,30,10
Lionell,86,12,0
Lionell,89,0,0
Lionell,62,63,49
Lionell,41,64,25
Lionell,13,76,11
Lionell,56,90,0
Lionell,47,0,0
Lionell,13,87,0
Lionell,65,0,0
Lionell,52,80,0
Lionell,4,0,0
Lionell,29,0,0
Lionell,15,0,0
Lionell,47,97,0
Lionell,24,0,0
Lionell,9,43,6
Lionell,92,14,0
Lionell,25,75,0
Lionell,73,0,0
Lionell,64,27,17
Lionell,100,65,0
Lionell,60,63,0
Lionell,64,13,13
Lionell,17,22,0
Lionell,52,0,0
Lionell,10,40,10
Lionell,70,69,0
Lionell,71,0,0
Lionell,24,66,0
Lionell,40,15,0
Lionell,82,3,1
Lionell,39,60,18
Lionell,86,46,0
Lionell,83,42,0
Lionell,50,27,0
Lionell,85,22,1
Lionell,80,69,46
Lionell,47,0,0
Lionell,75,1,1
Lionell,5,0,0
Lionell,26,90,0
Lionell,48,88,0
Lionell,56,56,19
Lionell,21,0,0
Lionell,24,0,0
Lionell,64,17,0
Lionell,20,0,0
Lionell,63,0,0
Lionell,66,0,0
Lionell,44,77,18
Lionell,37,42,0
Lionell,5,46,4
Lionell,48,0,0
Lionell,39,7,0
Lionell,44,0,0
Lionell,74,90,0
Lionell,53,61,0
Lionell,33,25,7
Lionell,76,0,0
Lionell,3,0,0
Lionell,88,16,3
Lionell,39,93,0
Lionell,37,0,0
Lionell,16,0,0
Lionell,30,47,9
Lionell,68,9,0
Lionell,4,79,4
Lionell,77,26,19
Lionell,11,5,3
Lionell,4,89,0
Lionell,70,20,15
Lionell,63,0,0
Lionell,5,64,0
Lionell,88,90,4
Lionell,45,9,0
Lionell,36,8,0
Lionell,31,62,0
Lionell,53,56,0
Lionell,37,67,0
Lionell,89,0,0
Lionell,10,34,0
Lionell,83,54,45
Lionell,38,75,0
Lionell,60,0,0
Lionell,19,62,0
Lionell,71,97,0
Lionell,24,67,0
Lionell,42,4,1
Lionell,44,0,0
Lionell,34,80,12
Lionell,5,0,0
Lionell,89,93,0
Lionell,81,0,0
Lionell,86,40,0
Lionell,74,13,0
Lionell,39,27,0
Lionell,72,12,0
Lionell,41,0,0
Lionell,51,60,30
Lionell,42,0,0
Lionell,82,31,0
Lionell,60,3,0
Lionell,27,0,0
Lionell,51,14,0
Lionell,6,41,0
Lionell,84,0,0
Lionell,72,87,26
Lionell,67,88,0
Lionell,5,75,0
Lionell,98,91,5
Lionell,21,10,10
Lionell,35,66,14
Lionell,37,51,0
Lionell,94,79,74
Lionell,70,41,0
Lionell,48,0,0
Lionell,31,0,0
Lionell,64,42,0
Lionell,62,5,3
Lionell,26,0,0
Lionell,90,0,0
Lionell,95,72,0
Lionell,47,0,0
Lionell,59,28,24
Lionell,34,58,0
Lionell,3,79,1
Lionell,73,69,0
Lionell,64,77,27
Lionell,3,8,0
Lionell,37,0,0
Lionell,8,23,0
Lionell,43,73,0
Lionell,31,3,0
Lionell,1,0,0
Lionell,60,0,0
Lionell,53,0,0
Lionell,71,92,9
Lionell,21,71,0
Lionell,23,67,9
Lionell,35,57,0
Lionell,99,0,0
Lionell,66,81,0
Lionell,68,93,55
Lionell,88,49,0
Lionell,60,0,0
Lionell,64,37,0
Lionell,82,0,0
Lionell,72,0,0
Lionell,64,0,0
Lionell,27,96,0
Lionell,43,30,0
Lionell,94,32,0
Lionell,100,14,0
Lionell,23,58,0
Lionell,42,86,0
Lionell,78,0,0
Lionell,4,10,0
Lionell,22,100,0
Lionell,1,0,0
Lionell,59,0,0
Lionell,78,36,0
Lionell,14,0,0
Lionell,37,80,0
Lionell,94,17,4
Lionell,51,25,0
Lionell,84,0,0
Lionell,35,64,0
Lionell,80,82,0
Lionell,6,53,0
Lionell,100,0,0
Lionell,89,0,0
Lionell,19,96,0
Lionell,23,99,0
Lionell,85,0,0
Lionell,18,0,0
Lionell,22,94,11
Lionell,86,53,0
Lionell,70,44,0
Lionell,3,57,0
Lionell,41,2,1
Lionell,29,21,0
Lionell,78,67,0
Lionell,76,45,0
Lionell,87,71,44
Lionell,72,25,0
Lionell,41,53,0
Lionell,37,82,13
Lionell,15,0,0
Lionell,86,100,0
Lionell,15,10,1
Lionell,7,0,0
Lionell,88,87,0
Lionell,17,30,12
Lionell,14,20,0
Lionell,43,0,0
Lionell,43,0,0
Lionell,74,7,0
Lionell,17,13,7
Lionell,2,57,2
Lionell,59,27,27
Lionell,7,17,6
Lionell,66,50,0
Lionell,70,94,0
Lionell,1,76,0
Lionell,44,0,0
Lionell,47,45,0
Lionell,31,60,30
Lionell,50,72,0
Lionell,1,93,0
Lionell,27,28,23
Lionell,38,7,0
Lionell,89,86,3
Lionell,24,80,20
Lionell,93,8,5
Lionell,52,32,0
Lionell,6,53,0
Lionell,62,0,0
Lionell,90,0,0
Lionell,45,0,0
Lionell,10,78,10
Lionell,27,50,0
Lionell,66,0,0
Lionell,67,17,0
Lionell,76,0,0
Lionell,10,2,1
Lionell,88,31,0
Lionell,33,99,0
Lionell,86,28,0
Lionell,13,90,13
Lionell,1,75,1
Lionell,40,13,0
Lionell,90,51,0
Lionell,94,99,0
Lionell,18,54,4
Lionell,43,86,29
Lionell,19,67,0
Lionell,24,0,0
Lionell,25,25,0
Lionell,27,17,5
Lionell,30,28,0
Lionell,60,0,0
Lionell,38,80,0
Lionell,4,0,0
Lionell,89,20,0
Lionell,64,0,0
Lionell,60,54,0
Lionell,97,61,35
Lionell,54,0,0
Lionell,18,0,0
Lionell,99,42,0
Lionell,65,10,3
Lionell,45,100,0
Lionell,27,0,0
Lionell,52,20,0
Lionell,43,15,0
Lionell,25,87,23
Lionell,52,2,0
Lionell,7,38,5
Lionell,67,12,9
Lionell,84,0,0
Lionell,40,43,13
Lionell,57,84,0
Lionell,21,31,13
Lionell,23,0,0
Lionell,93,0,0
Lionell,31,53,0
Lionell,71,95,11
Lionell,93,44,0
Lionell,66,42,0
Lionell,100,0,0
Lionell,6,54,0
Lionell,41,51,0
Lionell,54,80,0
Lionell,56,0,0
Lionell,30,67,0
Lionell,54,42,0
Lionell,92,51,0
Lionell,65,24,12
Lionell,74,43,10
Lionell,43,0,0
Lionell,86,29,0
Lionell,94,95,50
Lionell,57,0,0
Lionell,69,0,0
Lionell,32,82,0
Lionell,93,73,68
Lionell,35,29,0
Lionell,40,0,0
Lionell,9,0,0
Lionell,70,0,0
Lionell,46,0,0
Lionell,87,16,0
Lionell,99,86,18
Lionell,70,0,0
Lionell,14,76,0
Lionell,79,5,0
Lionell,88,38,0
Lionell,94,45,2
Lionell,61,20,4
Lionell,50,49,9
Lionell,36,0,0
Lionell,54,0,0
Lionell,16,73,10
Lionell,26,48,18
Lionell,26,0,0
Lionell,35,28,9
Lionell,54,0,0
Lionell,29,73,4
Lionell,78,98,0
Lionell,76,4,0
Lionell,35,77,0
Lionell,34,45,15
Lionell,88,16,0
Lionell,23,59,0
Lionell,62,0,0
Lionell,60,31,0
Lionell,35,0,0
Lionell,87,77,53
Lionell,60,12,0
Lionell,97,68,25
Lionell,21,71,0
Lionell,68,82,61
Lionell,100,0,0
Lionell,2,61,0
Lionell,23,34,17
Lionell,72,0,0
Lionell,39,32,0
Lionell,38,0,0
Lionell,18,74,11
Lionell,56,98,20
Lionell,1,69,1
Lionell,100,81,0
Lionell,20,0,0
Lionell,60,27,0
Lionell,25,97,0
Lionell,2,0,0
Lionell,13,29,0
Lionell,7,98,0
Lionell,50,43,11
Lionell,99,9,0
Lionell,99,84,0
Lionell,71,82,27
Lionell,86,47,0
Lionell,93,62,0
Lionell,93,55,0
Lionell,91,69,26
Lionell,87,0,0
Lionell,57,48,10
Lionell,82,0,0
Lionell,66,28,11
Lionell,16,22,0
Lionell,29,41,0
Lionell,96,0,0
Lionell,66,9,1
Lionell,16,0,0
Lionell,96,0,0
Lionell,85,4,4
Lionell,32,10,0
Lionell,95,17,16
Lionell,51,69,0
Lionell,46,74,30
Lionell,71,95,0
Lionell,18,0,0
Lionell,41,41,0
Lionell,12,23,7
Lionell,26,23,12
Lionell,42,56,0
Lionell,91,0,0
Lionell,57,0,0
Lionell,38,0,0
Lionell,95,87,0
Lionell,85,0,0
Lionell,74,0,0
Lionell,86,1,0
Lionell,26,59,0
Lionell,1,0,0
Lionell,69,8,0
Lionell,72,0,0
Lionell,38,0,0
Lionell,47,96,5
Lionell,87,41,26
Lionell,9,0,0
Lionell,26,61,12
Lionell,25,85,5
Lionell,88,0,0
Lionell,16,0,0
Lionell,80,7,2
Lionell,23,11,11
Lionell,9,61,0
Lionell,58,6,6
Lionell,98,36,15
Lionell,83,33,0
Lionell,1,0,0
Lionell,58,0,0
Lionell,71,0,0
Lionell,9,36,8
Lionell,1,11,1
Lionell,84,92,11
Lionell,63,19,0
Lionell,61,40,4
Lionell,79,8,0
Lionell,89,77,0
Lionell,8,63,0
Lionell,14,24,0
Lionell,48,17,0
Lionell,54,0,0
Lionell,16,0,0
Lionell,23,19,0
Lionell,24,0,0
Lionell,67,0,0
Lionell,44,76,0
Lionell,77,76,0
Lionell,62,94,50
Lionell,39,24,5
Lionell,82,59,6
Lionell,99,0,0
Lionell,37,88,20
Lionell,8,40,4
Lionell,93,0,0
Lionell,20,80,0
Lionell,82,34,7
Lionell,64,7,0
Lionell,97,0,0
Lionell,55,28,0
Lionell,53,0,0
Lionell,9,30,6
Lionell,99,49,0
Lionell,3,34,0
Lionell,48,0,0
Lionell,20,94,1
Lionell,74,0,0
Lionell,56,0,0
Lionell,80,0,0
Lionell,73,0,0
Lionell,17,52,0
Lionell,92,0,0
Lionell,24,26,0
Lionell,7,0,0
Lionell,89,91,0
Lionell,33,8,0
Lionell,17,35,0
Lionell,98,0,0
Lionell,64,0,0
Lionell,13,25,11
Lionell,78,9,0
Lionell,100,84,0
Lionell,19,55,0
Lionell,15,14,1
Lionell,65,50,0
Lionell,14,0,0
Lionell,20,64,0
Lionell,87,82,0
Lionell,22,7,5
Lionell,7,0,0
Lionell,61,95,46
Lionell,4,40,4
Lionell,61,20,1
Lionell,74,36,0
Lionell,33,100,9
Lionell,4,14,0
Lionell,88,5,0
Lionell,88,77,0
Lionell,85,0,0
Lionell,57,91,27
Lionell,72,94,0
Lionell,28,88,23
Lionell,70,30,0
Lionell,58,0,0
Lionell,27,74,0
Lionell,78,63,0
Lionell,45,0,0
Lionell,58,14,0
Lionell,9,47,0
Lionell,56,30,15
Lionell,49,82,0
Lionell,7,87,0
Lionell,2,13,0
Lionell,68,96,25
Lionell,60,0,0
Lionell,68,32,19
Lionell,31,0,0
Lionell,47,88,0
Lionell,12,0,0
Lionell,89,32,32
Lionell,65,80,47
Lionell,38,26,19
Lionell,46,0,0
Lionell,85,23,0
Lionell,12,96,0
Lionell,12,6,5
Lionell,41,22,18
Lionell,30,13,12
Lionell,1,27,0
Lionell,63,15,0
Lionell,58,68,52
Lionell,71,5,0
Lionell,1,29,1
Lionell,81,48,29
Lionell,58,44,0
Lionell,16,54,0
Lionell,34,38,0
Lionell,46,96,15
Lionell,63,80,0
Lionell,63,0,0
Lionell,7,95,0
Lionell,18,0,0
Lionell,12,1,1
Lionell,67,81,25
Lionell,69,12,6
Lionell,86,14,0
Lionell,81,0,0
Lionell,91,9,0
Lionell,5,0,0
Lionell,87,0,0
Lionell,43,6,0
Lionell,42,95,0
Lionell,58,62,53
Lionell,41,98,32
Lionell,87,65,6
Lionell,69,68,36
Lionell,75,89,53
Lionell,67,82,0
Lionell,79,27,6
Lionell,48,0,0
Lionell,10,13,0
Lionell,67,41,0
Lionell,89,0,0
Lionell,55,0,0
Lionell,41,20,0
Lionell,23,47,11
Lionell,39,63,32
Lionell,87,50,49
Lionell,34,20,0
Lionell,37,0,0
Lionell,19,16,6
Lionell,35,2,2
Lionell,32,47,15
Lionell,82,0,0
Lionell,92,4,1
Lionell,87,45,0
Lionell,29,0,0
Lionell,25,0,0
Lionell,77,0,0
Lionell,28,0,0
Lionell,65,74,0
Lionell,100,0,0
Lionell,66,0,0
Lionell,76,0,0
Lionell,65,0,0
Lionell,42,4,0
Lionell,38,29,0
Lionell,85,82,0
Lionell,88,87,0
Lionell,57,0,0
Lionell,61,0,0
Lionell,20,0,0
Lionell,11,0,0
Lionell,83,25,16
Lionell,43,0,0
Lionell,58,4,0
Lionell,84,20,0
Lionell,33,75,0
Lionell,27,0,0
Lionell,82,0,0
Lionell,20,5,0
Lionell,44,95,5
Lionell,34,86,13
Lionell,43,41,39
Lionell,34,0,0
Lionell,75,88,0
Lionell,29,39,17
Lionell,93,51,29
Lionell,73,20,0
Lionell,24,63,0
Lionell,22,33,0
Lionell,71,0,0
Lionell,71,6,5
Lionell,30,0,0
Lionell,21,61,17
Lionell,35,42,0
Lionell,9,69,3
Lionell,61,46,0
Lionell,16,25,0
Lionell,78,89,41
Lionell,53,39,0
Lionell,85,0,0
Lionell,19,6,0
Lionell,68,41,36
Lionell,64,81,0
Lionell,67,90,0
Lionell,8,73,0
Lionell,4,0,0
Lionell,95,73,0
Lionell,44,3,2
Lionell,21,65,0
Lionell,66,0,0
Lionell,12,9,0
Lionell,48,14,0
Lionell,86,74,0
Lionell,75,0,0
Lionell,36,0,0
Lionell,85,61,0
Lionell,76,92,14
Lionell,40,99,26
Lionell,58,41,5
Lionell,95,0,0
Lionell,79,97,41
Lionell,58,45,0
Lionell,48,0,0
Lionell,38,99,0
Lionell,75,23,0
Lionell,44,14,12
Lionell,40,53,29
Lionell,34,11,5
Lionell,12,75,0
Lionell,50,9,0
Lionell,80,53,12
Lionell,67,41,16
Lionell,34,86,0
Lionell,70,39,3
Lionell,72,36,22
Lionell,97,83,0
Lionell,79,0,0
Lionell,79,23,15
Lionell,6,71,0
Lionell,7,63,0
Lionell,41,0,0
Lionell,29,0,0
Lionell,48,0,0
Lionell,18,14,6
Lionell,49,85,0
Lionell,81,47,0
Lionell,9,79,2
Lionell,19,17,0
Lionell,73,54,0
Lionell,55,0,0
Lionell,21,0,0
Lionell,33,9,0
Lionell,37,69,34
Lionell,2,25,0
Lionell,94,37,0
Lionell,94,43,0
Lionell,90,83,69
Lionell,8,97,0
Lionell,28,3,0
Lionell,95,14,7
Lionell,26,14,14
Lionell,81,92,56
Lionell,80,27,0
Lionell,60,0,0
Lionell,65,0,0
Lionell,43,0,0
Lionell,52,0,0
Lionell,90,75,0
Lionell,92,38,4
Lionell,78,99,0
Lionell,61,0,0
Lionell,24,43,0
Lionell,64,69,60
Lionell,62,42,0
Lionell,21,0,0
Lionell,29,0,0
Lionell,30,74,20
Lionell,57,83,0
Lionell,43,0,0
Lionell,65,0,0
Lionell,78,6,2
Lionell,37,58,0
Lionell,68,95,0
Lionell,36,0,0
Lionell,22,80,0
Lionell,64,16,0
Lionell,73,0,0
Lionell,7,0,0
Lionell,97,84,8
Lionell,97,0,0
Lionell,86,0,0
Lionell,46,0,0
Lionell,14,85,0
Lionell,38,91,20
Lionell,16,0,0
Lionell,53,38,0
Lionell,13,60,7
Lionell,34,0,0
Lionell,88,13,0
Lionell,78,38,0
Lionell,32,100,5
Lionell,58,0,0
Lionell,22,96,15
Lionell,7,0,0
Lionell,24,57,9
Lionell,87,83,24
Lionell,66,25,11
Lionell,89,30,5
Lionell,39,49,0
Lionell,61,99,0
Lionell,4,88,2
Lionell,74,84,70
Lionell,52,47,46
Lionell,11,55,10
Lionell,83,31,0
Lionell,23,76,0
Lionell,46,27,27
Lionell,64,30,0
Lionell,10,15,0
Lionell,19,0,0
Lionell,72,0,0
Lionell,17,80,0
Lionell,97,18,0
Lionell,7,0,0
Lionell,75,0,0
Lionell,47,68,18
Lionell,47,66,0
Lionell,22,72,0
Lionell,91,0,0
Lionell,78,97,53
Lionell,97,92,79
Lionell,98,0,0
Lionell,34,36,14
Lionell,12,98,5
Lionell,30,0,0
Lionell,34,10,2
Lionell,55,0,0
Lionell,42,58,0
Lionell,22,12,1
Lionell,12,16,4
Lionell,91,32,0
Lionell,30,26,0
Lionell,16,73,2
Lionell,84,3,0
Lionell,33,98,23
Lionell,10,85,6
Lionell,8,58,0
Lionell,88,0,0
Lionell,85,87,0
Lionell,89,32,0
Lionell,23,8,0
Lionell,8,21,2
Lionell,52,50,0
Lionell,52,60,0
Lionell,52,0,0
Lionell,33,63,0
Lionell,44,0,0
Lionell,2,17,1
Lionell,34,36,21
Lionell,14,75,0
Lionell,59,0,0
Lionell,6,89,0
Lionell,53,0,0
Lionell,64,90,0
Lionell,46,0,0
Lionell,52,0,0
Lionell,78,33,33
Lionell,47,30,13
Lionell,94,0,0
Lionell,43,18,0
Lionell,36,85,0
Lionell,74,0,0
Lionell,23,0,0
Lionell,67,18,0
Lionell,23,29,15
Lionell,50,82,17
Lionell,17,35,0
Lionell,18,87,17
Lionell,87,75,38
Lionell,42,84,0
Lionell,32,0,0
Lionell,17,0,0
Lionell,84,0,0
Lionell,30,12,6
Lionell,40,1,0
Lionell,40,42,0
Lionell,38,0,0
Lionell,82,92,0
Lionell,20,34,0
Lionell,81,0,0
Lionell,25,30,20
Lionell,50,76,2
Lionell,21,0,0
Lionell,94,96,0
Lionell,49,75,8
Lionell,29,35,15
Lionell,25,92,8
Lionell,10,29,3
Lionell,60,0,0
Lionell,70,83,0
Lionell,14,64,2
Lionell,42,82,22
Lionell,22,64,0
Lionell,79,0,0
Lionell,31,68,0
Lionell,96,0,0
Lionell,65,53,0
Lionell,25,17,0
Lionell,49,9,4
Lionell,70,45,0
Lionell,43,61,0
Lionell,22,51,6
Lionell,37,86,23
Lionell,99,85,44
Lionell,20,79,0
Lionell,9,0,0
Lionell,11,74,0
Lionell,35,24,0
Lionell,55,0,0
Lionell,49,0,0
Lionell,67,67,47
Lionell,70,34,0
Lionell,63,24,0
Lionell,89,59,0
Lionell,29,0,0
Lionell,55,92,34
Lionell,4,87,0
Lionell,5,63,3
Lionell,63,34,0
Lionell,16,0,0
Lionell,65,83,0
Lionell,52,37,0
Lionell,32,0,0
Lionell,80,48,27
Lionell,78,81,0
Lionell,65,85,0
Lionell,86,0,0
Lionell,69,23,0
Lionell,82,0,0
Lionell,77,65,0
Lionell,32,1,0
Lionell,49,95,0
Lionell,3,0,0
Lionell,45,55,0
Lionell,30,0,0
Lionell,93,0,0
Lionell,90,0,0
Lionell,100,14,0
Lionell,5,82,0
Lionell,56,0,0
Lionell,8,70,0
Lionell,61,49,0
Lionell,94,49,0
Lionell,87,13,0
Lionell,40,91,0
Lionell,60,9,1
Lionell,41,74,0
Lionell,46,19,6
Lionell,53,31,26
Lionell,6,95,0
Lionell,47,68,12
Lionell,82,95,0
Lionell,31,29,20
Lionell,78,1,0
Lionell,52,69,0
Lionell,47,39,0
Lionell,48,41,19
Lionell,14,85,13
Lionell,99,64,0
Lionell,40,0,0
Lionell,28,0,0
Lionell,39,0,0
Lionell,81,26,0
Lionell,43,38,0
Lionell,84,12,0
Lionell,74,68,11
Lionell,82,39,0
Lionell,31,0,0
Lionell,49,45,0
Lionell,26,53,25
Lionell,4,17,3
Lionell,96,34,0
Lionell,82,9,0
Lionell,90,64,0
Lionell,86,47,0
Lionell,37,46,0
Lionell,55,55,0
Lionell,99,6,0
Lionell,73,42,0
Lionell,49,31,0
Lionell,38,57,0
Lionell,21,97,0
Lionell,45,0,0
Lionell,97,38,12
Lionell,50,88,0
Lionell,47,50,0
Lionell,45,7,6
Lionell,93,57,0
Lionell,41,93,16
Lionell,34,87,0
Lionell,64,92,0
Lionell,87,0,0
Lionell,52,49,15
Lionell,21,0,0
Lionell,96,83,79
Lionell,25,0,0
Lionell,1,4,0
Lionell,90,1,1
Lionell,3,19,0
Lionell,82,32,0
Lionell,44,0,0
Lionell,41,64,0
Lionell,35,4,0
Lionell,80,71,0
Lionell,42,0,0
Lionell,82,0,0
Lionell,80,0,0
Lionell,58,4,2
Lionell,99,78,21
Lionell,81,39,3
Lionell,80,98,0
Lionell,61,0,0
Lionell,45,96,0
Lionell,61,57,0
Lionell,61,0,0
Lionell,32,20,0
Lionell,24,92,0
Lionell,93,41,0
Lionell,33,0,0
Lionell,82,77,68
Lionell,15,62,0
Lionell,46,64,0
Lionell,3,0,0
Lionell,43,55,15
Lionell,3,62,0
Lionell,86,0,0
Lionell,98,16,11
Lionell,64,0,0
Lionell,30,45,0
Lionell,29,0,0
Lionell,17,20,0
Lionell,45,33,0
Lionell,82,4,1
Lionell,95,16,16
Lionell,84,0,0
Lionell,59,37,0
Lionell,48,5,4
Lionell,19,9,3
Lionell,17,36,13
Lionell,76,92,0
Lionell,34,0,0
Lionell,30,0,0
Lionell,33,42,1
Lionell,36,0,0
Lionell,10,30,9
Lionell,66,0,0
Lionell,68,0,0
Lionell,92,46,8
Lionell,49,0,0
Lionell,42,27,0
Lionell,68,0,0
Lionell,5,6,2
Lionell,85,0,0
Lionell,25,77,0
Lionell,41,68,5
Lionell,48,90,31
Lionell,96,0,0
Lionell,26,91,0
Lionell,93,37,0
Lionell,48,81,28
Lionell,56,71,0
Lionell,58,100,0
Lionell,41,0,0
Lionell,73,0,0
Lionell,77,72,0
Lionell,34,91,0
Lionell,59,0,0
Lionell,1,77,0
Lionell,95,0,0
Lionell,96,81,20
Lionell,30,53,0
Lionell,94,44,0
Lionell,95,17,7
Lionell,95,40,0
Lionell,100,89,79
Lionell,78,40,34
Lionell,21,7,0
Lionell,39,87,0
Lionell,13,0,0
Lionell,86,0,0
Lionell,10,40,0
Lionell,99,0,0
Lionell,92,85,77
Lionell,59,60,44
Lionell,20,15,0
Lionell,69,46,36
Lionell,3,61,3
Lionell,69,31,0
Lionell,31,50,0
Lionell,23,0,0
Lionell,1,70,0
Lionell,39,23,15
Lionell,11,0,0
Lionell,27,43,0
Lionell,49,0,0
Lionell,78,16,10
Lionell,79,0,0
Lionell,33,0,0
Lionell,89,0,0
Lionell,83,0,0
Lionell,78,0,0
Lionell,84,98,35
Lionell,59,64,30
Lionell,4,0,0
Lionell,81,21,0
Lionell,59,0,0
Lionell,10,0,0
Lionell,39,58,0
Lionell,19,18,2
Lionell,21,0,0
Lionell,28,4,1
Lionell,93,0,0
Lionell,95,27,0
Lionell,91,9,0
Lionell,10,40,6
Lionell,84,38,0
Lionell,59,4,0
Lionell,37,66,25
Lionell,28,0,0
Lionell,41,0,0
Lionell,32,12,0
Lionell,26,0,0
Lionell,88,96,16
Lionell,33,0,0
Lionell,97,55,0
Lionell,79,0,0
Lionell,13,12,6
Lionell,10,81,0
Lionell,28,51,0
Lionell,58,96,0
Lionell,14,50,0
Lionell,13,29,0
Lionell,6,37,0
Lionell,51,79,0
Lionell,100,0,0
Lionell,36,39,7
Lionell,99,0,0
Lionell,14,0,0
Lionell,75,36,17
Lionell,41,0,0
Lionell,55,94,0
Lionell,23,0,0
Lionell,46,32,0
Lionell,98,100,17
Lionell,75,99,0
Lionell,72,95,0
Lionell,20,32,15
Lionell,20,16,11
Lionell,70,0,0
Lionell,56,0,0
Lionell,77,93,64
Lionell,53,45,0
Lionell,85,0,0
Lionell,36,0,0
Lionell,95,82,67
Lionell,6,0,0
Lionell,66,0,0
Lionell,36,49,16
Lionell,39,0,0
Lionell,14,89,0
Lionell,24,1,0
Lionell,74,0,0
Lionell,74,35,29
Lionell,34,56,0
Lionell,27,0,0
Lionell,85,0,0
Lionell,5,55,0
Lionell,20,0,0
Lionell,61,43,0
Lionell,7,19,0
Lionell,14,0,0
Lionell,2,39,2
Lionell,69,23,0
Lionell,12,0,0
Lionell,59,54,38
Lionell,73,7,3
Lionell,67,54,46
Lionell,6,0,0
Lionell,57,2,0
Lionell,84,50,0
Lionell,12,64,0
Lionell,90,34,26
Lionell,80,68,0
Lionell,84,0,0
Lionell,59,0,0
Lionell,66,0,0
Lionell,64,88,0
Lionell,77,0,0
Lionell,70,18,0
Lionell,47,67,0
Lionell,44,72,0
Lionell,69,75,0
Lionell,70,70,0
Lionell,76,99,0
Lionell,85,0,0
Lionell,34,0,0
Lionell,85,0,0
Lionell,11,0,0
Lionell,8,34,3
Lionell,90,0,0
Lionell,70,0,0
Lionell,9,64,0
Lionell,50,14,0
Lionell,28,57,0
Lionell,69,55,0
Lionell,30,33,0
Lionell,13,4,0
Lionell,54,2,2
Lionell,9,19,5
Lionell,53,39,39
Lionell,86,5,0
Lionell,51,88,0
Lionell,19,72,16
Lionell,68,28,20
Lionell,7,0,0
Lionell,51,0,0
Lionell,38,70,0
Lionell,13,50,0
Lionell,78,40,0
Lionell,13,86,0
Lionell,23,54,0
Lionell,22,0,0
Lionell,33,54,0
Lionell,50,0,0
Lionell,39,0,0
Lionell,86,51,0
Lionell,32,0,0
Lionell,55,0,0
Lionell,15,0,0
Lionell,88,90,0
Lionell,74,0,0
Lionell,46,94,45
Lionell,62,0,0
Lionell,36,67,0
Lionell,82,0,0
Lionell,84,77,12
Lionell,18,0,0
Lionell,58,96,0
Lionell,51,0,0
Lionell,21,53,14
Lionell,76,74,0
Lionell,57,42,0
Lionell,52,66,27
Lionell,92,8,0
Lionell,78,45,0
Lionell,61,0,0
Lionell,48,41,0
Lionell,8,22,0
Lionell,61,94,0
Lionell,8,34,8
Lionell,90,68,0
Lionell,34,33,0
Lionell,64,59,0
Lionell,14,83,10
Lionell,10,71,0
Lionell,1,74,1
Lionell,8,0,0
Lionell,4,11,2
Lionell,12,30,0
Lionell,49,21,0
Lionell,13,0,0
Lionell,100,19,9
Lionell,32,12,0
Lionell,1,5,0
Lionell,52,84,37
Lionell,42,7,0
Lionell,85,0,0
Lionell,61,0,0
Lionell,32,0,0
Lionell,28,0,0
Lionell,10,0,0
Lionell,51,57,0
Lionell,71,0,0
Lionell,41,0,0
Lionell,6,0,0
Lionell,99,0,0
Lionell,95,0,0
Lionell,14,0,0
Lionell,80,0,0
Lionell,71,33,0
Lionell,95,55,0
Lionell,2,26,0
Lionell,40,0,0
Lionell,90,74,43
Lionell,22,64,0
Lionell,51,0,0
Lionell,12,59,0
Lionell,89,55,0
Lionell,44,0,0
Lionell,4,11,2
Lionell,97,46,0
Lionell,26,24,4
Lionell,14,92,14
Lionell,18,0,0
Lionell,76,0,0
Lionell,85,0,0
Lionell,54,0,0
Lionell,43,68,0
Lionell,75,96,0
Lionell,70,72,0
Lionell,80,37,0
Lionell,60,88,0
Lionell,15,16,14
Lionell,12,70,8
Lionell,97,10,4
Lionell,78,78,0
Lionell,85,8,0
Lionell,77,25,13
Lionell,3,91,2
Lionell,54,0,0
Lionell,70,41,0
Lionell,23,0,0
Lionell,71,0,0
Lionell,9,0,0
Lionell,75,17,0
Lionell,58,79,44
Lionell,41,0,0
Lionell,41,41,0
Lionell,55,77,7
Lionell,11,32,0
Lionell,89,9,9
Lionell,53,93,46
Lionell,88,95,0
Lionell,76,13,0
Lionell,26,0,0
Lionell,8,60,2
Lionell,3,0,0
Lionell,65,8,0
Lionell,57,43,0
Lionell,68,96,0
Lionell,13,0,0
Lionell,67,55,0
Lionell,74,0,0
Lionell,85,94,0
Lionell,99,26,26
Lionell,17,0,0
Lionell,59,4,0
Lionell,39,6,0
Lionell,18,83,15
Lionell,83,53,0
Lionell,60,63,29
Lionell,54,0,0
Lionell,77,0,0
Lionell,60,33,0
Lionell,83,0,0
Lionell,40,75,6
Lionell,19,82,0
Lionell,14,98,0
Lionell,59,0,0
Lionell,57,0,0
Lionell,63,0,0
Lionell,29,93,0
Lionell,68,75,39
Lionell,89,84,47
Lionell,67,89,0
Lionell,1,35,1
Lionell,27,29,3
Lionell,39,32,0
Lionell,6,54,5
Lionell,96,83,59
Lionell,88,31,0
Lionell,87,0,0
Lionell,71,66,0
Lionell,52,26,0
Lionell,41,76,0
Lionell,83,0,0
Lionell,80,43,0
Lionell,23,0,0
Lionell,93,2,1
Lionell,24,57,21
Lionell,3,25,0
Lionell,37,48,31
Lionell,45,31,3
Lionell,89,72,0
Lionell,78,0,0
Lionell,9,74,0
Lionell,98,0,0
Lionell,17,18,0
Lionell,68,0,0
Lionell,97,0,0
Lionell,6,0,0
Lionell,97,51,0
Lionell,76,0,0
Lionell,32,67,1
Lionell,57,63,0
Lionell,78,97,0
Lionell,14,3,0
Lionell,62,32,0
Lionell,25,0,0
Lionell,80,86,25
Lionell,69,0,0
Lionell,58,79,0
Lionell,77,14,0
Lionell,6,0,0
Lionell,66,0,0
Lionell,30,42,14
Lionell,11,0,0
Lionell,73,21,0
Lionell,77,0,0
Lionell,69,62,23
Lionell,99,59,47
Lionell,84,44,0
Lionell,75,0,0
Lionell,35,34,0
Lionell,21,49,5
Lionell,86,62,0
Lionell,1,53,1
Lionell,19,68,15
Lionell,3,91,0
Lionell,69,60,0
Lionell,57,98,50
Lionell,89,16,0
Lionell,81,0,0
Lionell,56,61,0
Lionell,62,94,55
Lionell,63,8,2
Lionell,76,28,12
Lionell,5,0,0
Lionell,50,0,0
Lionell,63,94,20
Lionell,100,65,51
Lionell,35,47,0
Lionell,48,79,25
Lionell,25,0,0
Lionell,82,84,0
Lionell,2,0,0
Lionell,65,0,0
Lionell,67,0,0
Lionell,31,19,0
Lionell,5,0,0
Lionell,90,0,0
Lionell,15,12,3
Lionell,3,65,3
Lionell,72,0,0
Lionell,45,60,0
Lionell,28,46,7
Lionell,19,33,0
Lionell,69,43,0
Lionell,23,0,0
Lionell,100,98,0
Lionell,14,77,2
Lionell,75,92,17
Lionell,20,0,0
Lionell,6,0,0
Lionell,53,0,0
Lionell,38,90,0
Lionell,6,28,0
Lionell,49,61,0
Lionell,36,20,0
Lionell,52,94,35
Lionell,69,52,0
Lionell,10,4,2
Lionell,35,33,0
Lionell,70,52,0
Lionell,12,79,0
Lionell,78,36,27
Lionell,42,38,0
Lionell,62,33,17
Lionell,67,11,1
Lionell,11,8,0
Lionell,77,2,2
Lionell,100,1,0
Lionell,38,99,0
Lionell,28,70,0
Lionell,49,0,0
Lionell,45,36,30
Lionell,9,0,0
Lionell,54,3,0
Lionell,82,60,0
Lionell,31,62,0
Lionell,71,29,11
Lionell,41,0,0
Lionell,46,40,0
Lionell,42,55,0
Lionell,83,0,0
Lionell,23,0,0
Lionell,18,34,0
Lionell,45,22,7
Lionell,82,0,0
Lionell,72,84,20
Lionell,75,77,1
Lionell,54,81,0
Lionell,51,14,6
Lionell,67,80,0
Lionell,12,0,0
Lionell,71,55,0
Lionell,25,35,22
Lionell,45,0,0
Lionell,2,36,1
Lionell,16,97,0
Lionell,33,93,0
Lionell,45,22,0
Lionell,34,45,0
Lionell,1,0,0
Lionell,22,68,0
Lionell,6,12,5
Lionell,99,0,0
Lionell,54,19,0
Lionell,44,76,0
Lionell,51,70,0
Lionell,69,40,0
Lionell,7,86,0
Lionell,28,0,0
Lionell,49,36,0
Lionell,48,43,0
Lionell,53,0,0
Lionell,90,63,0
Lionell,12,77,4
Lionell,78,0,0
Lionell,25,0,0
Lionell,13,10,0
Lionell,7,0,0
Lionell,29,0,0
Lionell,83,2,2
Lionell,66,0,0
Lionell,68,26,0
Lionell,37,65,0
Lionell,84,56,0
Lionell,67,78,26
Lionell,85,0,0
Lionell,78,4,4
Lionell,26,0,0
Lionell,85,0,0
Lionell,70,0,0
Lionell,27,0,0
Lionell,51,7,0
Lionell,35,90,19
Lionell,30,70,0
Lionell,78,70,41
Lionell,77,85,0
Lionell,78,0,0
Lionell,31,17,8
Lionell,40,0,0
Lionell,60,87,0
Lionell,38,25,0
Lionell,94,0,0
Lionell,73,95,0
Lionell,96,43,34
Lionell,63,0,0
Lionell,78,69,0
Lionell,25,62,5
Lionell,43,0,0
Lionell,25,29,22
Lionell,61,0,0
Lionell,76,60,0
Lionell,80,15,12
Lionell,4,76,2
Lionell,56,44,0
Lionell,31,42,0
Lionell,20,0,0
Lionell,61,14,6
Lionell,15,0,0
Lionell,10,93,0
Lionell,23,54,15
Lionell,54,0,0
Lionell,58,0,0
Lionell,31,64,0
Lionell,38,0,0
Lionell,64,0,0
Lionell,51,15,7
Lionell,36,91,0
Lionell,56,94,0
Lionell,26,15,0
Lionell,41,92,19
Lionell,65,12,0
Lionell,15,0,0
Lionell,38,64,0
Lionell,87,20,0
Lionell,8,83,0
Lionell,25,9,0
Lionell,6,54,0
Lionell,62,100,0
Lionell,37,40,0
Lionell,78,59,51
Lionell,52,0,0
Lionell,91,0,0
Lionell,100,97,0
Lionell,79,35,28
Lionell,75,4,0
Lionell,95,38,0
Lionell,81,27,0
Lionell,5,58,0
Lionell,44,45,0
Lionell,86,0,0
Lionell,28,0,0
Lionell,68,0,0
Lionell,51,81,0
Lionell,35,10,2
Lionell,32,21,1
Lionell,26,80,0
Lionell,43,0,0
Lionell,49,32,0
Lionell,26,0,0
Lionell,61,84,0
Lionell,60,93,59
Lionell,52,94,0
Lionell,80,78,72
Lionell,92,100,0
Lionell,8,7,3
Lionell,7,72,0
Lionell,84,45,0
Lionell,46,0,0
Lionell,58,96,0
Lionell,1,80,0
Lionell,39,57,26
Lionell,29,61,0
Lionell,55,19,0
Lionell,64,41,33
Lionell,88,97,0
Lionell,37,12,0
Lionell,78,0,0
Lionell,15,26,6
Lionell,40,46,19
Lionell,26,58,14
Lionell,18,0,0
Lionell,3,51,0
Lionell,2,94,0
Lionell,97,40,0
Lionell,59,59,40
Lionell,23,74,3
Lionell,92,35,0
Lionell,13,68,0
Lionell,53,0,0
Lionell,43,0,0
Lionell,13,95,7
Lionell,70,80,8
Lionell,75,81,0
Lionell,95,63,17
Lionell,62,33,17
Lionell,73,80,27
Lionell,99,54,0
Lionell,82,0,0
Lionell,7,67,7
Lionell,48,89,0
Lionell,84,60,3
Lionell,28,19,0
Lionell,67,0,0
Lionell,97,0,0
Lionell,30,0,0
Lionell,27,62,0
Lionell,44,0,0
Lionell,30,70,21
Lionell,70,89,65
Lionell,18,0,0
Lionell,36,65,0
Lionell,59,33,0
Lionell,51,41,22
Lionell,4,53,0
Lionell,43,0,0
Lionell,82,99,81
Lionell,49,69,8
Lionell,3,0,0
Lionell,16,0,0
Lionell,80,96,0
Lionell,35,0,0
Lionell,20,15,12
Lionell,49,37,0
Lionell,27,0,0
Lionell,77,95,0
Lionell,34,1,0
Lionell,7,11,2
Lionell,59,0,0
Lionell,32,0,0
Lionell,41,0,0
Lionell,45,26,0
Lionell,89,44,0
Lionell,40,0,0
Lionell,13,46,7
Lionell,30,0,0
Lionell,64,0,0
Lionell,54,0,0
Lionell,5,0,0
Lionell,78,28,0
Lionell,100,68,0
Lionell,47,34,0
Lionell,39,0,0
Lionell,29,77,0
Lionell,16,1,0
Lionell,31,23,0
Lionell,39,54,21
Lionell,58,43,34
Lionell,87,26,0
Lionell,61,33,25
Lionell,63,0,0
Lionell,70,27,0
Lionell,97,99,16
Lionell,9,0,0
Lionell,33,0,0
Lionell,75,28,0
Lionell,70,78,0
Lionell,7,56,0
Lionell,21,8,1
Lionell,45,0,0
Lionell,9,46,9
Lionell,8,10,8
Lionell,75,0,0
Lionell,85,0,0
Lionell,11,39,0
Lionell,72,34,0
Lionell,27,33,0
Lionell,89,80,0
Lionell,64,18,6
Lionell,46,62,31
Lionell,83,36,34
Lionell,38,0,0
Lionell,10,74,0
Lionell,11,81,0
Lionell,4,34,0
Lionell,6,0,0
Lionell,50,19,14
Lionell,18,72,0
Lionell,90,13,8
Lionell,31,79,20
Lionell,80,93,0
Lionell,91,26,0
Lionell,47,74,0
Lionell,62,0,0
Lionell,92,17,0
Lionell,53,20,0
Lionell,23,55,9
Lionell,31,42,0
Lionell,91,0,0
Lionell,31,61,7
Lionell,40,95,13
Lionell,50,0,0
Lionell,86,0,0
Lionell,95,0,0
Lionell,18,27,0
Lionell,69,88,0
Lionell,71,2,0
Lionell,49,0,0
Lionell,66,0,0
Lionell,67,13,0
Lionell,48,0,0
Lionell,75,0,0
Lionell,97,90,18
Lionell,43,73,0
Lionell,17,47,0
Lionell,60,43,0
Lionell,94,6,1
Lionell,27,0,0
Lionell,27,0,0
Lionell,9,0,0
Lionell,86,0,0
Lionell,79,22,0
Lionell,11,21,10
Lionell,71,57,0
Lionell,51,84,0
Lionell,67,14,0
Lionell,74,58,40
Lionell,49,0,0
Lionell,81,30,0
Lionell,14,64,0
Lionell,7,0,0
Lionell,73,0,0
Lionell,66,50,0
Lionell,20,0,0
Lionell,87,0,0
Lionell,22,42,0
Lionell,23,0,0
Lionell,8,22,0
Lionell,20,0,0
Lionell,74,55,0
Lionell,95,0,0
Lionell,98,36,0
Lionell,99,0,0
Lionell,27,96,0
Lionell,26,35,0
Lionell,49,0,0
Lionell,53,0,0
Lionell,83,0,0
Lionell,39,47,0
Lionell,50,86,0
Lionell,16,42,0
Lionell,89,73,0
Lionell,89,96,0
Lionell,61,82,50
Lionell,5,20,0
Lionell,17,79,14
Lionell,90,0,0
Lionell,29,0,0
Lionell,2,69,1
Lionell,69,39,25
Lionell,60,73,6
Lionell,20,0,0
Lionell,3,86,1
Lionell,54,10,10
Lionell,49,0,0
Lionell,11,0,0
Lionell,80,0,0
Lionell,78,9,0
Lionell,38,0,0
Lionell,68,0,0
Lionell,27,94,0
Lionell,87,32,25
Lionell,11,0,0
Lionell,18,7,4
Lionell,59,75,25
Lionell,87,13,12
Lionell,53,5,0
Lionell,32,0,0
Lionell,15,7,0
Lionell,72,0,0
Lionell,15,10,8
Lionell,85,3,0
Lionell,95,71,5
Lionell,8,0,0
Lionell,9,94,0
Lionell,100,0,0
Lionell,62,0,0
Lionell,51,77,0
Lionell,14,54,14
Lionell,61,97,0
Lionell,67,30,0
Lionell,59,2,0
Lionell,13,61,5
Lionell,8,90,0
Lionell,84,62,0
Lionell,34,65,0
Lionell,75,0,0
Lionell,86,0,0
Lionell,45,59,0
Lionell,12,41,0
Lionell,19,59,0
Lionell,7,0,0
Lionell,39,0,0
Lionell,69,34,5
Lionell,6,41,0
Lionell,39,22,0
Lionell,4,8,0
Lionell,100,0,0
Lionell,61,11,5
Lionell,1,87,0
Lionell,95,0,0
Lionell,68,49,0
Lionell,97,87,0
Lionell,94,36,0
Lionell,92,5,0
Lionell,59,67,0
Lionell,11,30,0
Lionell,19,41,19
Lionell,74,87,0
Lionell,86,29,10
Lionell,4,57,0
Lionell,94,87,0
Lionell,26,57,0
Lionell,3,12,0
Lionell,43,75,0
Lionell,7,84,0
Lionell,89,88,66
Lionell,58,90,6
Lionell,97,86,0
Lionell,35,3,0
Lionell,20,0,0
Lionell,98,85,27
Lionell,54,0,0
Lionell,95,0,0
Lionell,32,0,0
Lionell,75,80,52
Lionell,93,0,0
Lionell,27,0,0
Lionell,32,0,0
Lionell,21,38,0
Lionell,87,0,0
Lionell,97,0,0
Lionell,100,11,0
Lionell,1,0,0
Lionell,6,0,0
Lionell,66,49,0
Lionell,47,0,0
Lionell,100,0,0
Lionell,30,46,0
Lionell,61,70,0
Lionell,43,25,0
Lionell,45,0,0
Lionell,45,0,0
Lionell,93,89,0
Lionell,86,0,0
Lionell,27,0,0
Lionell,29,67,0
Lionell,76,89,61
Lionell,96,7,3
Lionell,33,0,0
Lionell,1,30,0
Lionell,77,91,0
Lionell,65,80,0
Lionell,90,49,33
Lionell,25,0,0
Lionell,16,0,0
Lionell,90,2,1
Lionell,69,0,0
Lionell,31,82,0
Lionell,11,34,0
Lionell,36,22,0
Lionell,89,93,0
Lionell,99,6,0
Lionell,66,52,0
Lionell,76,73,0
Lionell,79,0,0
Lionell,86,29,28
Lionell,49,53,0
Lionell,69,74,6
Lionell,66,0,0
Lionell,62,51,32
Lionell,74,19,0
Lionell,76,84,63
Lionell,59,0,0
Lionell,21,14,7
Lionell,70,45,0
Lionell,67,33,4
Lionell,76,39,0
Lionell,74,54,13
Lionell,7,0,0
Lionell,21,0,0
Lionell,39,59,28
Lionell,39,37,0
Lionell,31,0,0
Lionell,47,53,0
Lionell,73,48,0
Lionell,85,64,0
Lionell,91,41,0
Lionell,66,41,0
Lionell,12,89,7
Lionell,85,85,59
Lionell,18,95,0
Lionell,85,0,0
Lionell,74,76,0
Lionell,25,73,0
Lionell,40,52,0
Lionell,57,52,50
Lionell,23,0,0
Lionell,92,0,0
Lionell,20,0,0
Lionell,2,39,0
Lionell,90,53,0
Lionell,14,47,12
Lionell,39,0,0
Lionell,6,72,0
Lionell,12,76,9
Lionell,5,52,1
Lionell,74,41,0
Lionell,67,70,22
Lionell,15,0,0
Lionell,100,0,0
Lionell,58,97,0
Lionell,74,19,17
Lionell,25,0,0
Lionell,83,68,0
Lionell,16,63,0
Lionell,52,0,0
Lionell,89,95,33
Lionell,13,54,6
Lionell,47,9,0
Lionell,98,0,0
Lionell,7,51,0
Lionell,61,0,0
Lionell,44,0,0
Lionell,95,0,0
Lionell,22,89,7
Lionell,85,93,5
Lionell,50,0,0
Lionell,98,0,0
Lionell,56,80,12
Lionell,32,55,30
Lionell,44,0,0
Lionell,1,0,0
Lionell,34,54,4
Lionell,12,0,0
Lionell,93,68,0
Lionell,10,0,0
Lionell,59,33,31
Lionell,17,98,0
Lionell,96,80,0
Lionell,67,15,0
Lionell,45,26,0
Lionell,36,0,0
Lionell,46,59,11
Lionell,98,0,0
Lionell,26,85,22
Lionell,35,32,0
Lionell,23,87,0
Lionell,30,0,0
Lionell,64,59,0
Lionell,40,10,0
Lionell,63,70,0
Lionell,32,2,2
Lionell,26,79,0
Lionell,18,0,0
Lionell,39,15,0
Lionell,53,0,0
Lionell,73,0,0
Lionell,81,44,0
Lionell,76,89,48
Lionell,38,0,0
Lionell,16,14,0
Lionell,32,87,0
Lionell,17,0,0
Lionell,33,96,0
Lionell,76,0,0
Lionell,36,18,4
Lionell,48,0,0
Lionell,96,0,0
Lionell,15,57,0
Lionell,47,88,28
Lionell,39,0,0
Lionell,88,0,0
Lionell,48,5,0
Lionell,76,0,0
Lionell,42,34,0
Lionell,85,6,0
Lionell,65,26,0
Lionell,11,0,0
Lionell,89,62,0
Lionell,17,21,0
Lionell,61,49,10
Lionell,78,37,0
Lionell,84,93,0
Lionell,13,83,2
Lionell,26,0,0
Lionell,2,3,0
Lionell,49,88,0
Lionell,79,0,0
Lionell,15,0,0
Lionell,42,75,41
Lionell,36,49,0
Lionell,95,0,0
Lionell,41,74,27
Lionell,70,79,56
Lionell,2,59,0
Lionell,6,96,0
Lionell,79,12,0
Lionell,97,61,0
Lionell,50,56,0
Lionell,43,0,0
Lionell,93,44,0
Lionell,3,23,0
Lionell,24,12,8
Lionell,32,0,0
Lionell,57,0,0
Lionell,34,99,0
Lionell,14,0,0
Lionell,80,21,1
Lionell,31,45,14
Lionell,15,30,14
Lionell,8,20,8
Lionell,12,76,0
Lionell,41,87,15
Lionell,20,0,0
Lionell,78,0,0
Lionell,8,0,0
Lionell,91,0,0
Lionell,79,0,0
Lionell,81,0,0
Lionell,29,0,0
Lionell,42,73,36
Lionell,15,82,0
Lionell,26,46,18
Lionell,87,0,0
Lionell,23,57,20
Lionell,12,18,12
Lionell,64,40,0
Lionell,38,22,0
Lionell,10,88,0
Lionell,34,0,0
Lionell,62,54,28
Lionell,71,0,0
Lionell,33,31,0
Lionell,8,51,7
Lionell,25,20,0
Lionell,70,0,0
Lionell,88,88,0
Lionell,69,96,26
Lionell,66,0,0
Lionell,65,62,0
Lionell,18,81,8
Lionell,2,55,2
Lionell,100,0,0
Lionell,87,0,0
Lionell,46,0,0
Lionell,92,91,0
Lionell,42,94,18
Lionell,56,39,29
Lionell,8,22,0
Lionell,87,89,0
Lionell,8,84,4
Lionell,79,59,43
Lionell,13,22,0
Lionell,44,28,0
Lionell,8,27,0
Lionell,3,1,0
Lionell,58,32,28
Lionell,74,0,0
Lionell,56,11,1
Lionell,34,90,0
Lionell,89,12,0
Lionell,33,0,0
Lionell,76,64,0
Lionell,30,12,0
Lionell,15,30,5
Lionell,31,0,0
Lionell,73,48,0
Lionell,23,0,0
Lionell,8,88,8
Lionell,81,56,10
Lionell,9,95,9
Lionell,22,0,0
Lionell,95,0,0
Lionell,66,33,0
Lionell,50,22,4
Lionell,58,92,0
Lionell,62,0,0
Lionell,96,86,61
Lionell,46,0,0
Lionell,83,14,0
Lionell,14,0,0
Lionell,20,0,0
Lionell,90,31,2
Lionell,9,84,8
Lionell,10,47,1
Lionell,59,0,0
Lionell,90,19,0
Lionell,88,85,0
Lionell,53,93,0
Lionell,95,0,0
Lionell,57,2,0
Lionell,92,28,0
Lionell,62,52,12
Lionell,12,60,12
Lionell,45,0,0
Lionell,14,0,0
Lionell,30,76,0
Lionell,6,0,0
Lionell,38,80,0
Lionell,65,75,55
Lionell,22,0,0
Lionell,95,82,0
Lionell,81,72,39
Lionell,58,82,15
Lionell,69,18,17
Lionell,26,0,0
Lionell,59,48,0
Lionell,36,18,0
Lionell,37,55,0
Lionell,9,22,0
Lionell,33,60,0
Lionell,67,0,0
Lionell,30,22,21
Lionell,13,32,0
Lionell,81,74,26
Lionell,49,47,24
Lionell,79,0,0
Lionell,45,8,0
Lionell,69,28,14
Lionell,17,21,0
Lionell,71,54,0
Lionell,14,34,0
Lionell,79,17,0
Lionell,71,0,0
Lionell,63,0,0
Lionell,45,11,0
Lionell,31,0,0
Lionell,59,55,0
Lionell,66,82,60
Lionell,58,0,0
Lionell,46,20,20
Lionell,81,60,0
Lionell,84,0,0
Lionell,35,0,0
Lionell,89,2,2
Lionell,57,50,34
Lionell,42,0,0
Lionell,36,0,0
Lionell,69,0,0
Lionell,57,0,0
Lionell,43,77,0
Lionell,77,0,0
Lionell,73,0,0
Lionell,85,84,0
Lionell,64,81,0
Lionell,68,47,0
Lionell,81,0,0
Lionell,18,0,0
Lionell,2,40,1
Lionell,32,21,8
Lionell,2,25,0
Lionell,10,47,0
Lionell,38,75,0
Lionell,36,0,0
Lionell,17,35,0
Lionell,25,64,21
Lionell,80,32,0
Lionell,54,0,0
Lionell,1,42,0
Lionell,17,1,1
Lionell,16,95,0
Lionell,17,2,0
Lionell,92,0,0
Lionell,84,55,1
Lionell,79,19,14
Lionell,81,6,3
Lionell,34,89,13
Lionell,82,61,36
Lionell,2,0,0
Lionell,70,96,0
Lionell,7,0,0
Lionell,26,96,0
Lionell,31,85,8
Lionell,22,36,0
Lionell,75,13,7
Lionell,65,0,0
Lionell,44,55,0
Lionell,41,17,11
Lionell,56,98,0
Lionell,20,35,8
Lionell,68,16,0
Lionell,46,91,0
Lionell,63,0,0
Lionell,67,65,0
Lionell,75,43,0
Lionell,1,0,0
Lionell,23,93,0
Lionell,13,98,0
Lionell,10,0,0
Lionell,13,57,0
Lionell,62,83,0
Lionell,52,1,0
Lionell,73,0,0
Lionell,52,79,11
Lionell,50,65,0
Lionell,26,80,11
Lionell,21,79,0
Lionell,30,0,0
Lionell,28,25,0
Lionell,76,6,1
Lionell,91,39,29
Lionell,84,71,66
Lionell,64,0,0
Lionell,12,53,5
Lionell,67,0,0
Lionell,45,89,25
Lionell,70,82,66
Lionell,61,84,0
Lionell,94,0,0
Lionell,16,21,0
Lionell,77,0,0
Lionell,84,96,38
Lionell,84,62,18
Lionell,51,74,0
Lionell,90,41,0
Lionell,55,40,0
Lionell,57,0,0
Lionell,85,2,1
Lionell,18,34,14
Lionell,100,0,0
Lionell,72,54,0
Lionell,43,0,0
Lionell,87,49,0
Lionell,63,24,24
Lionell,38,0,0
Lionell,78,91,60
Lionell,19,75,4
Lionell,22,79,0
Lionell,84,96,0
Lionell,25,100,0
Lionell,88,65,25
Lionell,83,41,0
Lionell,57,51,27
Lionell,44,0,0
Lionell,49,0,0
Lionell,38,83,26
Lionell,85,29,0
Lionell,64,0,0
Lionell,29,9,6
Lionell,18,0,0
Lionell,46,0,0
Lionell,1,0,0
Lionell,68,72,8
Lionell,26,0,0
Lionell,19,84,19
Lionell,25,6,0
Lionell,19,0,0
Lionell,51,0,0
Lionell,67,5,1
Lionell,71,0,0
Lionell,82,29,0
Lionell,3,6,2
Lionell,21,12,0
Lionell,52,72,50
Lionell,100,0,0
Lionell,47,30,0
Lionell,63,66,0
Lionell,97,0,0
Lionell,77,92,0
Lionell,27,0,0
Lionell,81,0,0
Lionell,34,100,0
Lionell,74,54,0
Lionell,88,43,0
Lionell,44,0,0
Lionell,91,14,0
Lionell,55,97,0
Lionell,46,70,0
Lionell,89,63,18
Lionell,15,28,0
Lionell,78,56,0
Lionell,4,0,0
Lionell,16,0,0
Lionell,36,83,0
Lionell,39,72,0
Lionell,56,65,0
Lionell,12,0,0
Lionell,87,0,0
Lionell,36,76,22
Lionell,82,7,3
Lionell,61,0,0
Lionell,46,13,1
Lionell,77,50,0
Lionell,18,20,0
Lionell,52,54,23
Lionell,32,45,10
Lionell,42,22,0
Lionell,86,88,8
Lionell,56,7,2
Lionell,81,0,0
Lionell,64,71,0
Lionell,16,89,13
Lionell,88,42,0
Lionell,66,0,0
Lionell,59,68,19
Lionell,70,0,0
Lionell,47,18,9
Lionell,74,46,0
Lionell,89,0,0
Lionell,15,0,0
Lionell,89,71,66
Lionell,32,0,0
Lionell,21,44,0
Lionell,63,31,0
Lionell,44,34,0
Lionell,11,83,3
Lionell,44,0,0
Lionell,17,0,0
Lionell,80,47,0
Lionell,63,0,0
Lionell,45,96,0
Lionell,83,19,2
Lionell,36,0,0
Lionell,26,87,0
Lionell,39,0,0
Lionell,73,5,0
Lionell,81,42,28
Lionell,43,67,29
Lionell,91,86,69
Lionell,12,64,12
Lionell,42,0,0
Lionell,86,68,58
Lionell,4,0,0
Lionell,40,0,0
Lionell,47,1,0
Lionell,94,0,0
Lionell,51,37,23
Lionell,93,48,0
Lionell,49,0,0
Lionell,57,61,0
Lionell,72,35,0
Lionell,22,63,16
Lionell,58,31,31
Lionell,60,53,36
Lionell,60,0,0
Lionell,42,70,0
Lionell,43,0,0
Lionell,81,0,0
Lionell,46,67,39
Lionell,9,26,0
Lionell,19,0,0
Lionell,41,68,0
Lionell,27,0,0
Lionell,15,30,3
Lionell,37,97,4
Lionell,5,49,0
Lionell,91,23,0
Lionell,43,0,0
Lionell,84,0,0
Lionell,10,18,8
Lionell,92,0,0
Lionell,56,74,0
Lionell,62,29,26
Lionell,22,0,0
Lionell,30,46,0
Lionell,6,43,5
Lionell,27,0,0
Lionell,45,96,0
Lionell,52,6,0
Lionell,20,44,2
Lionell,76,1,0
Lionell,45,57,39
Lionell,94,0,0
Lionell,14,0,0
Lionell,43,13,0
Lionell,96,63,51
Lionell,43,0,0
Lionell,67,0,0
Lionell,68,99,29
Lionell,99,0,0
Lionell,67,31,0
Lionell,40,0,0
Lionell,57,100,0
Lionell,77,94,0
Lionell,87,0,0
Lionell,51,0,0
Lionell,54,71,0
Lionell,20,50,0
Lionell,8,73,0
Lionell,74,83,0
Lionell,70,0,0
Lionell,83,39,1
Lionell,14,28,0
Lionell,84,1,0
Lionell,23,87,0
Lionell,30,0,0
Lionell,95,0,0
Lionell,48,17,9
Lionell,88,89,0
Lionell,94,6,3
Lionell,80,16,0
Lionell,5,37,0
Lionell,61,27,0
Lionell,63,56,0
Lionell,51,16,0
Lionell,86,0,0
Lionell,25,0,0
Lionell,31,75,14
Lionell,73,0,0
Lionell,40,47,0
Lionell,71,69,35
Lionell,46,44,0
Lionell,100,0,0
Lionell,43,45,0
Lionell,99,65,0
Lionell,16,43,9
Lionell,91,57,0
Lionell,2,57,1
Lionell,47,0,0
Lionell,19,0,0
Lionell,98,0,0
Lionell,59,25,0
Lionell,77,0,0
Lionell,88,59,14
Lionell,83,0,0
Lionell,76,61,28
Lionell,21,0,0
Lionell,99,91,45
Lionell,80,76,52
Lionell,50,4,1
Lionell,41,32,27
Lionell,61,0,0
Lionell,77,0,0
Lionell,5,0,0
Lionell,11,31,0
Lionell,64,47,32
Lionell,6,84,0
Lionell,52,0,0
Lionell,40,69,1
Lionell,83,48,48
Lionell,10,17,9
Lionell,14,0,0
Lionell,82,100,33
Lionell,69,0,0
Lionell,33,74,3
Lionell,18,0,0
Lionell,48,0,0
Lionell,5,54,0
Lionell,72,0,0
Lionell,37,28,13
Lionell,16,0,0
Lionell,23,62,15
Lionell,23,0,0
Lionell,93,56,0
Lionell,15,0,0
Lionell,96,4,2
Lionell,73,0,0
Lionell,6,0,0
Lionell,76,0,0
Lionell,39,0,0
Lionell,1,0,0
Lionell,70,4,4
Lionell,29,11,2
Lionell,54,10,0
Lionell,96,0,0
Lionell,91,0,0
Lionell,64,68,0
Lionell,76,0,0
Lionell,57,26,10
Lionell,64,84,0
Lionell,9,18,1
Lionell,39,71,0
Lionell,9,23,0
Lionell,84,52,0
Lionell,94,0,0
Lionell,86,19,4
Lionell,70,95,0
Lionell,41,61,0
Lionell,22,0,0
Lionell,44,10,8
Lionell,60,98,56
Lionell,12,0,0
Lionell,77,8,0
Lionell,99,80,0
Lionell,30,52,0
Lionell,4,22,0
Lionell,7,0,0
Lionell,88,88,36
Lionell,89,77,0
Lionell,23,8,0
Lionell,9,67,7
Lionell,13,0,0
Lionell,20,79,12
Lionell,52,59,0
Lionell,12,37,0
Lionell,94,94,0
Lionell,71,0,0
Lionell,94,30,0
Lionell,18,81,0
Lionell,77,0,0
Lionell,50,11,7
Lionell,62,54,20
Lionell,70,91,0
Lionell,61,32,0
Lionell,29,63,0
Lionell,22,0,0
Lionell,44,31,0
Lionell,23,49,0
Lionell,14,0,0
Lionell,37,70,0
Lionell,43,38,0
Lionell,29,92,6
Lionell,97,63,45
Lionell,51,89,0
Lionell,64,85,0
Lionell,87,89,32
Lionell,55,66,0
Lionell,22,72,19
Lionell,79,9,0
Lionell,12,89,6
Lionell,78,34,0
Lionell,14,51,7
Lionell,31,0,0
Lionell,18,5,4
Lionell,50,95,1
Lionell,42,58,19
Lionell,7,52,5
Lionell,73,90,0
Lionell,10,68,0
Lionell,60,34,0
Lionell,11,71,7
Lionell,87,66,0
Lionell,35,43,0
Lionell,20,0,0
Lionell,86,46,0
Lionell,92,0,0
Lionell,38,23,0
Lionell,51,77,0
Lionell,22,0,0
Lionell,28,19,0
Lionell,55,0,0
Lionell,10,0,0
Lionell,21,28,18
Lionell,11,63,0
Lionell,51,71,0
Lionell,44,61,0
Lionell,98,9,0
Lionell,59,89,45
Lionell,31,30,0
Lionell,17,0,0
Lionell,88,0,0
Lionell,27,0,0
Lionell,23,0,0
Lionell,14,0,0
Lionell,31,77,0
Lionell,50,53,0
Lionell,95,82,0
Lionell,85,32,6
Lionell,37,0,0
Lionell,26,68,4
Lionell,87,0,0
Lionell,9,78,0
Lionell,32,24,8
Lionell,30,40,0
Lionell,45,0,0
Lionell,35,0,0
Lionell,13,0,0
Lionell,97,18,0
Lionell,57,4,0
Lionell,22,94,0
Lionell,37,0,0
Lionell,21,34,0
Lionell,43,0,0
Lionell,69,34,0
Lionell,49,56,0
Lionell,29,7,0
Lionell,8,73,0
Lionell,51,0,0
Lionell,95,0,0
Lionell,29,76,0
Lionell,18,0,0
Lionell,1,82,1
Lionell,70,0,0
Lionell,98,28,0
Lionell,46,25,2
Lionell,76,0,0
Lionell,73,0,0
Lionell,52,39,0
Lionell,37,0,0
Lionell,56,43,0
Lionell,26,87,0
Lionell,70,56,0
Lionell,40,60,29
Lionell,42,0,0
Lionell,31,24,0
Lionell,3,9,0
Lionell,49,38,32
Lionell,75,29,13
Lionell,71,0,0
Lionell,69,40,0
Lionell,1,0,0
Lionell,17,0,0
Lionell,53,0,0
Lionell,27,0,0
Lionell,58,54,44
Lionell,10,77,5
Lionell,60,0,0
Lionell,67,19,3
Lionell,83,0,0
Lionell,4,73,0
Lionell,44,0,0
Lionell,84,0,0
Lionell,16,21,0
Lionell,64,1,0
Lionell,10,91,5
Lionell,37,84,0
Lionell,61,0,0
Lionell,99,80,0
Lionell,76,0,0
Lionell,43,51,0
Lionell,80,49,29
Lionell,77,67,0
Lionell,91,48,0
Lionell,7,84,0
Lionell,15,64,0
Lionell,18,87,0
Lionell,81,7,2
Lionell,100,0,0
Lionell,76,53,17
Lionell,75,60,0
Lionell,72,28,0
Lionell,4,0,0
Lionell,41,43,24
Lionell,22,0,0
Lionell,19,11,6
Lionell,86,8,3
Lionell,81,11,0
Lionell,82,81,0
Lionell,18,41,0
Lionell,12,1,0
Lionell,11,0,0
Lionell,35,8,0
Lionell,76,0,0
Lionell,58,65,0
Lionell,74,80,0
Lionell,23,88,21
Lionell,85,11,6
Lionell,34,98,7
Lionell,16,54,0
Lionell,69,32,0
Lionell,65,3,0
Lionell,28,0,0
Lionell,39,3,0
Lionell,44,0,0
Lionell,62,76,45
Lionell,35,15,0
Lionell,28,24,3
Lionell,23,62,0
Lionell,51,11,0
Lionell,81,73,41
Lionell,46,23,0
Lionell,22,26,15
Lionell,14,23,9
Lionell,55,0,0
Lionell,5,35,0
Lionell,48,95,0
Lionell,16,87,15
Lionell,52,0,0
Lionell,10,0,0
Lionell,89,38,0
Lionell,41,0,0
Lionell,74,11,0
Lionell,44,0,0
Lionell,22,3,2
Lionell,59,36,34
Lionell,40,84,0
Lionell,13,0,0
Lionell,38,30,0
Lionell,87,92,0
Lionell,50,83,0
Lionell,43,0,0
Lionell,13,74,0
Lionell,64,73,20
Lionell,5,18,0
Lionell,27,21,18
Lionell,54,84,0
Lionell,42,17,0
