Farmer_Name,Dimension 1,Dimension 2,Dimension 3
guinevere,53,42,0
guinevere,42,4,0
guinevere,98,0,0
guinevere,7,98,0
guinevere,22,69,10
guinevere,72,96,0
guinevere,36,53,1
guinevere,56,95,56
guinevere,83,67,0
guinevere,30,89,0
guinevere,25,93,8
guinevere,61,0,0
guinevere,7,20,7
guinevere,28,68,0
guinevere,26,15,14
guinevere,100,0,0
guinevere,54,0,0
guinevere,55,67,4
guinevere,70,34,0
guinevere,96,55,0
guinevere,9,46,3
guinevere,18,41,0
guinevere,96,0,0
guinevere,13,0,0
guinevere,71,0,0
guinevere,54,0,0
guinevere,76,81,0
guinevere,53,75,0
guinevere,48,0,0
guinevere,78,62,0
guinevere,100,86,0
guinevere,12,92,5
guinevere,31,0,0
guinevere,100,57,30
guinevere,2,70,0
guinevere,70,11,0
guinevere,34,0,0
guinevere,91,28,27
guinevere,45,40,4
guinevere,57,0,0
guinevere,32,54,0
guinevere,82,2,0
guinevere,90,0,0
guinevere,81,24,0
guinevere,99,0,0
guinevere,85,16,0
guinevere,30,0,0
guinevere,44,39,0
guinevere,71,32,0
guinevere,47,0,0
guinevere,50,12,10
guinevere,56,0,0
guinevere,18,91,16
guinevere,3,0,0
guinevere,100,13,0
guinevere,87,58,0
guinevere,34,2,0
guinevere,35,0,0
guinevere,86,0,0
guinevere,33,57,4
guinevere,16,19,0
guinevere,49,22,0
guinevere,42,63,0
guinevere,40,0,0
guinevere,22,37,0
guinevere,25,0,0
guinevere,68,51,7
guinevere,37,66,0
guinevere,37,0,0
guinevere,11,68,4
guinevere,89,98,3
guinevere,7,27,4
guinevere,21,59,11
guinevere,91,0,0
guinevere,57,29,0
guinevere,72,69,0
guinevere,58,45,0
guinevere,31,0,0
guinevere,100,14,0
guinevere,53,89,37
guinevere,75,15,0
guinevere,58,70,0
guinevere,6,0,0
guinevere,99,0,0
guinevere,34,85,1
guinevere,10,65,4
guinevere,48,23,0
guinevere,79,95,70
guinevere,82,0,0
guinevere,51,3,0
guinevere,100,48,0
guinevere,16,10,0
guinevere,43,61,0
guinevere,22,7,0
guinevere,6,0,0
guinevere,25,0,0
guinevere,14,94,0
guinevere,90,10,0
guinevere,70,34,0
guinevere,77,62,60
guinevere,35,26,0
guinevere,93,41,0
guinevere,46,93,0
guinevere,74,58,0
guinevere,63,34,0
guinevere,9,62,0
guinevere,2,31,0
guinevere,63,0,0
guinevere,98,73,6
guinevere,62,89,0
guinevere,75,0,0
guinevere,11,85,1
guinevere,30,0,0
guinevere,36,35,0
guinevere,61,0,0
guinevere,77,93,20
guinevere,93,54,19
guinevere,41,64,27
guinevere,78,81,41
guinevere,33,0,0
guinevere,72,0,0
guinevere,43,0,0
guinevere,86,45,36
guinevere,25,0,0
guinevere,13,65,5
guinevere,19,93,1
guinevere,71,16,0
guinevere,80,97,0
guinevere,28,22,0
guinevere,14,0,0
guinevere,100,12,0
guinevere,77,49,25
guinevere,17,41,0
guinevere,79,0,0
guinevere,52,25,8
guinevere,92,72,38
guinevere,86,0,0
guinevere,58,93,42
guinevere,56,65,24
guinevere,8,95,1
guinevere,80,37,0
guinevere,19,98,0
guinevere,36,67,0
guinevere,85,0,0
guinevere,75,41,0
guinevere,41,23,0
guinevere,23,27,0
guinevere,36,34,22
guinevere,61,0,0
guinevere,46,25,24
guinevere,76,36,28
guinevere,20,45,0
guinevere,16,0,0
guinevere,25,48,0
guinevere,21,0,0
guinevere,3,0,0
guinevere,57,0,0
guinevere,42,84,39
guinevere,100,39,36
guinevere,36,60,0
guinevere,27,0,0
guinevere,60,0,0
guinevere,98,32,0
guinevere,97,71,62
guinevere,7,48,0
guinevere,15,23,5
guinevere,60,0,0
guinevere,57,0,0
guinevere,13,41,0
guinevere,57,10,0
guinevere,48,74,17
guinevere,67,52,0
guinevere,65,98,0
guinevere,1,7,0
guinevere,66,47,0
guinevere,15,50,10
guinevere,40,20,8
guinevere,71,93,0
guinevere,52,48,0
guinevere,41,18,0
guinevere,96,55,4
guinevere,4,69,4
guinevere,35,35,0
guinevere,38,25,0
guinevere,44,90,0
guinevere,58,0,0
guinevere,71,0,0
guinevere,55,83,0
guinevere,84,14,0
guinevere,60,45,6
guinevere,9,99,0
guinevere,46,0,0
guinevere,20,70,0
guinevere,9,0,0
guinevere,16,90,0
guinevere,23,91,0
guinevere,28,46,6
guinevere,61,3,0
guinevere,66,67,0
guinevere,97,0,0
guinevere,59,6,0
guinevere,82,0,0
guinevere,97,61,13
guinevere,44,31,20
guinevere,88,0,0
guinevere,81,32,0
guinevere,50,41,0
guinevere,96,39,24
guinevere,38,72,24
guinevere,66,6,0
guinevere,5,96,1
guinevere,57,68,18
guinevere,4,75,0
guinevere,99,0,0
guinevere,47,98,46
guinevere,30,0,0
guinevere,69,85,0
guinevere,92,0,0
guinevere,49,8,0
guinevere,68,54,3
guinevere,67,0,0
guinevere,29,84,0
guinevere,68,0,0
guinevere,60,99,0
guinevere,43,0,0
guinevere,68,68,48
guinevere,59,44,0
guinevere,34,0,0
guinevere,3,69,2
guinevere,75,66,0
guinevere,23,66,3
guinevere,65,65,51
guinevere,10,50,0
guinevere,58,0,0
guinevere,21,0,0
guinevere,81,0,0
guinevere,85,1,1
guinevere,77,0,0
guinevere,60,0,0
guinevere,94,66,5
guinevere,54,27,0
guinevere,32,76,13
guinevere,38,34,0
guinevere,49,46,42
guinevere,51,57,0
guinevere,72,23,12
guinevere,89,52,0
guinevere,96,63,13
guinevere,96,0,0
guinevere,26,56,0
guinevere,47,0,0
guinevere,92,72,0
guinevere,44,89,9
guinevere,64,31,24
guinevere,90,0,0
guinevere,67,97,0
guinevere,75,0,0
guinevere,40,36,0
guinevere,90,49,17
guinevere,81,97,0
guinevere,48,46,0
guinevere,81,0,0
guinevere,55,0,0
guinevere,93,0,0
guinevere,11,90,0
guinevere,97,98,40
guinevere,95,37,0
guinevere,9,45,0
guinevere,78,90,0
guinevere,89,77,18
guinevere,10,82,4
guinevere,54,0,0
guinevere,67,25,4
guinevere,86,0,0
guinevere,5,65,3
guinevere,44,41,0
guinevere,31,0,0
guinevere,85,0,0
guinevere,60,0,0
guinevere,96,0,0
guinevere,98,69,1
guinevere,88,38,4
guinevere,29,40,4
guinevere,99,0,0
guinevere,56,10,0
guinevere,8,13,0
guinevere,46,0,0
guinevere,30,8,0
guinevere,23,78,0
guinevere,82,8,4
guinevere,43,87,33
guinevere,23,0,0
guinevere,15,85,3
guinevere,6,100,0
guinevere,63,8,1
guinevere,58,38,3
guinevere,36,0,0
guinevere,98,22,0
guinevere,100,77,0
guinevere,6,74,0
guinevere,69,70,0
guinevere,46,0,0
guinevere,11,66,2
guinevere,78,11,0
guinevere,30,56,14
guinevere,8,85,0
guinevere,68,53,0
guinevere,33,0,0
guinevere,34,76,26
guinevere,27,37,0
guinevere,9,90,2
guinevere,17,53,0
guinevere,15,100,14
guinevere,73,6,5
guinevere,28,72,0
guinevere,30,76,0
guinevere,11,0,0
guinevere,45,2,0
guinevere,61,78,0
guinevere,25,0,0
guinevere,2,0,0
guinevere,53,92,0
guinevere,69,52,0
guinevere,48,90,0
guinevere,8,31,1
guinevere,55,36,0
guinevere,28,8,0
guinevere,66,93,0
guinevere,21,67,1
guinevere,27,80,0
guinevere,65,13,7
guinevere,6,21,0
guinevere,64,0,0
guinevere,63,84,0
guinevere,37,1,0
guinevere,45,37,0
guinevere,64,91,23
guinevere,84,51,0
guinevere,50,80,0
guinevere,28,38,0
guinevere,44,65,0
guinevere,49,11,0
guinevere,57,95,57
guinevere,6,8,0
guinevere,74,69,0
guinevere,80,63,0
guinevere,27,44,7
guinevere,22,70,0
guinevere,98,38,0
guinevere,25,100,0
guinevere,92,82,0
guinevere,62,0,0
guinevere,55,97,10
guinevere,19,19,0
guinevere,8,0,0
guinevere,24,0,0
guinevere,9,52,0
guinevere,58,21,6
guinevere,53,0,0
guinevere,91,0,0
guinevere,3,6,2
guinevere,28,3,0
guinevere,63,0,0
guinevere,13,0,0
guinevere,30,50,13
guinevere,97,75,0
guinevere,83,59,0
guinevere,53,0,0
guinevere,63,85,0
guinevere,21,0,0
guinevere,52,0,0
guinevere,78,19,0
guinevere,30,0,0
guinevere,83,8,0
guinevere,15,0,0
guinevere,92,14,0
guinevere,15,68,0
guinevere,98,77,7
guinevere,52,16,6
guinevere,40,44,0
guinevere,58,2,2
guinevere,19,40,12
guinevere,5,0,0
guinevere,2,40,0
guinevere,89,48,13
guinevere,26,0,0
guinevere,35,88,21
guinevere,24,56,24
guinevere,9,98,7
guinevere,53,0,0
guinevere,1,23,1
guinevere,81,81,58
guinevere,45,0,0
guinevere,59,77,38
guinevere,74,30,17
guinevere,9,0,0
guinevere,66,66,49
guinevere,2,0,0
guinevere,86,0,0
guinevere,86,0,0
guinevere,83,45,0
guinevere,39,95,0
guinevere,88,96,0
guinevere,99,49,0
guinevere,11,28,2
guinevere,34,91,20
guinevere,88,0,0
guinevere,88,0,0
guinevere,49,40,9
guinevere,72,0,0
guinevere,20,63,0
guinevere,80,0,0
guinevere,16,68,15
guinevere,95,0,0
guinevere,97,100,72
guinevere,99,51,44
guinevere,47,35,0
guinevere,57,22,3
guinevere,95,41,22
guinevere,80,10,0
guinevere,37,0,0
guinevere,76,73,0
guinevere,59,73,0
guinevere,31,94,12
guinevere,29,70,0
guinevere,5,0,0
guinevere,52,62,29
guinevere,17,40,0
guinevere,63,44,0
guinevere,29,43,9
guinevere,13,0,0
guinevere,93,4,2
guinevere,37,0,0
guinevere,16,0,0
guinevere,1,42,0
guinevere,38,53,36
guinevere,8,44,0
guinevere,79,87,0
guinevere,24,14,0
guinevere,28,66,0
guinevere,2,15,2
guinevere,81,23,7
guinevere,62,55,36
guinevere,61,14,0
guinevere,60,33,0
guinevere,17,47,6
guinevere,26,61,0
guinevere,96,95,64
guinevere,100,16,0
guinevere,67,0,0
guinevere,10,0,0
guinevere,96,0,0
guinevere,68,0,0
guinevere,23,10,0
guinevere,17,63,16
guinevere,7,48,0
guinevere,36,8,4
guinevere,36,18,0
guinevere,39,70,0
guinevere,98,54,0
guinevere,23,71,0
guinevere,50,48,45
guinevere,5,87,3
guinevere,96,40,15
guinevere,39,0,0
guinevere,99,81,0
guinevere,6,47,0
guinevere,53,48,0
guinevere,88,0,0
guinevere,46,47,25
guinevere,58,0,0
guinevere,93,54,0
guinevere,85,6,6
guinevere,92,99,0
guinevere,100,0,0
guinevere,2,96,0
guinevere,90,41,0
guinevere,98,26,0
guinevere,14,51,14
guinevere,58,90,27
guinevere,25,77,10
guinevere,6,4,3
guinevere,35,0,0
guinevere,27,86,16
guinevere,81,16,0
guinevere,60,0,0
guinevere,61,0,0
guinevere,53,72,41
guinevere,83,43,29
guinevere,84,0,0
guinevere,74,0,0
guinevere,3,73,0
guinevere,89,0,0
guinevere,31,0,0
guinevere,96,0,0
guinevere,1,0,0
guinevere,88,15,0
guinevere,60,60,28
guinevere,48,0,0
guinevere,74,0,0
guinevere,98,63,0
guinevere,29,0,0
guinevere,79,60,0
guinevere,79,31,0
guinevere,99,92,60
guinevere,9,0,0
guinevere,34,25,0
guinevere,7,23,0
guinevere,8,40,0
guinevere,15,65,1
guinevere,30,67,2
guinevere,98,79,62
guinevere,54,0,0
guinevere,55,23,0
guinevere,37,0,0
guinevere,6,17,2
guinevere,12,0,0
guinevere,8,0,0
guinevere,42,9,6
guinevere,5,34,2
guinevere,66,88,0
guinevere,75,52,47
guinevere,4,0,0
guinevere,69,27,0
guinevere,22,53,0
guinevere,81,0,0
guinevere,100,0,0
guinevere,3,0,0
guinevere,81,1,1
guinevere,26,0,0
guinevere,32,35,1
guinevere,87,40,2
guinevere,73,48,0
guinevere,6,0,0
guinevere,81,0,0
guinevere,84,15,14
guinevere,13,0,0
guinevere,77,85,0
guinevere,57,57,0
guinevere,37,67,0
guinevere,98,98,0
guinevere,28,97,0
guinevere,32,0,0
guinevere,31,45,0
guinevere,59,53,0
guinevere,39,0,0
guinevere,95,0,0
guinevere,55,28,0
guinevere,21,3,0
guinevere,68,0,0
guinevere,3,0,0
guinevere,48,58,0
guinevere,19,95,16
guinevere,37,0,0
guinevere,67,48,21
guinevere,49,0,0
guinevere,56,88,11
guinevere,80,0,0
guinevere,33,50,32
guinevere,65,90,0
guinevere,25,80,21
guinevere,56,30,0
guinevere,17,61,0
guinevere,47,26,14
guinevere,50,0,0
guinevere,83,0,0
guinevere,97,0,0
guinevere,93,0,0
guinevere,74,25,0
guinevere,21,30,20
guinevere,75,0,0
guinevere,33,4,4
guinevere,13,11,10
guinevere,25,0,0
guinevere,16,10,2
guinevere,52,100,14
guinevere,33,92,14
guinevere,99,0,0
guinevere,97,0,0
guinevere,34,0,0
guinevere,35,16,0
guinevere,88,0,0
guinevere,57,11,1
guinevere,6,18,0
guinevere,46,0,0
guinevere,71,0,0
guinevere,94,52,0
guinevere,25,16,11
guinevere,51,55,0
guinevere,19,0,0
guinevere,81,0,0
guinevere,78,0,0
guinevere,47,85,0
guinevere,14,0,0
guinevere,95,68,35
guinevere,98,16,3
guinevere,70,63,0
guinevere,75,96,0
guinevere,42,0,0
guinevere,39,73,22
guinevere,50,77,0
guinevere,95,52,10
guinevere,65,44,35
guinevere,62,0,0
guinevere,94,22,0
guinevere,77,24,19
guinevere,50,0,0
guinevere,15,31,3
guinevere,84,62,0
guinevere,73,18,4
guinevere,68,39,32
guinevere,13,0,0
guinevere,54,15,0
guinevere,69,0,0
guinevere,48,0,0
guinevere,68,99,0
guinevere,89,78,39
guinevere,69,68,1
guinevere,88,3,0
guinevere,1,20,0
guinevere,25,77,25
guinevere,16,51,8
guinevere,23,0,0
guinevere,77,42,0
guinevere,29,82,24
guinevere,34,0,0
guinevere,62,0,0
guinevere,22,15,3
guinevere,7,56,7
guinevere,12,19,12
guinevere,46,98,0
guinevere,56,21,15
guinevere,86,60,0
guinevere,81,95,2
guinevere,84,96,0
guinevere,73,23,0
guinevere,31,96,0
guinevere,10,30,0
guinevere,13,0,0
guinevere,78,94,0
guinevere,46,14,0
guinevere,8,61,4
guinevere,56,21,0
guinevere,6,84,0
guinevere,5,62,0
guinevere,46,0,0
guinevere,100,0,0
guinevere,46,79,0
guinevere,28,0,0
guinevere,98,32,20
guinevere,55,8,0
guinevere,65,0,0
guinevere,85,92,0
guinevere,70,90,0
guinevere,87,33,0
guinevere,93,62,11
guinevere,82,60,0
guinevere,33,80,0
guinevere,74,20,0
guinevere,88,30,2
guinevere,40,0,0
guinevere,89,94,86
guinevere,85,0,0
guinevere,86,57,13
guinevere,63,63,0
guinevere,22,20,14
guinevere,37,0,0
guinevere,82,0,0
guinevere,67,0,0
guinevere,5,0,0
guinevere,57,12,0
guinevere,27,0,0
guinevere,41,78,0
guinevere,25,4,0
guinevere,18,12,0
guinevere,97,83,46
guinevere,82,68,5
guinevere,48,93,0
guinevere,98,0,0
guinevere,55,56,39
guinevere,7,0,0
guinevere,17,0,0
guinevere,19,0,0
guinevere,59,0,0
guinevere,33,45,0
guinevere,10,99,0
guinevere,75,60,0
guinevere,99,67,0
guinevere,12,52,0
guinevere,35,52,0
guinevere,31,66,0
guinevere,42,82,0
guinevere,5,0,0
guinevere,99,1,0
guinevere,65,91,0
guinevere,94,0,0
guinevere,23,36,0
guinevere,73,76,56
guinevere,82,63,0
guinevere,11,0,0
guinevere,93,27,0
guinevere,58,91,11
guinevere,50,52,0
guinevere,80,14,0
guinevere,87,65,56
guinevere,65,0,0
guinevere,6,98,1
guinevere,19,44,7
guinevere,64,39,16
guinevere,94,64,0
guinevere,74,69,0
guinevere,52,19,13
guinevere,99,30,0
guinevere,62,15,0
guinevere,44,0,0
guinevere,67,0,0
guinevere,40,0,0
guinevere,95,0,0
guinevere,85,92,61
guinevere,66,0,0
guinevere,63,62,25
guinevere,71,96,58
guinevere,14,79,9
guinevere,64,0,0
guinevere,73,0,0
guinevere,10,24,9
guinevere,58,67,0
guinevere,91,55,0
guinevere,91,5,0
guinevere,36,30,0
guinevere,95,60,0
guinevere,94,82,20
guinevere,91,52,0
guinevere,61,38,0
guinevere,33,75,0
guinevere,10,6,6
guinevere,28,88,0
guinevere,21,28,0
guinevere,71,100,0
guinevere,65,44,0
guinevere,32,0,0
guinevere,5,0,0
guinevere,87,6,5
guinevere,92,49,0
guinevere,73,0,0
guinevere,14,0,0
guinevere,25,82,19
guinevere,74,47,0
guinevere,15,81,0
guinevere,84,87,0
guinevere,5,0,0
guinevere,79,25,0
guinevere,76,0,0
guinevere,35,4,2
guinevere,34,67,3
guinevere,45,15,11
guinevere,90,0,0
guinevere,8,0,0
guinevere,90,67,65
guinevere,52,59,0
guinevere,43,86,0
guinevere,77,63,0
guinevere,28,0,0
guinevere,16,37,0
guinevere,90,79,51
guinevere,26,76,0
guinevere,20,7,0
guinevere,36,89,0
guinevere,69,50,8
guinevere,75,0,0
guinevere,8,70,0
guinevere,13,90,0
guinevere,85,12,9
guinevere,42,56,30
guinevere,19,87,5
guinevere,11,69,0
guinevere,64,0,0
guinevere,77,0,0
guinevere,30,22,17
guinevere,35,0,0
guinevere,49,19,13
guinevere,68,0,0
guinevere,28,56,0
guinevere,84,81,0
guinevere,97,38,0
guinevere,17,29,0
guinevere,21,0,0
guinevere,99,10,0
guinevere,48,3,0
guinevere,98,30,0
guinevere,51,81,0
guinevere,72,0,0
guinevere,4,36,0
guinevere,35,10,0
guinevere,74,0,0
guinevere,23,0,0
guinevere,39,45,37
guinevere,23,0,0
guinevere,25,45,8
guinevere,79,0,0
guinevere,15,15,2
guinevere,23,0,0
guinevere,37,0,0
guinevere,63,17,1
guinevere,80,44,0
guinevere,83,46,32
guinevere,83,0,0
guinevere,71,39,0
guinevere,17,0,0
guinevere,15,41,0
guinevere,72,7,3
guinevere,51,60,13
guinevere,92,6,4
guinevere,27,0,0
guinevere,91,51,0
guinevere,54,0,0
guinevere,18,0,0
guinevere,45,12,0
guinevere,73,11,0
guinevere,10,3,2
guinevere,3,78,0
guinevere,2,49,0
guinevere,77,56,21
guinevere,97,0,0
guinevere,11,0,0
guinevere,87,33,31
guinevere,32,0,0
guinevere,11,28,11
guinevere,22,0,0
guinevere,89,11,3
guinevere,47,53,0
guinevere,21,11,0
guinevere,44,68,0
guinevere,14,94,6
guinevere,75,28,0
guinevere,30,32,0
guinevere,24,79,8
guinevere,24,19,9
guinevere,17,72,0
guinevere,23,0,0
guinevere,29,64,25
guinevere,59,21,18
guinevere,47,0,0
guinevere,8,28,0
guinevere,34,91,0
guinevere,16,38,0
guinevere,89,0,0
guinevere,40,5,0
guinevere,39,0,0
guinevere,83,26,1
guinevere,63,71,0
guinevere,8,82,2
guinevere,72,91,0
guinevere,46,4,2
guinevere,62,56,43
guinevere,62,93,0
guinevere,92,0,0
guinevere,16,99,0
guinevere,84,8,4
guinevere,64,82,59
guinevere,92,0,0
guinevere,17,85,17
guinevere,15,0,0
guinevere,44,0,0
guinevere,14,82,3
guinevere,71,90,27
guinevere,78,46,0
guinevere,27,0,0
guinevere,31,90,25
guinevere,37,40,0
guinevere,71,95,71
guinevere,48,54,9
guinevere,84,0,0
guinevere,70,30,12
guinevere,84,26,0
guinevere,38,0,0
guinevere,92,0,0
guinevere,34,0,0
guinevere,60,74,47
guinevere,60,97,0
guinevere,35,98,0
guinevere,23,33,0
guinevere,69,51,37
guinevere,16,63,9
guinevere,95,0,0
guinevere,54,52,0
guinevere,6,59,1
guinevere,6,44,6
guinevere,1,27,0
guinevere,34,38,0
guinevere,60,3,0
guinevere,50,0,0
guinevere,77,64,0
guinevere,11,0,0
guinevere,74,89,0
guinevere,47,21,0
guinevere,19,96,0
guinevere,28,43,0
guinevere,94,29,0
guinevere,15,7,0
guinevere,97,91,87
guinevere,79,33,25
guinevere,83,84,75
guinevere,18,1,1
guinevere,47,0,0
guinevere,58,6,0
guinevere,54,89,0
guinevere,71,93,0
guinevere,14,64,0
guinevere,44,67,27
guinevere,75,70,0
guinevere,79,72,0
guinevere,39,0,0
guinevere,28,48,0
guinevere,87,99,0
guinevere,42,97,0
guinevere,38,52,0
guinevere,88,78,0
guinevere,68,58,0
guinevere,68,41,5
guinevere,85,0,0
guinevere,13,0,0
guinevere,46,0,0
guinevere,71,42,0
guinevere,36,0,0
guinevere,76,74,59
guinevere,99,17,11
guinevere,72,17,0
guinevere,76,0,0
guinevere,44,30,5
guinevere,42,82,0
guinevere,39,38,0
guinevere,100,0,0
guinevere,72,45,0
guinevere,81,65,0
guinevere,35,39,14
guinevere,85,48,19
guinevere,58,28,11
guinevere,28,87,6
guinevere,5,0,0
guinevere,69,55,0
guinevere,39,11,11
guinevere,67,0,0
guinevere,35,52,0
guinevere,5,47,0
guinevere,43,66,33
guinevere,74,0,0
guinevere,75,0,0
guinevere,70,81,0
guinevere,98,9,0
guinevere,26,4,0
guinevere,6,41,4
guinevere,32,0,0
guinevere,31,20,0
guinevere,90,0,0
guinevere,36,0,0
guinevere,26,27,0
guinevere,83,0,0
guinevere,11,0,0
guinevere,9,63,0
guinevere,12,95,0
guinevere,38,59,33
guinevere,42,60,0
guinevere,27,63,2
guinevere,3,0,0
guinevere,29,0,0
guinevere,77,35,25
guinevere,3,0,0
guinevere,98,0,0
guinevere,90,0,0
guinevere,34,0,0
guinevere,63,0,0
guinevere,37,8,3
guinevere,16,76,0
guinevere,55,13,0
guinevere,76,24,0
guinevere,13,84,0
guinevere,17,0,0
guinevere,42,0,0
guinevere,56,62,0
guinevere,22,31,0
guinevere,75,20,0
guinevere,29,88,0
guinevere,62,98,0
guinevere,80,79,0
guinevere,63,84,0
guinevere,36,63,0
guinevere,80,40,0
guinevere,61,36,0
guinevere,12,80,0
guinevere,64,46,24
guinevere,91,13,8
guinevere,25,64,0
guinevere,53,79,0
guinevere,69,99,0
guinevere,23,98,0
guinevere,24,3,2
guinevere,87,29,0
guinevere,63,28,6
guinevere,78,80,0
guinevere,18,4,0
guinevere,37,0,0
guinevere,75,22,0
guinevere,58,0,0
guinevere,55,60,0
guinevere,47,27,0
guinevere,63,90,0
guinevere,64,86,0
guinevere,1,98,1
guinevere,7,28,0
guinevere,68,74,0
guinevere,51,49,0
guinevere,82,20,5
guinevere,48,96,0
guinevere,91,0,0
guinevere,36,44,6
guinevere,80,8,0
guinevere,80,77,29
guinevere,85,66,0
guinevere,68,0,0
guinevere,74,0,0
guinevere,24,0,0
guinevere,11,0,0
guinevere,11,99,0
guinevere,83,44,0
guinevere,27,84,26
guinevere,62,29,0
guinevere,36,65,0
guinevere,50,61,0
guinevere,47,0,0
guinevere,98,3,3
guinevere,62,0,0
guinevere,48,47,0
guinevere,8,0,0
guinevere,57,0,0
guinevere,51,70,18
guinevere,26,57,25
guinevere,67,0,0
guinevere,54,0,0
guinevere,18,75,0
guinevere,3,31,0
guinevere,55,69,0
guinevere,95,0,0
guinevere,8,0,0
guinevere,40,12,0
guinevere,50,63,30
guinevere,26,96,0
guinevere,16,77,1
guinevere,19,13,0
guinevere,51,42,0
guinevere,15,0,0
guinevere,72,0,0
guinevere,35,4,0
guinevere,28,70,10
guinevere,18,88,0
guinevere,15,88,6
guinevere,15,0,0
guinevere,69,20,2
guinevere,16,96,0
guinevere,54,0,0
guinevere,96,16,0
guinevere,2,27,2
guinevere,31,17,4
guinevere,63,22,0
guinevere,90,40,28
guinevere,100,1,0
guinevere,86,0,0
guinevere,20,0,0
guinevere,4,47,2
guinevere,71,64,0
guinevere,89,99,34
guinevere,29,69,11
guinevere,32,4,0
guinevere,57,98,0
guinevere,38,80,0
guinevere,25,0,0
guinevere,16,97,0
guinevere,41,10,4
guinevere,49,18,0
guinevere,16,45,16
guinevere,51,98,0
guinevere,65,82,13
guinevere,85,79,0
guinevere,76,0,0
guinevere,93,48,0
guinevere,56,0,0
guinevere,50,0,0
guinevere,50,25,2
guinevere,37,55,8
guinevere,20,19,5
guinevere,95,88,29
guinevere,78,0,0
guinevere,77,80,0
guinevere,5,38,5
guinevere,31,40,0
guinevere,23,5,0
guinevere,30,27,20
guinevere,58,45,12
guinevere,23,15,0
guinevere,63,36,11
guinevere,33,14,4
guinevere,55,0,0
guinevere,14,56,0
guinevere,54,0,0
guinevere,69,0,0
guinevere,55,62,0
guinevere,4,89,0
guinevere,1,32,0
guinevere,89,34,0
guinevere,22,22,0
guinevere,38,57,35
guinevere,9,8,5
guinevere,23,0,0
guinevere,37,73,36
guinevere,38,37,0
guinevere,3,94,2
guinevere,28,0,0
guinevere,53,88,42
guinevere,63,61,26
guinevere,8,0,0
guinevere,100,68,38
guinevere,35,49,0
guinevere,15,23,0
guinevere,75,61,0
guinevere,9,14,4
guinevere,1,47,0
guinevere,99,7,0
guinevere,83,0,0
guinevere,61,8,6
guinevere,92,84,0
guinevere,100,100,19
guinevere,57,0,0
guinevere,99,53,6
guinevere,78,49,0
guinevere,41,35,24
guinevere,39,76,24
guinevere,71,58,0
guinevere,72,34,0
guinevere,40,0,0
guinevere,66,9,0
guinevere,85,83,55
guinevere,39,58,8
guinevere,24,65,0
guinevere,94,77,0
guinevere,84,7,0
guinevere,42,17,0
guinevere,6,6,0
guinevere,16,7,0
guinevere,66,1,1
guinevere,90,0,0
guinevere,49,27,0
guinevere,8,8,8
guinevere,91,37,19
guinevere,54,80,36
guinevere,73,27,22
guinevere,33,0,0
guinevere,95,78,0
guinevere,10,46,0
guinevere,32,28,0
guinevere,48,0,0
guinevere,4,94,1
guinevere,35,34,20
guinevere,7,28,0
guinevere,16,0,0
guinevere,23,70,0
guinevere,71,50,41
guinevere,47,0,0
guinevere,42,25,0
guinevere,93,20,0
guinevere,26,98,0
guinevere,25,74,0
guinevere,1,30,0
guinevere,88,0,0
guinevere,38,0,0
guinevere,43,0,0
guinevere,38,93,0
guinevere,73,0,0
guinevere,51,0,0
guinevere,37,22,0
guinevere,94,16,0
guinevere,69,0,0
guinevere,3,49,0
guinevere,6,0,0
guinevere,58,0,0
guinevere,28,2,2
guinevere,85,72,0
guinevere,79,70,0
guinevere,18,0,0
guinevere,7,57,5
guinevere,48,100,36
guinevere,19,26,11
guinevere,30,73,0
guinevere,38,40,5
guinevere,13,68,0
guinevere,31,0,0
guinevere,28,0,0
guinevere,29,84,0
guinevere,38,55,0
guinevere,49,92,0
guinevere,57,0,0
guinevere,45,60,0
guinevere,77,0,0
guinevere,88,73,0
guinevere,48,23,7
guinevere,79,27,0
guinevere,67,66,0
guinevere,78,83,48
guinevere,19,0,0
guinevere,31,0,0
guinevere,37,0,0
guinevere,39,0,0
guinevere,16,0,0
guinevere,81,0,0
guinevere,42,0,0
guinevere,18,12,0
guinevere,18,81,0
guinevere,34,0,0
guinevere,89,80,27
guinevere,74,0,0
guinevere,17,59,8
guinevere,89,0,0
guinevere,78,40,0
guinevere,67,7,5
guinevere,52,89,0
guinevere,7,40,0
guinevere,85,30,3
guinevere,2,0,0
guinevere,14,0,0
guinevere,88,97,0
guinevere,13,26,0
guinevere,43,68,36
guinevere,44,56,29
guinevere,12,0,0
guinevere,8,0,0
guinevere,65,99,35
guinevere,98,0,0
guinevere,52,0,0
guinevere,35,23,0
guinevere,43,52,0
guinevere,32,0,0
guinevere,56,0,0
guinevere,9,97,5
guinevere,26,28,0
guinevere,52,91,0
guinevere,53,0,0
guinevere,2,72,0
guinevere,55,68,0
guinevere,19,35,4
guinevere,53,56,0
guinevere,46,38,0
guinevere,48,0,0
guinevere,88,27,0
guinevere,22,0,0
guinevere,84,77,0
guinevere,18,68,0
guinevere,14,0,0
guinevere,20,0,0
guinevere,95,15,0
guinevere,71,0,0
guinevere,92,82,0
guinevere,10,66,4
guinevere,8,0,0
guinevere,3,18,0
guinevere,55,57,0
guinevere,32,10,8
guinevere,100,89,58
guinevere,5,0,0
guinevere,9,51,0
guinevere,51,15,15
guinevere,68,58,0
guinevere,66,93,0
guinevere,87,86,0
guinevere,73,23,21
guinevere,12,72,5
guinevere,23,36,0
guinevere,9,12,0
guinevere,49,5,4
guinevere,76,12,11
guinevere,14,0,0
guinevere,91,0,0
guinevere,42,0,0
guinevere,22,64,0
guinevere,73,50,0
guinevere,84,98,0
guinevere,25,61,0
guinevere,1,16,0
guinevere,38,0,0
guinevere,15,49,0
guinevere,22,89,0
guinevere,43,0,0
guinevere,92,0,0
guinevere,55,50,0
guinevere,26,33,0
guinevere,60,0,0
guinevere,4,48,2
guinevere,86,60,0
guinevere,14,74,7
guinevere,30,43,3
guinevere,6,7,0
guinevere,14,78,0
guinevere,99,82,61
guinevere,94,3,3
guinevere,11,27,0
guinevere,39,90,0
guinevere,82,32,0
guinevere,2,84,0
guinevere,29,38,0
guinevere,19,48,0
guinevere,91,17,0
guinevere,83,0,0
guinevere,17,1,1
guinevere,58,59,0
guinevere,44,6,0
guinevere,32,67,19
guinevere,52,67,0
guinevere,63,14,0
guinevere,12,0,0
guinevere,21,77,0
guinevere,81,55,22
guinevere,38,0,0
guinevere,58,0,0
guinevere,73,4,0
guinevere,52,0,0
guinevere,82,87,10
guinevere,68,17,0
guinevere,27,94,0
guinevere,97,0,0
guinevere,41,63,7
guinevere,58,33,18
guinevere,23,48,23
guinevere,53,11,0
guinevere,39,0,0
guinevere,26,95,22
guinevere,96,0,0
guinevere,54,100,0
guinevere,66,29,0
guinevere,12,78,8
guinevere,99,52,0
guinevere,44,0,0
guinevere,34,22,20
guinevere,4,45,0
guinevere,29,3,0
guinevere,16,11,0
guinevere,77,31,21
guinevere,89,0,0
guinevere,70,98,10
guinevere,17,0,0
guinevere,82,0,0
guinevere,12,57,0
guinevere,10,80,8
guinevere,16,0,0
guinevere,62,41,0
guinevere,63,91,0
guinevere,28,39,23
guinevere,81,0,0
guinevere,13,68,0
guinevere,77,20,0
guinevere,62,95,6
guinevere,55,0,0
guinevere,5,90,0
guinevere,69,70,0
guinevere,24,83,0
guinevere,58,0,0
guinevere,68,38,0
guinevere,66,64,30
guinevere,80,13,6
guinevere,28,23,0
guinevere,54,5,0
guinevere,3,0,0
guinevere,62,6,4
guinevere,81,0,0
guinevere,52,12,5
guinevere,8,61,2
guinevere,7,96,0
guinevere,64,15,0
guinevere,35,0,0
guinevere,35,26,16
guinevere,19,0,0
guinevere,66,64,24
guinevere,62,26,9
guinevere,40,0,0
guinevere,44,0,0
guinevere,74,21,14
guinevere,12,55,0
guinevere,13,1,0
guinevere,100,62,50
guinevere,76,0,0
guinevere,79,79,0
guinevere,90,66,0
guinevere,16,69,0
guinevere,64,93,34
guinevere,60,96,53
guinevere,39,0,0
guinevere,84,0,0
guinevere,68,16,0
guinevere,29,0,0
guinevere,3,29,0
guinevere,54,48,29
guinevere,10,60,0
guinevere,98,63,47
guinevere,95,38,27
guinevere,41,80,0
guinevere,50,0,0
guinevere,92,0,0
guinevere,2,7,1
guinevere,44,0,0
guinevere,80,65,56
guinevere,95,0,0
guinevere,48,50,0
guinevere,42,0,0
guinevere,49,23,0
guinevere,100,0,0
guinevere,2,28,0
guinevere,25,0,0
guinevere,75,37,14
guinevere,17,39,13
guinevere,95,0,0
guinevere,82,3,3
guinevere,71,41,17
guinevere,69,64,0
guinevere,44,71,0
guinevere,76,61,28
guinevere,48,88,0
guinevere,87,23,8
guinevere,36,29,10
guinevere,97,0,0
guinevere,60,58,0
guinevere,65,0,0
guinevere,40,71,0
guinevere,32,19,0
guinevere,32,0,0
guinevere,60,61,26
guinevere,72,52,43
guinevere,83,63,0
guinevere,86,90,7
guinevere,59,74,20
guinevere,100,33,0
guinevere,23,99,14
guinevere,37,0,0
guinevere,88,0,0
guinevere,25,25,2
guinevere,80,94,8
guinevere,6,78,0
guinevere,31,4,0
guinevere,63,0,0
guinevere,47,36,29
guinevere,8,0,0
guinevere,85,77,0
guinevere,100,8,0
guinevere,34,39,0
guinevere,30,0,0
guinevere,41,55,0
guinevere,73,0,0
guinevere,85,0,0
guinevere,87,52,0
guinevere,8,0,0
guinevere,90,30,14
guinevere,61,0,0
guinevere,89,59,58
guinevere,13,0,0
guinevere,64,75,0
guinevere,30,47,0
guinevere,43,58,0
guinevere,84,99,0
guinevere,70,0,0
guinevere,11,5,2
guinevere,26,68,0
guinevere,34,35,21
guinevere,77,4,2
guinevere,97,0,0
guinevere,79,16,0
guinevere,36,29,29
guinevere,45,53,0
guinevere,38,0,0
guinevere,30,76,24
guinevere,2,74,0
guinevere,26,44,17
guinevere,84,64,40
guinevere,62,2,0
guinevere,64,0,0
guinevere,42,74,38
guinevere,27,77,0
guinevere,35,35,0
guinevere,72,7,0
guinevere,19,0,0
guinevere,79,0,0
guinevere,97,0,0
guinevere,77,0,0
guinevere,43,23,0
guinevere,72,52,5
guinevere,83,0,0
guinevere,29,0,0
guinevere,40,19,19
guinevere,16,60,0
guinevere,82,64,64
guinevere,66,19,12
guinevere,88,11,0
guinevere,53,92,28
guinevere,84,43,0
guinevere,22,78,0
guinevere,95,88,0
guinevere,79,61,7
guinevere,56,54,0
guinevere,42,98,0
guinevere,64,42,0
guinevere,6,59,0
guinevere,13,48,0
guinevere,27,0,0
guinevere,54,0,0
guinevere,31,92,5
guinevere,62,46,31
guinevere,15,11,0
guinevere,7,96,5
guinevere,61,31,0
guinevere,97,0,0
guinevere,16,80,0
guinevere,19,0,0
guinevere,46,32,0
guinevere,4,0,0
guinevere,64,0,0
guinevere,47,24,15
guinevere,50,76,5
guinevere,99,19,16
guinevere,32,41,0
guinevere,81,0,0
guinevere,79,0,0
guinevere,73,0,0
guinevere,70,82,0
guinevere,76,0,0
guinevere,10,0,0
guinevere,26,0,0
guinevere,1,97,0
guinevere,34,15,0
guinevere,67,3,3
guinevere,67,96,52
guinevere,97,0,0
guinevere,9,7,2
guinevere,44,0,0
guinevere,20,52,0
guinevere,42,68,6
guinevere,2,0,0
guinevere,81,0,0
guinevere,5,43,3
guinevere,56,63,8
guinevere,39,45,0
guinevere,19,0,0
guinevere,10,61,2
guinevere,48,0,0
guinevere,70,0,0
guinevere,79,0,0
guinevere,20,75,0
guinevere,18,0,0
guinevere,78,46,0
guinevere,16,0,0
guinevere,47,38,0
guinevere,64,36,0
guinevere,2,5,0
guinevere,97,68,0
guinevere,72,0,0
guinevere,61,0,0
guinevere,13,0,0
guinevere,42,0,0
guinevere,25,21,12
guinevere,81,14,3
guinevere,40,44,0
guinevere,56,0,0
guinevere,20,33,0
guinevere,18,0,0
guinevere,14,63,13
guinevere,16,13,0
guinevere,44,41,0
guinevere,58,48,0
guinevere,11,60,7
guinevere,36,18,12
guinevere,9,58,9
guinevere,62,84,0
guinevere,98,65,30
guinevere,96,82,62
guinevere,35,26,19
guinevere,15,95,14
guinevere,85,60,0
guinevere,55,52,0
guinevere,88,6,0
guinevere,34,36,3
guinevere,78,86,0
guinevere,29,0,0
guinevere,76,39,23
guinevere,6,67,6
guinevere,71,0,0
guinevere,11,30,0
guinevere,51,81,0
guinevere,59,97,0
guinevere,69,0,0
guinevere,52,56,27
guinevere,56,0,0
guinevere,97,0,0
guinevere,7,20,0
guinevere,7,0,0
guinevere,93,0,0
guinevere,63,0,0
guinevere,32,0,0
guinevere,13,81,0
guinevere,38,0,0
guinevere,44,0,0
guinevere,64,0,0
guinevere,82,37,0
guinevere,57,84,0
guinevere,72,0,0
guinevere,44,0,0
guinevere,82,0,0
guinevere,100,50,0
guinevere,59,2,2
guinevere,59,75,50
guinevere,54,40,8
guinevere,30,82,0
guinevere,34,0,0
guinevere,42,93,1
guinevere,14,72,6
guinevere,65,0,0
guinevere,16,94,0
guinevere,10,25,0
guinevere,12,0,0
guinevere,80,26,20
guinevere,43,18,7
guinevere,22,23,7
guinevere,76,39,0
guinevere,15,0,0
guinevere,15,0,0
guinevere,26,27,17
guinevere,77,0,0
guinevere,78,46,0
guinevere,7,56,0
guinevere,21,0,0
guinevere,99,34,0
guinevere,96,77,0
guinevere,58,8,1
guinevere,8,10,0
guinevere,14,99,13
guinevere,98,45,0
guinevere,78,15,0
guinevere,53,69,29
guinevere,28,39,0
guinevere,53,45,0
guinevere,75,0,0
guinevere,9,0,0
guinevere,81,58,18
guinevere,35,80,0
guinevere,11,80,0
guinevere,11,48,0
guinevere,90,0,0
guinevere,98,0,0
guinevere,12,31,3
guinevere,14,0,0
guinevere,26,41,0
guinevere,45,72,0
guinevere,47,94,13
guinevere,100,53,4
guinevere,83,0,0
guinevere,27,42,0
guinevere,90,44,0
guinevere,38,41,0
guinevere,47,73,43
guinevere,100,17,0
guinevere,88,92,0
guinevere,57,60,39
guinevere,63,12,0
guinevere,90,67,0
guinevere,96,59,0
guinevere,88,27,0
guinevere,4,0,0
guinevere,22,32,0
guinevere,45,0,0
guinevere,48,0,0
guinevere,6,52,0
guinevere,33,0,0
guinevere,90,20,0
guinevere,81,70,0
guinevere,65,39,10
guinevere,62,49,17
guinevere,77,0,0
guinevere,57,13,9
guinevere,64,0,0
guinevere,70,91,0
guinevere,41,78,0
guinevere,4,18,2
guinevere,83,16,0
guinevere,29,83,8
guinevere,97,35,0
guinevere,32,25,3
guinevere,52,46,35
guinevere,84,94,0
guinevere,50,70,29
guinevere,71,0,0
guinevere,30,0,0
guinevere,57,51,0
guinevere,88,9,0
guinevere,30,0,0
guinevere,47,22,0
guinevere,41,37,0
guinevere,9,31,0
guinevere,97,81,0
guinevere,44,79,27
guinevere,74,0,0
guinevere,80,73,59
guinevere,87,69,29
guinevere,53,89,0
guinevere,18,0,0
guinevere,31,3,0
guinevere,71,56,0
guinevere,92,0,0
guinevere,12,36,5
guinevere,3,0,0
guinevere,95,44,0
guinevere,18,94,0
guinevere,11,14,9
guinevere,53,1,0
guinevere,50,80,46
guinevere,80,82,33
guinevere,26,88,21
guinevere,83,0,0
guinevere,60,61,0
guinevere,42,21,0
guinevere,73,24,0
guinevere,92,0,0
guinevere,9,45,0
guinevere,49,34,0
guinevere,40,0,0
guinevere,26,81,2
guinevere,21,93,0
guinevere,9,0,0
guinevere,22,21,0
guinevere,88,56,0
guinevere,34,72,0
guinevere,3,93,2
guinevere,64,90,54
guinevere,62,8,0
guinevere,57,78,0
guinevere,26,67,0
guinevere,77,44,0
guinevere,80,0,0
guinevere,91,0,0
guinevere,72,23,17
guinevere,68,74,0
guinevere,26,26,0
guinevere,93,80,8
guinevere,84,0,0
guinevere,86,15,9
guinevere,75,0,0
guinevere,62,100,26
guinevere,61,68,0
guinevere,78,99,6
guinevere,65,16,10
guinevere,95,63,63
guinevere,5,14,4
guinevere,13,0,0
guinevere,58,52,43
guinevere,68,23,15
guinevere,44,24,8
guinevere,97,99,78
guinevere,43,0,0
guinevere,32,0,0
guinevere,7,12,0
guinevere,37,83,0
guinevere,63,74,40
guinevere,59,0,0
guinevere,16,54,12
guinevere,33,0,0
guinevere,4,32,0
guinevere,78,65,0
guinevere,86,53,0
guinevere,17,34,0
guinevere,52,0,0
guinevere,30,0,0
guinevere,40,99,38
guinevere,31,93,0
guinevere,74,66,0
guinevere,33,0,0
guinevere,28,4,0
guinevere,100,0,0
guinevere,28,0,0
guinevere,5,25,4
guinevere,75,85,26
guinevere,72,39,10
guinevere,67,0,0
guinevere,22,0,0
guinevere,58,75,0
guinevere,60,24,2
guinevere,64,90,18
guinevere,11,85,8
guinevere,36,0,0
guinevere,52,0,0
guinevere,72,75,64
guinevere,42,32,0
guinevere,44,53,43
guinevere,77,0,0
guinevere,58,0,0
guinevere,10,82,3
guinevere,96,41,0
guinevere,89,87,0
guinevere,16,46,0
guinevere,94,44,37
guinevere,76,0,0
guinevere,39,29,15
guinevere,29,0,0
guinevere,70,59,42
guinevere,43,96,0
guinevere,96,18,0
guinevere,18,79,6
guinevere,94,84,0
guinevere,17,37,0
guinevere,32,56,8
guinevere,4,65,3
guinevere,22,0,0
guinevere,11,50,0
guinevere,65,32,0
guinevere,96,0,0
guinevere,25,96,0
guinevere,34,0,0
guinevere,46,89,0
guinevere,79,0,0
guinevere,35,2,0
guinevere,84,0,0
guinevere,85,82,0
guinevere,92,45,0
guinevere,78,65,0
guinevere,32,3,2
guinevere,76,59,16
guinevere,13,26,0
guinevere,43,12,0
guinevere,29,30,20
guinevere,72,69,55
guinevere,16,30,0
guinevere,78,24,3
guinevere,22,42,0
guinevere,43,0,0
guinevere,92,0,0
guinevere,64,55,0
guinevere,50,80,42
guinevere,10,56,0
guinevere,15,10,5
guinevere,37,61,5
guinevere,68,54,0
guinevere,62,0,0
guinevere,17,51,0
guinevere,9,77,0
guinevere,97,23,21
guinevere,55,37,0
guinevere,52,42,6
guinevere,66,0,0
guinevere,59,0,0
guinevere,5,75,0
guinevere,42,53,31
guinevere,95,22,0
guinevere,20,74,10
guinevere,93,43,27
guinevere,55,60,0
guinevere,48,55,0
guinevere,4,75,0
guinevere,33,0,0
guinevere,85,0,0
guinevere,72,0,0
guinevere,84,85,11
guinevere,16,11,11
guinevere,87,67,59
guinevere,22,22,22
guinevere,29,44,0
guinevere,12,81,0
guinevere,26,92,0
guinevere,74,26,0
guinevere,72,0,0
guinevere,68,38,0
guinevere,35,0,0
guinevere,1,76,0
guinevere,40,0,0
guinevere,33,41,18
guinevere,6,0,0
guinevere,26,47,1
guinevere,13,57,0
guinevere,93,0,0
guinevere,94,38,5
guinevere,23,67,0
guinevere,11,70,0
guinevere,98,22,0
guinevere,3,0,0
guinevere,91,63,0
guinevere,20,0,0
guinevere,68,0,0
guinevere,5,34,3
guinevere,72,0,0
guinevere,93,83,66
guinevere,89,0,0
guinevere,79,20,0
guinevere,57,68,0
guinevere,52,28,0
guinevere,46,100,0
guinevere,64,0,0
guinevere,32,45,0
guinevere,42,4,0
guinevere,29,0,0
guinevere,26,0,0
guinevere,60,83,0
guinevere,54,42,34
guinevere,15,0,0
guinevere,13,0,0
guinevere,7,40,0
guinevere,44,44,29
guinevere,64,73,0
guinevere,85,0,0
guinevere,35,0,0
guinevere,4,0,0
guinevere,60,22,0
guinevere,2,0,0
guinevere,53,12,0
guinevere,80,56,41
guinevere,2,86,0
guinevere,85,89,76
guinevere,97,0,0
guinevere,42,0,0
guinevere,72,70,52
guinevere,53,37,0
guinevere,35,100,0
guinevere,18,55,7
guinevere,40,83,14
guinevere,19,0,0
guinevere,34,79,0
guinevere,27,0,0
guinevere,2,0,0
guinevere,37,67,0
guinevere,19,29,17
guinevere,65,54,48
guinevere,43,55,21
guinevere,100,92,0
guinevere,96,34,0
guinevere,80,2,0
guinevere,95,36,0
guinevere,97,0,0
guinevere,99,60,0
guinevere,54,22,0
guinevere,73,85,0
guinevere,10,23,0
guinevere,36,0,0
guinevere,21,0,0
guinevere,17,3,0
guinevere,69,27,0
guinevere,49,73,39
guinevere,56,0,0
guinevere,20,95,0
guinevere,24,0,0
guinevere,47,22,0
guinevere,14,87,1
guinevere,66,0,0
guinevere,72,0,0
guinevere,9,0,0
guinevere,3,62,0
guinevere,88,35,0
guinevere,18,65,9
guinevere,38,57,0
guinevere,76,0,0
guinevere,17,12,0
guinevere,25,0,0
guinevere,22,31,17
guinevere,15,50,5
guinevere,83,51,36
guinevere,60,0,0
guinevere,75,0,0
guinevere,100,0,0
guinevere,51,0,0
guinevere,17,59,0
guinevere,13,2,2
guinevere,32,88,0
guinevere,42,47,8
guinevere,81,84,15
guinevere,91,11,10
guinevere,41,0,0
guinevere,88,8,0
guinevere,43,34,0
guinevere,80,25,12
guinevere,20,65,11
guinevere,99,69,3
guinevere,35,0,0
guinevere,24,76,0
guinevere,23,46,0
guinevere,82,0,0
guinevere,13,97,0
guinevere,26,28,0
guinevere,72,23,23
guinevere,100,77,50
guinevere,84,0,0
guinevere,33,0,0
guinevere,87,96,16
guinevere,54,0,0
guinevere,15,76,0
guinevere,43,75,0
guinevere,90,59,0
guinevere,58,0,0
guinevere,4,6,0
guinevere,79,0,0
guinevere,85,46,24
guinevere,48,0,0
guinevere,3,24,0
guinevere,15,0,0
guinevere,17,0,0
guinevere,45,46,0
guinevere,51,22,4
guinevere,6,68,1
guinevere,39,64,0
guinevere,47,41,0
guinevere,59,0,0
guinevere,18,0,0
guinevere,77,0,0
guinevere,10,65,0
guinevere,57,37,0
guinevere,15,92,0
guinevere,39,81,0
guinevere,30,48,28
guinevere,33,55,11
guinevere,99,23,12
guinevere,48,7,6
guinevere,9,18,3
guinevere,93,0,0
guinevere,25,69,3
guinevere,89,0,0
guinevere,75,8,0
guinevere,23,0,0
guinevere,29,0,0
guinevere,49,0,0
guinevere,66,0,0
guinevere,50,77,0
guinevere,86,40,0
guinevere,24,70,16
guinevere,100,74,0
guinevere,7,21,0
guinevere,42,0,0
guinevere,58,12,0
guinevere,11,24,0
guinevere,65,31,0
guinevere,27,1,0
guinevere,38,22,10
guinevere,14,66,0
guinevere,56,94,21
guinevere,79,54,29
guinevere,70,77,46
guinevere,59,38,0
guinevere,70,0,0
guinevere,85,72,0
guinevere,3,36,1
guinevere,94,0,0
guinevere,5,0,0
guinevere,26,0,0
guinevere,22,56,0
guinevere,89,98,0
guinevere,55,90,0
guinevere,45,100,34
guinevere,100,0,0
guinevere,14,0,0
guinevere,25,0,0
guinevere,96,0,0
guinevere,64,93,18
guinevere,18,24,0
guinevere,40,0,0
guinevere,19,60,0
guinevere,48,79,28
guinevere,43,67,40
guinevere,51,0,0
guinevere,55,87,0
guinevere,22,0,0
guinevere,63,0,0
guinevere,46,5,5
guinevere,30,14,0
guinevere,14,76,0
guinevere,95,22,0
guinevere,53,82,7
guinevere,73,59,0
guinevere,69,31,0
guinevere,48,6,0
guinevere,76,0,0
guinevere,11,0,0
guinevere,68,0,0
guinevere,44,0,0
guinevere,93,97,0
guinevere,45,38,24
guinevere,82,54,41
guinevere,7,35,6
guinevere,6,86,6
guinevere,24,89,0
guinevere,19,0,0
guinevere,52,0,0
guinevere,33,82,0
guinevere,47,0,0
guinevere,35,0,0
guinevere,68,71,0
guinevere,61,28,0
guinevere,81,52,2
guinevere,87,81,14
guinevere,53,62,34
guinevere,93,16,0
guinevere,8,70,0
guinevere,19,0,0
guinevere,85,0,0
guinevere,20,51,4
guinevere,41,48,0
guinevere,99,92,0
guinevere,46,0,0
guinevere,28,2,0
guinevere,95,86,0
guinevere,62,35,0
guinevere,79,0,0
guinevere,76,26,14
guinevere,1,0,0
guinevere,7,12,0
guinevere,71,64,0
guinevere,48,0,0
guinevere,88,99,85
guinevere,26,9,7
guinevere,35,67,0
guinevere,89,86,0
guinevere,93,85,0
guinevere,36,0,0
guinevere,59,76,0
guinevere,84,22,7
guinevere,38,0,0
guinevere,71,81,0
guinevere,41,77,0
guinevere,61,14,0
guinevere,7,6,0
guinevere,87,65,0
guinevere,94,0,0
guinevere,45,19,0
guinevere,56,97,0
guinevere,54,86,0
guinevere,26,21,0
guinevere,38,23,0
guinevere,93,67,13
guinevere,73,0,0
guinevere,30,29,0
guinevere,1,0,0
guinevere,15,0,0
guinevere,33,67,0
guinevere,79,79,34
guinevere,73,37,0
guinevere,85,87,0
guinevere,46,6,0
guinevere,21,0,0
guinevere,11,38,0
guinevere,79,0,0
guinevere,21,23,0
guinevere,31,31,6
guinevere,7,89,2
guinevere,82,42,26
guinevere,64,52,0
guinevere,44,32,0
guinevere,54,55,0
guinevere,97,0,0
guinevere,36,0,0
guinevere,27,63,0
guinevere,31,0,0
guinevere,75,79,0
guinevere,51,100,30
guinevere,1,64,1
guinevere,26,0,0
guinevere,87,27,7
guinevere,32,64,0
guinevere,10,0,0
guinevere,88,0,0
guinevere,15,55,0
guinevere,41,97,0
guinevere,18,98,0
guinevere,33,63,29
guinevere,73,11,5
guinevere,62,8,0
guinevere,30,83,18
guinevere,86,7,0
guinevere,7,50,2
guinevere,68,91,32
guinevere,69,37,29
guinevere,86,0,0
guinevere,80,50,0
guinevere,47,28,0
guinevere,40,93,18
guinevere,72,60,0
guinevere,46,90,0
guinevere,76,47,0
guinevere,70,0,0
guinevere,52,34,4
guinevere,41,34,2
guinevere,63,73,0
guinevere,9,45,0
guinevere,92,65,62
guinevere,7,75,0
guinevere,64,0,0
guinevere,19,62,0
guinevere,89,0,0
guinevere,76,0,0
guinevere,4,0,0
guinevere,19,5,0
guinevere,70,63,4
guinevere,86,29,0
guinevere,72,20,12
guinevere,44,0,0
guinevere,70,63,0
guinevere,84,79,0
guinevere,76,47,0
guinevere,22,0,0
guinevere,60,0,0
guinevere,38,95,0
guinevere,67,85,60
guinevere,23,71,0
guinevere,75,46,0
guinevere,58,44,0
guinevere,57,53,0
guinevere,64,0,0
guinevere,37,58,0
guinevere,69,0,0
guinevere,5,0,0
guinevere,43,76,0
guinevere,94,6,2
guinevere,89,89,0
guinevere,72,61,0
guinevere,85,0,0
guinevere,45,11,0
guinevere,30,0,0
guinevere,43,0,0
guinevere,30,84,8
guinevere,19,88,5
guinevere,27,48,0
guinevere,75,89,0
guinevere,55,91,43
guinevere,47,0,0
guinevere,50,73,0
guinevere,50,73,0
guinevere,86,0,0
guinevere,90,10,2
guinevere,63,0,0
guinevere,39,89,0
guinevere,87,0,0
guinevere,25,48,0
guinevere,28,13,0
guinevere,8,8,0
guinevere,31,84,16
guinevere,54,63,0
guinevere,10,0,0
guinevere,85,59,0
guinevere,28,35,26
guinevere,16,94,0
guinevere,11,5,0
guinevere,50,84,48
guinevere,5,86,5
guinevere,68,36,0
guinevere,28,22,18
guinevere,84,13,6
guinevere,27,59,0
guinevere,27,0,0
guinevere,11,0,0
guinevere,62,24,0
guinevere,20,68,0
guinevere,75,72,0
guinevere,5,43,1
guinevere,3,89,2
guinevere,79,59,0
guinevere,67,23,10
guinevere,4,0,0
guinevere,57,6,4
guinevere,23,15,0
guinevere,63,66,0
guinevere,77,86,0
guinevere,73,13,8
guinevere,37,3,1
guinevere,10,21,0
guinevere,64,19,0
guinevere,18,86,13
guinevere,6,0,0
guinevere,54,0,0
guinevere,41,0,0
guinevere,18,60,0
guinevere,82,0,0
guinevere,86,12,0
guinevere,61,0,0
guinevere,57,0,0
guinevere,23,96,3
guinevere,76,41,8
guinevere,75,37,0
guinevere,33,30,0
guinevere,49,84,0
guinevere,27,54,0
guinevere,72,0,0
guinevere,3,2,0
guinevere,14,87,0
guinevere,37,10,0
guinevere,67,0,0
guinevere,60,89,33
guinevere,20,51,0
guinevere,20,62,0
guinevere,48,15,0
guinevere,15,65,0
guinevere,19,19,0
guinevere,73,58,0
guinevere,64,12,0
guinevere,75,39,26
guinevere,37,85,0
guinevere,77,76,0
guinevere,92,99,0
guinevere,94,82,0
guinevere,53,40,0
guinevere,63,78,0
guinevere,32,63,0
guinevere,47,23,0
guinevere,13,26,0
guinevere,61,0,0
guinevere,96,90,0
guinevere,69,47,0
guinevere,16,0,0
guinevere,5,26,0
guinevere,16,96,0
guinevere,44,35,0
guinevere,64,20,3
guinevere,45,34,31
guinevere,24,100,6
guinevere,24,89,0
guinevere,15,77,0
guinevere,78,27,4
guinevere,88,0,0
guinevere,18,12,7
guinevere,39,0,0
guinevere,15,0,0
guinevere,24,0,0
guinevere,18,23,7
guinevere,30,78,0
guinevere,67,71,29
guinevere,62,7,0
guinevere,24,0,0
guinevere,5,9,0
guinevere,22,0,0
guinevere,98,0,0
guinevere,8,62,0
guinevere,82,36,3
guinevere,90,0,0
guinevere,4,0,0
guinevere,20,24,0
guinevere,100,93,0
guinevere,10,0,0
guinevere,83,0,0
guinevere,24,0,0
guinevere,74,47,0
guinevere,53,13,7
guinevere,69,15,2
guinevere,13,0,0
guinevere,44,80,38
guinevere,35,40,0
guinevere,100,0,0
guinevere,81,5,1
guinevere,84,56,5
guinevere,82,1,1
guinevere,34,0,0
guinevere,86,0,0
guinevere,17,20,0
guinevere,38,23,19
guinevere,54,0,0
guinevere,34,84,0
guinevere,95,89,20
guinevere,3,24,0
guinevere,46,38,0
guinevere,52,53,0
guinevere,30,29,21
guinevere,28,18,18
guinevere,28,64,10
guinevere,80,94,0
guinevere,16,14,6
guinevere,85,14,0
guinevere,27,89,0
guinevere,98,0,0
guinevere,32,0,0
guinevere,64,79,0
guinevere,45,0,0
guinevere,91,0,0
guinevere,30,2,2
guinevere,71,0,0
guinevere,57,0,0
guinevere,3,14,3
guinevere,33,0,0
guinevere,95,67,22
guinevere,33,18,0
guinevere,56,73,0
guinevere,70,66,0
guinevere,74,0,0
guinevere,94,24,0
guinevere,4,29,0
guinevere,43,82,21
guinevere,71,0,0
guinevere,37,56,0
guinevere,74,0,0
guinevere,99,0,0
guinevere,21,88,5
guinevere,4,62,1
guinevere,49,0,0
guinevere,56,10,0
guinevere,81,0,0
guinevere,28,0,0
guinevere,80,0,0
guinevere,49,0,0
guinevere,59,6,0
guinevere,76,98,4
guinevere,27,20,0
guinevere,10,0,0
guinevere,11,82,0
guinevere,55,0,0
guinevere,89,8,4
guinevere,46,0,0
guinevere,85,82,0
guinevere,27,87,21
guinevere,20,0,0
guinevere,93,72,0
guinevere,21,0,0
guinevere,1,67,1
guinevere,44,96,0
guinevere,67,64,36
guinevere,91,0,0
guinevere,97,0,0
guinevere,15,0,0
guinevere,39,0,0
guinevere,23,0,0
guinevere,62,13,2
guinevere,13,0,0
guinevere,55,6,2
guinevere,1,67,1
guinevere,77,88,75
guinevere,18,50,0
guinevere,3,21,1
guinevere,43,36,0
guinevere,54,45,38
guinevere,28,0,0
guinevere,32,62,18
guinevere,48,68,0
guinevere,33,0,0
guinevere,48,60,0
guinevere,41,68,0
guinevere,21,8,0
guinevere,74,0,0
guinevere,5,90,0
guinevere,40,75,0
guinevere,44,18,8
guinevere,60,42,0
guinevere,18,51,0
guinevere,89,4,0
guinevere,41,58,0
guinevere,74,100,8
guinevere,70,0,0
guinevere,81,98,0
guinevere,42,0,0
guinevere,52,58,29
guinevere,14,95,12
guinevere,56,0,0
guinevere,24,25,0
guinevere,7,59,4
guinevere,59,65,3
guinevere,48,0,0
guinevere,6,66,5
guinevere,42,48,0
guinevere,92,53,0
guinevere,79,65,0
guinevere,68,0,0
guinevere,22,63,11
guinevere,21,0,0
guinevere,59,60,0
guinevere,100,0,0
guinevere,2,0,0
guinevere,8,26,0
guinevere,84,0,0
guinevere,53,0,0
guinevere,64,60,0
guinevere,41,65,24
guinevere,85,20,0
guinevere,27,0,0
guinevere,20,47,13
guinevere,25,93,0
guinevere,68,37,0
guinevere,37,60,23
guinevere,81,94,0
guinevere,82,0,0
guinevere,95,95,10
guinevere,85,8,0
guinevere,81,0,0
guinevere,78,0,0
guinevere,88,61,10
guinevere,87,3,0
guinevere,52,17,8
guinevere,24,71,3
guinevere,17,72,0
guinevere,2,12,0
guinevere,33,99,0
guinevere,8,98,5
guinevere,68,0,0
guinevere,74,0,0
guinevere,52,37,0
guinevere,84,91,0
guinevere,70,0,0
guinevere,16,100,0
guinevere,97,42,0
guinevere,86,77,19
guinevere,99,20,0
guinevere,75,53,0
guinevere,54,0,0
guinevere,67,19,0
guinevere,9,0,0
guinevere,20,89,11
guinevere,15,0,0
guinevere,40,45,0
guinevere,76,35,29
guinevere,40,32,0
guinevere,80,78,0
guinevere,33,43,16
guinevere,7,93,0
guinevere,2,21,0
guinevere,14,0,0
guinevere,10,18,0
guinevere,32,40,0
guinevere,40,38,0
guinevere,49,10,0
guinevere,95,0,0
guinevere,22,68,0
guinevere,36,15,0
guinevere,15,35,7
guinevere,13,62,1
guinevere,56,18,0
guinevere,74,50,44
guinevere,29,49,0
guinevere,65,14,8
guinevere,71,28,16
guinevere,15,0,0
guinevere,17,21,17
guinevere,19,84,10
guinevere,19,43,18
guinevere,37,58,37
guinevere,65,0,0
guinevere,61,74,45
guinevere,13,77,0
guinevere,91,0,0
guinevere,74,55,0
guinevere,98,32,19
guinevere,9,35,3
guinevere,50,0,0
guinevere,72,73,0
guinevere,57,100,52
guinevere,69,78,0
guinevere,37,0,0
guinevere,20,0,0
guinevere,90,85,0
guinevere,34,56,0
guinevere,27,72,0
guinevere,87,4,0
guinevere,15,0,0
guinevere,37,70,0
guinevere,66,0,0
guinevere,85,20,6
guinevere,25,28,0
guinevere,92,0,0
guinevere,89,0,0
guinevere,17,0,0
guinevere,68,77,0
guinevere,56,66,35
guinevere,17,85,0
guinevere,98,37,35
guinevere,46,10,0
guinevere,34,0,0
guinevere,64,0,0
guinevere,95,0,0
guinevere,30,0,0
guinevere,98,60,0
guinevere,29,11,0
guinevere,39,40,0
guinevere,57,19,8
guinevere,40,7,0
guinevere,17,0,0
guinevere,67,31,0
guinevere,83,0,0
guinevere,12,74,12
guinevere,47,45,0
guinevere,42,0,0
guinevere,92,93,0
guinevere,60,10,0
guinevere,98,0,0
guinevere,85,0,0
guinevere,48,89,0
guinevere,7,0,0
guinevere,34,0,0
guinevere,84,86,70
guinevere,36,71,6
guinevere,36,0,0
guinevere,51,0,0
guinevere,9,0,0
guinevere,83,0,0
guinevere,13,6,2
guinevere,21,5,0
guinevere,30,83,0
guinevere,98,0,0
guinevere,67,98,0
guinevere,40,55,0
guinevere,92,0,0
guinevere,39,9,0
guinevere,2,3,1
guinevere,75,50,34
guinevere,73,1,0
guinevere,23,28,0
guinevere,92,53,0
guinevere,25,0,0
guinevere,47,0,0
guinevere,65,73,0
guinevere,68,85,0
guinevere,16,0,0
guinevere,24,95,22
guinevere,23,0,0
guinevere,55,64,1
guinevere,40,87,0
guinevere,30,97,25
guinevere,77,28,0
guinevere,19,0,0
guinevere,91,9,0
guinevere,71,52,7
guinevere,76,56,0
guinevere,6,78,0
guinevere,4,34,4
guinevere,39,60,0
guinevere,23,24,0
guinevere,35,36,25
guinevere,28,21,21
guinevere,53,13,5
guinevere,82,35,0
guinevere,91,3,0
guinevere,44,0,0
guinevere,27,88,10
guinevere,37,76,35
guinevere,33,78,29
guinevere,53,82,0
guinevere,91,4,4
guinevere,53,0,0
guinevere,86,33,0
guinevere,51,0,0
guinevere,59,0,0
guinevere,86,70,1
guinevere,67,58,22
guinevere,14,85,9
guinevere,3,54,0
guinevere,100,25,0
guinevere,57,24,16
guinevere,28,0,0
guinevere,66,48,0
guinevere,80,0,0
guinevere,66,0,0
guinevere,88,62,22
guinevere,35,42,0
guinevere,33,0,0
guinevere,52,0,0
guinevere,93,75,0
guinevere,44,31,0
guinevere,48,83,0
guinevere,48,0,0
guinevere,15,82,7
guinevere,37,0,0
guinevere,45,0,0
guinevere,57,0,0
guinevere,17,22,0
guinevere,26,0,0
guinevere,36,83,0
guinevere,53,0,0
guinevere,32,20,13
guinevere,49,79,0
guinevere,22,54,4
guinevere,88,0,0
guinevere,62,3,0
guinevere,10,0,0
guinevere,1,0,0
guinevere,89,0,0
guinevere,23,0,0
guinevere,90,100,0
guinevere,55,44,0
guinevere,16,3,1
guinevere,18,63,15
guinevere,65,83,40
guinevere,35,22,0
guinevere,65,75,15
guinevere,37,0,0
guinevere,79,0,0
guinevere,52,88,0
guinevere,45,0,0
guinevere,58,23,1
guinevere,56,6,1
guinevere,19,2,0
guinevere,7,0,0
guinevere,70,61,0
guinevere,15,42,3
guinevere,58,70,19
guinevere,75,0,0
guinevere,10,16,0
guinevere,21,13,0
guinevere,76,94,55
guinevere,70,0,0
guinevere,32,39,9
guinevere,34,53,0
guinevere,42,80,0
guinevere,31,90,0
guinevere,77,13,0
guinevere,24,0,0
guinevere,95,11,0
guinevere,22,69,0
guinevere,78,38,0
guinevere,90,64,19
guinevere,26,85,8
guinevere,34,4,0
guinevere,58,21,0
guinevere,3,30,0
guinevere,3,39,3
guinevere,74,100,0
guinevere,14,92,5
guinevere,48,0,0
guinevere,99,42,32
guinevere,47,0,0
guinevere,63,60,32
guinevere,5,62,0
guinevere,43,73,0
guinevere,13,98,0
guinevere,75,0,0
guinevere,75,22,9
guinevere,26,70,22
guinevere,21,0,0
guinevere,81,65,0
guinevere,10,47,8
guinevere,98,99,55
guinevere,13,91,0
guinevere,40,15,11
guinevere,65,48,0
guinevere,31,88,0
guinevere,58,11,11
guinevere,26,49,0
guinevere,38,83,0
guinevere,21,21,11
guinevere,96,0,0
guinevere,14,41,12
guinevere,76,83,0
guinevere,31,83,0
guinevere,55,7,0
guinevere,21,27,16
guinevere,11,0,0
guinevere,22,41,0
guinevere,38,51,8
guinevere,72,21,0
guinevere,70,0,0
guinevere,81,65,0
guinevere,53,0,0
guinevere,35,14,0
guinevere,97,1,0
guinevere,81,0,0
guinevere,65,0,0
guinevere,56,0,0
guinevere,10,26,1
guinevere,18,83,12
guinevere,67,0,0
guinevere,56,94,0
guinevere,34,0,0
guinevere,92,0,0
guinevere,97,82,0
guinevere,85,0,0
guinevere,83,32,20
guinevere,2,0,0
guinevere,30,10,1
guinevere,18,0,0
guinevere,76,79,0
guinevere,64,85,0
guinevere,93,96,35
guinevere,22,96,2
guinevere,83,87,0
guinevere,58,58,12
guinevere,98,0,0
guinevere,57,57,0
guinevere,46,43,0
guinevere,59,0,0
guinevere,52,99,31
guinevere,80,31,0
guinevere,10,67,0
guinevere,79,0,0
guinevere,43,0,0
guinevere,15,0,0
guinevere,75,0,0
guinevere,84,0,0
guinevere,87,0,0
guinevere,25,36,8
guinevere,66,0,0
guinevere,14,67,0
guinevere,100,0,0
guinevere,57,3,0
guinevere,59,0,0
guinevere,48,51,30
guinevere,91,71,0
guinevere,2,74,2
guinevere,90,86,37
guinevere,42,69,0
guinevere,79,30,0
guinevere,1,44,0
guinevere,26,48,9
guinevere,80,0,0
guinevere,5,47,0
guinevere,15,0,0
guinevere,22,0,0
guinevere,83,0,0
guinevere,31,91,0
guinevere,90,10,9
guinevere,43,3,1
guinevere,15,0,0
guinevere,49,0,0
guinevere,65,82,0
guinevere,98,0,0
guinevere,86,0,0
guinevere,82,2,2
guinevere,25,78,0
guinevere,12,0,0
guinevere,34,20,0
guinevere,39,66,0
guinevere,73,0,0
guinevere,77,96,24
guinevere,17,0,0
guinevere,63,48,0
guinevere,54,70,22
guinevere,32,48,24
guinevere,87,21,7
guinevere,60,0,0
guinevere,20,36,0
guinevere,11,52,9
guinevere,68,0,0
guinevere,94,0,0
guinevere,47,25,0
guinevere,64,71,0
guinevere,98,23,12
guinevere,53,44,0
guinevere,65,28,21
guinevere,33,0,0
guinevere,51,0,0
guinevere,71,65,53
guinevere,90,52,0
guinevere,34,0,0
guinevere,58,0,0
guinevere,52,0,0
guinevere,86,43,0
guinevere,84,84,65
guinevere,29,61,0
guinevere,23,31,0
guinevere,84,21,0
guinevere,19,55,9
guinevere,43,93,0
guinevere,99,12,0
guinevere,6,0,0
guinevere,29,0,0
guinevere,37,89,35
guinevere,52,38,0
guinevere,1,71,0
guinevere,1,9,1
guinevere,7,50,4
guinevere,65,34,0
guinevere,42,99,0
guinevere,52,0,0
guinevere,41,25,18
guinevere,92,0,0
guinevere,82,80,14
guinevere,60,0,0
guinevere,36,0,0
guinevere,53,0,0
