Farmer_Name,Dimension 1,Dimension 2,Dimension 3
LANCELOT,77,17,0
LANCELOT,84,45,0
LANCELOT,30,0,0
LANCELOT,60,1,0
LANCELOT,69,99,0
LANCELOT,73,0,0
LANCELOT,65,76,0
LANCELOT,52,71,0
LANCELOT,27,26,0
LANCELOT,2,0,0
LANCELOT,44,99,0
LANCELOT,86,0,0
LANCELOT,74,66,0
LANCELOT,34,0,0
LANCELOT,88,0,0
LANCELOT,1,47,0
LANCELOT,57,0,0
LANCELOT,8,8,6
LANCELOT,72,48,0
LANCELOT,75,0,0
LANCELOT,86,9,0
LANCELOT,36,0,0
LANCELOT,48,85,47
LANCELOT,90,33,27
LANCELOT,45,31,6
LANCELOT,73,0,0
LANCELOT,83,58,28
LANCELOT,49,48,0
LANCELOT,12,21,2
LANCELOT,24,6,0
LANCELOT,34,60,0
LANCELOT,12,0,0
LANCELOT,1,0,0
LANCELOT,30,0,0
LANCELOT,81,50,0
LANCELOT,34,48,0
LANCELOT,45,2,1
LANCELOT,37,0,0
LANCELOT,47,0,0
LANCELOT,7,80,0
LANCELOT,14,0,0
LANCELOT,62,0,0
LANCELOT,60,7,0
LANCELOT,66,0,0
LANCELOT,81,41,36
LANCELOT,86,92,45
LANCELOT,77,0,0
LANCELOT,56,23,0
LANCELOT,25,60,18
LANCELOT,53,29,19
LANCELOT,25,0,0
LANCELOT,85,68,0
LANCELOT,67,75,43
LANCELOT,58,51,3
LANCELOT,25,0,0
LANCELOT,67,53,0
LANCELOT,83,0,0
LANCELOT,66,68,0
LANCELOT,31,83,0
LANCELOT,22,35,0
LANCELOT,14,0,0
LANCELOT,26,0,0
LANCELOT,76,32,0
LANCELOT,81,8,4
LANCELOT,43,0,0
LANCELOT,65,32,0
LANCELOT,55,0,0
LANCELOT,72,13,0
LANCELOT,47,3,0
LANCELOT,11,9,7
LANCELOT,23,11,8
LANCELOT,82,8,4
LANCELOT,51,0,0
LANCELOT,73,26,0
LANCELOT,11,67,0
LANCELOT,42,17,0
LANCELOT,19,0,0
LANCELOT,95,0,0
LANCELOT,88,78,58
LANCELOT,90,22,0
LANCELOT,50,79,0
LANCELOT,36,13,9
LANCELOT,93,76,68
LANCELOT,25,92,0
LANCELOT,99,46,0
LANCELOT,82,47,20
LANCELOT,88,83,0
LANCELOT,85,0,0
LANCELOT,81,46,11
LANCELOT,76,81,0
LANCELOT,38,26,0
LANCELOT,92,42,9
LANCELOT,67,0,0
LANCELOT,29,54,0
LANCELOT,67,71,46
LANCELOT,26,66,0
LANCELOT,89,46,41
LANCELOT,39,62,0
LANCELOT,49,52,13
LANCELOT,57,49,0
LANCELOT,38,62,28
LANCELOT,36,94,4
LANCELOT,100,50,0
LANCELOT,99,4,4
LANCELOT,39,0,0
LANCELOT,33,64,14
LANCELOT,84,0,0
LANCELOT,93,0,0
LANCELOT,4,0,0
LANCELOT,63,94,8
LANCELOT,29,83,18
LANCELOT,1,0,0
LANCELOT,95,0,0
LANCELOT,27,0,0
LANCELOT,73,90,2
LANCELOT,9,49,0
LANCELOT,99,8,0
LANCELOT,97,29,0
LANCELOT,97,0,0
LANCELOT,11,0,0
LANCELOT,86,26,0
LANCELOT,18,28,7
LANCELOT,30,65,0
LANCELOT,22,0,0
LANCELOT,47,9,0
LANCELOT,46,85,0
LANCELOT,94,0,0
LANCELOT,75,49,19
LANCELOT,40,41,0
LANCELOT,5,0,0
LANCELOT,38,72,14
LANCELOT,45,0,0
LANCELOT,90,99,24
LANCELOT,76,85,0
LANCELOT,11,0,0
LANCELOT,59,66,0
LANCELOT,26,0,0
LANCELOT,40,0,0
LANCELOT,77,2,0
LANCELOT,11,0,0
LANCELOT,71,42,24
LANCELOT,1,91,0
LANCELOT,35,4,0
LANCELOT,69,0,0
LANCELOT,90,0,0
LANCELOT,50,21,0
LANCELOT,13,100,8
LANCELOT,90,0,0
LANCELOT,31,89,24
LANCELOT,33,66,29
LANCELOT,53,26,0
LANCELOT,30,63,0
LANCELOT,93,32,0
LANCELOT,73,42,0
LANCELOT,1,12,1
LANCELOT,11,23,10
LANCELOT,77,60,19
LANCELOT,75,9,5
LANCELOT,76,0,0
LANCELOT,75,73,0
LANCELOT,64,60,0
LANCELOT,13,0,0
LANCELOT,55,19,11
LANCELOT,22,22,22
LANCELOT,82,5,0
LANCELOT,76,0,0
LANCELOT,17,14,0
LANCELOT,84,30,0
LANCELOT,89,0,0
LANCELOT,59,63,44
LANCELOT,36,18,0
LANCELOT,63,8,1
LANCELOT,47,0,0
LANCELOT,15,58,0
LANCELOT,3,4,0
LANCELOT,77,29,0
LANCELOT,47,0,0
LANCELOT,24,16,0
LANCELOT,65,0,0
LANCELOT,18,0,0
LANCELOT,94,10,0
LANCELOT,25,0,0
LANCELOT,87,70,33
LANCELOT,46,44,35
LANCELOT,62,95,54
LANCELOT,47,0,0
LANCELOT,74,30,0
LANCELOT,3,0,0
LANCELOT,11,16,0
LANCELOT,39,68,26
LANCELOT,34,0,0
LANCELOT,36,75,23
LANCELOT,90,76,0
LANCELOT,29,0,0
LANCELOT,96,0,0
LANCELOT,96,9,0
LANCELOT,59,97,0
LANCELOT,71,88,0
LANCELOT,95,56,53
LANCELOT,6,0,0
LANCELOT,30,64,0
LANCELOT,45,53,0
LANCELOT,63,0,0
LANCELOT,6,80,0
LANCELOT,6,12,5
LANCELOT,80,75,39
LANCELOT,15,59,0
LANCELOT,44,84,32
LANCELOT,62,0,0
LANCELOT,80,0,0
LANCELOT,44,0,0
LANCELOT,64,0,0
LANCELOT,1,32,0
LANCELOT,51,0,0
LANCELOT,36,0,0
LANCELOT,84,67,0
LANCELOT,88,84,0
LANCELOT,52,88,0
LANCELOT,10,6,0
LANCELOT,41,62,0
LANCELOT,39,23,20
LANCELOT,58,0,0
LANCELOT,48,0,0
LANCELOT,59,0,0
LANCELOT,33,12,0
LANCELOT,29,18,3
LANCELOT,83,37,0
LANCELOT,48,88,47
LANCELOT,72,0,0
LANCELOT,62,74,28
LANCELOT,5,0,0
LANCELOT,43,0,0
LANCELOT,42,0,0
LANCELOT,72,0,0
LANCELOT,58,15,1
LANCELOT,33,65,0
LANCELOT,93,75,0
LANCELOT,93,0,0
LANCELOT,60,56,0
LANCELOT,23,68,0
LANCELOT,5,84,5
LANCELOT,96,10,0
LANCELOT,25,0,0
LANCELOT,41,0,0
LANCELOT,15,94,3
LANCELOT,45,0,0
LANCELOT,45,61,0
LANCELOT,5,68,0
LANCELOT,61,24,1
LANCELOT,53,21,12
LANCELOT,18,93,0
LANCELOT,24,55,7
LANCELOT,65,28,0
LANCELOT,7,22,1
LANCELOT,44,39,31
LANCELOT,74,0,0
LANCELOT,50,46,0
LANCELOT,64,36,22
LANCELOT,30,0,0
LANCELOT,57,14,0
LANCELOT,50,35,0
LANCELOT,38,17,0
LANCELOT,1,84,0
LANCELOT,69,30,11
LANCELOT,6,0,0
LANCELOT,25,0,0
LANCELOT,39,0,0
LANCELOT,62,0,0
LANCELOT,41,34,12
LANCELOT,16,0,0
LANCELOT,92,0,0
LANCELOT,28,31,0
LANCELOT,37,59,23
LANCELOT,52,55,4
LANCELOT,4,43,3
LANCELOT,46,0,0
LANCELOT,40,81,1
LANCELOT,98,52,0
LANCELOT,1,2,1
LANCELOT,63,51,4
LANCELOT,46,59,0
LANCELOT,64,32,19
LANCELOT,73,42,0
LANCELOT,1,10,0
LANCELOT,22,31,12
LANCELOT,11,71,0
LANCELOT,32,17,11
LANCELOT,72,91,66
LANCELOT,95,4,0
LANCELOT,2,84,0
LANCELOT,19,77,6
LANCELOT,88,67,16
LANCELOT,83,89,0
LANCELOT,66,26,8
LANCELOT,22,71,18
LANCELOT,63,94,7
LANCELOT,56,65,0
LANCELOT,23,62,0
LANCELOT,1,0,0
LANCELOT,79,0,0
LANCELOT,94,0,0
LANCELOT,39,3,3
LANCELOT,40,4,0
LANCELOT,45,0,0
LANCELOT,11,81,0
LANCELOT,34,30,0
LANCELOT,73,89,33
LANCELOT,85,0,0
LANCELOT,97,48,0
LANCELOT,67,61,47
LANCELOT,16,77,0
LANCELOT,20,0,0
LANCELOT,20,0,0
LANCELOT,92,18,0
LANCELOT,27,0,0
LANCELOT,36,0,0
LANCELOT,57,38,0
LANCELOT,20,67,10
LANCELOT,24,12,11
LANCELOT,45,90,0
LANCELOT,18,0,0
LANCELOT,36,77,0
LANCELOT,19,71,6
LANCELOT,51,41,33
LANCELOT,66,29,13
LANCELOT,46,69,23
LANCELOT,59,99,0
LANCELOT,10,6,5
LANCELOT,73,61,11
LANCELOT,65,64,0
LANCELOT,70,34,1
LANCELOT,86,63,0
LANCELOT,55,81,0
LANCELOT,51,49,0
LANCELOT,56,46,0
LANCELOT,53,0,0
LANCELOT,99,0,0
LANCELOT,51,0,0
LANCELOT,48,100,43
LANCELOT,36,76,31
LANCELOT,16,0,0
LANCELOT,21,78,0
LANCELOT,29,72,4
LANCELOT,38,0,0
LANCELOT,88,0,0
LANCELOT,96,99,23
LANCELOT,79,90,26
LANCELOT,91,13,0
LANCELOT,95,4,4
LANCELOT,75,0,0
LANCELOT,24,22,20
LANCELOT,27,86,0
LANCELOT,33,44,26
LANCELOT,95,83,0
LANCELOT,98,92,0
LANCELOT,15,0,0
LANCELOT,32,82,0
LANCELOT,81,11,0
LANCELOT,88,0,0
LANCELOT,49,0,0
LANCELOT,98,72,0
LANCELOT,54,0,0
LANCELOT,93,0,0
LANCELOT,26,37,0
LANCELOT,23,38,17
LANCELOT,40,60,0
LANCELOT,94,54,0
LANCELOT,3,41,0
LANCELOT,16,81,0
LANCELOT,52,55,0
LANCELOT,9,44,0
LANCELOT,95,54,35
LANCELOT,30,48,19
LANCELOT,79,61,36
LANCELOT,42,9,7
LANCELOT,46,19,11
LANCELOT,91,0,0
LANCELOT,98,27,0
LANCELOT,23,55,0
LANCELOT,34,62,0
LANCELOT,76,0,0
LANCELOT,72,0,0
LANCELOT,81,82,16
LANCELOT,23,40,0
LANCELOT,31,71,0
LANCELOT,82,1,1
LANCELOT,86,70,0
LANCELOT,67,49,0
LANCELOT,47,0,0
LANCELOT,61,0,0
LANCELOT,17,13,0
LANCELOT,95,48,42
LANCELOT,94,42,0
LANCELOT,74,15,13
LANCELOT,28,78,0
LANCELOT,16,63,11
LANCELOT,23,49,0
LANCELOT,18,84,0
LANCELOT,77,46,0
LANCELOT,37,73,16
LANCELOT,87,66,0
LANCELOT,99,45,8
LANCELOT,92,99,0
LANCELOT,83,62,0
LANCELOT,71,97,0
LANCELOT,69,83,22
LANCELOT,20,86,7
LANCELOT,82,0,0
LANCELOT,100,0,0
LANCELOT,27,89,0
LANCELOT,84,69,41
LANCELOT,63,0,0
LANCELOT,80,92,14
LANCELOT,9,97,2
LANCELOT,88,0,0
LANCELOT,94,70,0
LANCELOT,54,28,0
LANCELOT,5,0,0
LANCELOT,55,82,0
LANCELOT,67,1,1
LANCELOT,13,34,11
LANCELOT,52,27,0
LANCELOT,38,55,0
LANCELOT,5,36,0
LANCELOT,86,0,0
LANCELOT,72,19,0
LANCELOT,75,84,0
LANCELOT,22,58,0
LANCELOT,28,87,0
LANCELOT,62,33,0
LANCELOT,34,45,0
LANCELOT,81,22,0
LANCELOT,51,81,34
LANCELOT,63,12,4
LANCELOT,18,50,8
LANCELOT,80,15,9
LANCELOT,57,63,42
LANCELOT,18,17,0
LANCELOT,11,99,5
LANCELOT,7,0,0
LANCELOT,97,43,6
LANCELOT,30,4,1
LANCELOT,82,62,24
LANCELOT,1,25,1
LANCELOT,47,9,8
LANCELOT,6,0,0
LANCELOT,10,0,0
LANCELOT,30,87,12
LANCELOT,79,0,0
LANCELOT,82,5,0
LANCELOT,83,43,16
LANCELOT,6,0,0
LANCELOT,3,83,3
LANCELOT,52,0,0
LANCELOT,4,0,0
LANCELOT,48,58,0
LANCELOT,89,13,0
LANCELOT,54,0,0
LANCELOT,28,0,0
LANCELOT,55,32,15
LANCELOT,66,41,0
LANCELOT,13,93,0
LANCELOT,48,22,0
LANCELOT,77,38,0
LANCELOT,57,20,1
LANCELOT,28,82,15
LANCELOT,82,63,0
LANCELOT,11,33,1
LANCELOT,23,0,0
LANCELOT,47,35,0
LANCELOT,3,59,1
LANCELOT,17,55,0
LANCELOT,39,46,11
LANCELOT,88,94,0
LANCELOT,2,6,0
LANCELOT,90,32,0
LANCELOT,14,13,0
LANCELOT,5,14,3
LANCELOT,75,0,0
LANCELOT,66,0,0
LANCELOT,22,0,0
LANCELOT,81,14,0
LANCELOT,46,87,0
LANCELOT,21,0,0
LANCELOT,73,38,24
LANCELOT,21,0,0
LANCELOT,34,11,6
LANCELOT,64,84,0
LANCELOT,89,1,1
LANCELOT,37,0,0
LANCELOT,76,0,0
LANCELOT,61,25,1
LANCELOT,100,48,0
LANCELOT,52,0,0
LANCELOT,100,80,0
LANCELOT,9,76,0
LANCELOT,72,43,0
LANCELOT,60,16,0
LANCELOT,94,58,0
LANCELOT,15,41,5
LANCELOT,18,21,13
LANCELOT,46,23,0
LANCELOT,30,8,7
LANCELOT,6,0,0
LANCELOT,72,39,10
LANCELOT,59,30,0
LANCELOT,94,0,0
LANCELOT,36,0,0
LANCELOT,42,0,0
LANCELOT,18,3,1
LANCELOT,29,32,0
LANCELOT,35,8,0
LANCELOT,89,6,0
LANCELOT,34,0,0
LANCELOT,74,57,0
LANCELOT,63,52,0
LANCELOT,94,0,0
LANCELOT,40,0,0
LANCELOT,84,50,31
LANCELOT,100,13,10
LANCELOT,96,97,0
LANCELOT,27,0,0
LANCELOT,29,80,20
LANCELOT,87,73,71
LANCELOT,98,34,0
LANCELOT,9,39,6
LANCELOT,62,32,0
LANCELOT,37,68,0
LANCELOT,42,0,0
LANCELOT,33,85,0
LANCELOT,98,0,0
LANCELOT,11,0,0
LANCELOT,62,63,0
LANCELOT,71,7,0
LANCELOT,18,37,0
LANCELOT,65,0,0
LANCELOT,66,77,0
LANCELOT,95,38,0
LANCELOT,76,59,0
LANCELOT,19,0,0
LANCELOT,84,0,0
LANCELOT,84,4,2
LANCELOT,92,60,47
LANCELOT,92,35,0
LANCELOT,93,77,13
LANCELOT,92,28,10
LANCELOT,10,28,0
LANCELOT,4,79,3
LANCELOT,5,36,0
LANCELOT,82,43,4
LANCELOT,11,41,5
LANCELOT,75,25,0
LANCELOT,78,94,0
LANCELOT,51,38,0
LANCELOT,72,36,0
LANCELOT,87,52,6
LANCELOT,48,93,0
LANCELOT,61,40,2
LANCELOT,64,0,0
LANCELOT,97,0,0
LANCELOT,76,0,0
LANCELOT,38,0,0
LANCELOT,82,12,5
LANCELOT,91,98,0
LANCELOT,89,0,0
LANCELOT,3,55,0
LANCELOT,85,26,14
LANCELOT,98,0,0
LANCELOT,94,90,0
LANCELOT,72,47,0
LANCELOT,65,0,0
LANCELOT,84,80,0
LANCELOT,35,89,0
LANCELOT,29,95,28
LANCELOT,98,30,0
LANCELOT,71,77,52
LANCELOT,41,77,4
LANCELOT,94,36,0
LANCELOT,66,32,0
LANCELOT,30,0,0
LANCELOT,84,33,0
LANCELOT,29,50,0
LANCELOT,77,13,0
LANCELOT,88,37,0
LANCELOT,52,65,15
LANCELOT,76,96,63
LANCELOT,83,8,4
LANCELOT,41,0,0
LANCELOT,21,20,12
LANCELOT,27,63,21
LANCELOT,30,90,6
LANCELOT,20,86,7
LANCELOT,94,0,0
LANCELOT,95,47,19
LANCELOT,6,0,0
LANCELOT,72,0,0
LANCELOT,28,89,13
LANCELOT,40,0,0
LANCELOT,28,100,0
LANCELOT,9,47,1
LANCELOT,37,21,0
LANCELOT,45,58,25
LANCELOT,89,32,0
LANCELOT,52,0,0
LANCELOT,1,24,1
LANCELOT,77,0,0
LANCELOT,4,22,4
LANCELOT,19,0,0
LANCELOT,81,59,57
LANCELOT,11,0,0
LANCELOT,74,22,8
LANCELOT,7,0,0
LANCELOT,4,0,0
LANCELOT,74,61,10
LANCELOT,94,88,40
LANCELOT,55,29,0
LANCELOT,94,13,13
LANCELOT,97,0,0
LANCELOT,27,49,0
LANCELOT,21,38,0
LANCELOT,91,54,21
LANCELOT,51,9,3
LANCELOT,89,0,0
LANCELOT,64,39,0
LANCELOT,50,39,0
LANCELOT,4,0,0
LANCELOT,51,0,0
LANCELOT,38,99,0
LANCELOT,38,0,0
LANCELOT,94,74,0
LANCELOT,47,6,0
LANCELOT,82,0,0
LANCELOT,93,0,0
LANCELOT,89,26,17
LANCELOT,61,88,45
LANCELOT,81,0,0
LANCELOT,68,48,35
LANCELOT,71,0,0
LANCELOT,24,91,0
LANCELOT,61,40,0
LANCELOT,29,10,10
LANCELOT,39,94,0
LANCELOT,18,28,0
LANCELOT,88,76,55
LANCELOT,82,0,0
LANCELOT,61,88,51
LANCELOT,35,74,0
LANCELOT,27,0,0
LANCELOT,2,45,0
LANCELOT,60,73,0
LANCELOT,61,99,0
LANCELOT,87,0,0
LANCELOT,18,23,7
LANCELOT,67,75,0
LANCELOT,25,96,0
LANCELOT,45,85,0
LANCELOT,38,79,0
LANCELOT,80,0,0
LANCELOT,29,29,0
LANCELOT,100,0,0
LANCELOT,96,0,0
LANCELOT,95,0,0
LANCELOT,66,67,22
LANCELOT,59,0,0
LANCELOT,46,3,0
LANCELOT,3,68,0
LANCELOT,6,8,3
LANCELOT,5,86,3
LANCELOT,38,7,5
LANCELOT,34,80,1
LANCELOT,97,0,0
LANCELOT,20,0,0
LANCELOT,54,0,0
LANCELOT,7,37,0
LANCELOT,44,0,0
LANCELOT,43,71,9
LANCELOT,15,0,0
LANCELOT,1,26,1
LANCELOT,95,0,0
LANCELOT,10,43,0
LANCELOT,85,0,0
LANCELOT,24,24,0
LANCELOT,59,40,0
LANCELOT,11,57,6
LANCELOT,77,85,41
LANCELOT,82,14,0
LANCELOT,69,0,0
LANCELOT,62,0,0
LANCELOT,53,64,0
LANCELOT,85,42,17
LANCELOT,55,36,0
LANCELOT,29,78,7
LANCELOT,1,3,1
LANCELOT,39,0,0
LANCELOT,4,59,4
LANCELOT,62,44,0
LANCELOT,85,40,40
LANCELOT,42,72,29
LANCELOT,37,24,0
LANCELOT,56,0,0
LANCELOT,67,96,0
LANCELOT,17,0,0
LANCELOT,95,94,14
LANCELOT,45,54,13
LANCELOT,65,13,4
LANCELOT,79,0,0
LANCELOT,31,16,0
LANCELOT,89,55,46
LANCELOT,57,8,6
LANCELOT,77,99,0
LANCELOT,29,23,0
LANCELOT,40,38,0
LANCELOT,17,23,5
LANCELOT,86,72,0
LANCELOT,30,0,0
LANCELOT,62,0,0
LANCELOT,74,0,0
LANCELOT,61,0,0
LANCELOT,78,41,20
LANCELOT,13,86,0
LANCELOT,73,94,61
LANCELOT,23,0,0
LANCELOT,68,28,0
LANCELOT,97,36,26
LANCELOT,18,0,0
LANCELOT,88,64,0
LANCELOT,21,18,5
LANCELOT,41,29,0
LANCELOT,46,87,2
LANCELOT,38,75,0
LANCELOT,4,81,4
LANCELOT,22,38,0
LANCELOT,86,0,0
LANCELOT,27,19,0
LANCELOT,35,0,0
LANCELOT,100,51,0
LANCELOT,30,3,0
LANCELOT,19,22,0
LANCELOT,61,10,0
LANCELOT,43,100,0
LANCELOT,79,0,0
LANCELOT,2,0,0
LANCELOT,7,5,0
LANCELOT,84,84,33
LANCELOT,77,24,0
LANCELOT,100,0,0
LANCELOT,22,93,8
LANCELOT,3,98,0
LANCELOT,81,38,31
LANCELOT,21,3,0
LANCELOT,7,100,0
LANCELOT,75,96,55
LANCELOT,50,30,10
LANCELOT,26,0,0
LANCELOT,10,37,0
LANCELOT,3,29,0
LANCELOT,87,0,0
LANCELOT,10,13,0
LANCELOT,41,42,7
LANCELOT,80,73,47
LANCELOT,45,81,37
LANCELOT,87,60,0
LANCELOT,68,11,0
LANCELOT,11,49,2
LANCELOT,16,35,0
LANCELOT,52,61,30
LANCELOT,14,0,0
LANCELOT,89,19,0
LANCELOT,33,0,0
LANCELOT,77,63,0
LANCELOT,92,7,2
LANCELOT,4,95,3
LANCELOT,4,5,3
LANCELOT,81,25,2
LANCELOT,24,63,0
LANCELOT,45,32,0
LANCELOT,76,56,50
LANCELOT,3,0,0
LANCELOT,48,0,0
LANCELOT,46,0,0
LANCELOT,100,0,0
LANCELOT,54,93,0
LANCELOT,58,0,0
LANCELOT,14,63,0
LANCELOT,55,43,23
LANCELOT,21,39,0
LANCELOT,93,27,0
LANCELOT,37,77,0
LANCELOT,60,4,3
LANCELOT,24,16,0
LANCELOT,37,83,0
LANCELOT,20,100,20
LANCELOT,40,7,6
LANCELOT,22,76,20
LANCELOT,28,50,23
LANCELOT,47,58,0
LANCELOT,36,0,0
LANCELOT,69,16,0
LANCELOT,29,55,16
LANCELOT,10,7,1
LANCELOT,31,12,5
LANCELOT,55,95,46
LANCELOT,52,64,4
LANCELOT,85,24,5
LANCELOT,58,14,0
LANCELOT,19,67,0
LANCELOT,77,0,0
LANCELOT,3,19,0
LANCELOT,33,72,0
LANCELOT,68,62,39
LANCELOT,25,68,0
LANCELOT,51,0,0
LANCELOT,32,82,11
LANCELOT,83,55,0
LANCELOT,5,58,0
LANCELOT,49,0,0
LANCELOT,53,79,0
LANCELOT,17,54,0
LANCELOT,62,0,0
LANCELOT,1,44,0
LANCELOT,57,84,9
LANCELOT,51,34,17
LANCELOT,43,66,0
LANCELOT,44,20,0
LANCELOT,70,9,0
LANCELOT,40,44,0
LANCELOT,62,100,37
LANCELOT,39,3,0
LANCELOT,26,0,0
LANCELOT,22,90,21
LANCELOT,9,65,0
LANCELOT,43,72,36
LANCELOT,78,31,0
LANCELOT,25,48,0
LANCELOT,20,64,0
LANCELOT,88,0,0
LANCELOT,31,0,0
LANCELOT,84,65,0
LANCELOT,46,61,29
LANCELOT,5,48,2
LANCELOT,91,85,0
LANCELOT,14,96,0
LANCELOT,9,0,0
LANCELOT,81,0,0
LANCELOT,73,43,0
LANCELOT,44,98,0
LANCELOT,25,53,0
LANCELOT,7,76,0
LANCELOT,30,2,0
LANCELOT,78,4,0
LANCELOT,91,42,0
LANCELOT,67,62,0
LANCELOT,66,20,11
LANCELOT,67,10,9
LANCELOT,24,0,0
LANCELOT,7,11,0
LANCELOT,4,88,0
LANCELOT,94,81,0
LANCELOT,78,13,0
LANCELOT,58,81,8
LANCELOT,35,0,0
LANCELOT,16,58,4
LANCELOT,26,24,5
LANCELOT,96,0,0
LANCELOT,42,46,0
LANCELOT,83,91,9
LANCELOT,73,0,0
LANCELOT,10,12,0
LANCELOT,64,14,0
LANCELOT,38,90,0
LANCELOT,60,98,0
LANCELOT,12,76,7
LANCELOT,49,0,0
LANCELOT,98,53,14
LANCELOT,84,0,0
LANCELOT,97,0,0
LANCELOT,67,37,0
LANCELOT,95,45,0
LANCELOT,85,2,0
LANCELOT,68,44,0
LANCELOT,16,0,0
LANCELOT,70,39,0
LANCELOT,93,0,0
LANCELOT,76,0,0
LANCELOT,69,0,0
LANCELOT,71,68,16
LANCELOT,93,90,0
LANCELOT,46,0,0
LANCELOT,45,65,0
LANCELOT,92,12,0
LANCELOT,9,83,0
LANCELOT,94,97,0
LANCELOT,69,54,0
LANCELOT,90,0,0
LANCELOT,69,45,0
LANCELOT,64,60,0
LANCELOT,48,0,0
LANCELOT,58,34,0
LANCELOT,2,23,2
LANCELOT,37,23,0
LANCELOT,79,51,0
LANCELOT,14,44,0
LANCELOT,83,28,0
LANCELOT,63,2,0
LANCELOT,8,22,0
LANCELOT,47,8,5
LANCELOT,37,95,7
LANCELOT,10,53,0
LANCELOT,14,20,0
LANCELOT,67,0,0
LANCELOT,48,0,0
LANCELOT,16,0,0
LANCELOT,39,0,0
LANCELOT,83,24,0
LANCELOT,53,24,16
LANCELOT,81,69,0
LANCELOT,62,0,0
LANCELOT,93,67,0
LANCELOT,53,41,0
LANCELOT,64,65,32
LANCELOT,70,98,33
LANCELOT,57,75,0
LANCELOT,8,98,0
LANCELOT,22,38,22
LANCELOT,87,12,0
LANCELOT,3,80,1
LANCELOT,69,4,0
LANCELOT,75,12,0
LANCELOT,73,0,0
LANCELOT,82,11,3
LANCELOT,62,75,0
LANCELOT,54,66,0
LANCELOT,31,0,0
LANCELOT,76,82,0
LANCELOT,57,73,0
LANCELOT,31,22,0
LANCELOT,82,2,0
LANCELOT,31,49,21
LANCELOT,71,71,0
LANCELOT,32,0,0
LANCELOT,40,62,15
LANCELOT,61,92,0
LANCELOT,73,68,0
LANCELOT,25,11,0
LANCELOT,32,9,1
LANCELOT,23,6,3
LANCELOT,43,0,0
LANCELOT,2,51,0
LANCELOT,96,65,14
LANCELOT,61,94,0
LANCELOT,66,74,0
LANCELOT,92,85,0
LANCELOT,62,5,4
LANCELOT,56,32,8
LANCELOT,25,5,4
LANCELOT,64,0,0
LANCELOT,5,25,0
LANCELOT,12,0,0
LANCELOT,42,13,0
LANCELOT,43,0,0
LANCELOT,14,69,0
LANCELOT,22,0,0
LANCELOT,95,10,0
LANCELOT,53,0,0
LANCELOT,23,0,0
LANCELOT,33,0,0
LANCELOT,17,0,0
LANCELOT,20,82,0
LANCELOT,39,0,0
LANCELOT,14,2,1
LANCELOT,67,46,27
LANCELOT,21,0,0
LANCELOT,19,98,9
LANCELOT,32,0,0
LANCELOT,97,28,0
LANCELOT,36,81,10
LANCELOT,68,0,0
LANCELOT,1,24,0
LANCELOT,86,53,0
LANCELOT,8,0,0
LANCELOT,49,28,0
LANCELOT,6,0,0
LANCELOT,30,0,0
LANCELOT,96,52,0
LANCELOT,65,32,0
LANCELOT,63,19,14
LANCELOT,63,83,0
LANCELOT,81,84,30
LANCELOT,79,57,0
LANCELOT,5,2,1
LANCELOT,19,0,0
LANCELOT,48,20,5
LANCELOT,6,42,0
LANCELOT,70,0,0
LANCELOT,53,38,4
LANCELOT,13,48,0
LANCELOT,14,0,0
LANCELOT,83,0,0
LANCELOT,31,58,9
LANCELOT,15,0,0
LANCELOT,62,0,0
LANCELOT,64,44,0
LANCELOT,14,35,8
LANCELOT,33,93,0
LANCELOT,56,80,20
LANCELOT,98,75,0
LANCELOT,80,6,0
LANCELOT,32,0,0
LANCELOT,48,44,0
LANCELOT,95,0,0
LANCELOT,37,53,4
LANCELOT,81,84,0
LANCELOT,13,8,8
LANCELOT,31,41,0
LANCELOT,51,0,0
LANCELOT,34,15,0
LANCELOT,56,0,0
LANCELOT,17,31,0
LANCELOT,23,56,0
LANCELOT,46,81,0
LANCELOT,16,88,0
LANCELOT,40,15,0
LANCELOT,18,93,0
LANCELOT,59,35,0
LANCELOT,73,0,0
LANCELOT,37,72,8
LANCELOT,43,0,0
LANCELOT,59,0,0
LANCELOT,94,68,0
LANCELOT,11,45,0
LANCELOT,71,91,24
LANCELOT,77,99,0
LANCELOT,55,68,0
LANCELOT,98,0,0
LANCELOT,59,52,0
LANCELOT,15,60,0
LANCELOT,49,72,0
LANCELOT,40,75,6
LANCELOT,86,94,0
LANCELOT,89,0,0
LANCELOT,65,0,0
LANCELOT,54,51,0
LANCELOT,60,0,0
LANCELOT,91,1,1
LANCELOT,91,45,0
LANCELOT,81,52,33
LANCELOT,3,46,0
LANCELOT,46,82,1
LANCELOT,78,74,35
LANCELOT,88,45,0
LANCELOT,92,32,6
LANCELOT,13,22,0
LANCELOT,38,0,0
LANCELOT,66,26,0
LANCELOT,99,30,0
LANCELOT,31,0,0
LANCELOT,94,0,0
LANCELOT,43,41,12
LANCELOT,22,0,0
LANCELOT,88,14,0
LANCELOT,74,11,0
LANCELOT,70,59,43
LANCELOT,1,58,0
LANCELOT,46,48,0
LANCELOT,96,0,0
LANCELOT,100,72,0
LANCELOT,43,42,37
LANCELOT,1,88,1
LANCELOT,25,88,16
LANCELOT,31,53,3
LANCELOT,55,25,21
LANCELOT,66,54,2
LANCELOT,94,55,55
LANCELOT,91,65,0
LANCELOT,69,87,0
LANCELOT,78,45,40
LANCELOT,80,49,0
LANCELOT,82,28,0
LANCELOT,17,74,0
LANCELOT,41,40,23
LANCELOT,14,0,0
LANCELOT,52,80,0
LANCELOT,50,0,0
LANCELOT,46,0,0
LANCELOT,87,37,0
LANCELOT,4,48,4
LANCELOT,48,0,0
LANCELOT,11,0,0
LANCELOT,44,0,0
LANCELOT,25,28,6
LANCELOT,42,0,0
LANCELOT,62,21,17
LANCELOT,38,99,0
LANCELOT,28,7,0
LANCELOT,53,21,0
LANCELOT,94,0,0
LANCELOT,60,10,8
LANCELOT,35,0,0
LANCELOT,74,13,0
LANCELOT,71,55,0
LANCELOT,23,1,0
LANCELOT,80,79,0
LANCELOT,93,16,0
LANCELOT,58,14,0
LANCELOT,6,98,5
LANCELOT,9,46,0
LANCELOT,53,0,0
LANCELOT,50,13,0
LANCELOT,30,21,0
LANCELOT,68,0,0
LANCELOT,56,0,0
LANCELOT,84,0,0
LANCELOT,62,0,0
LANCELOT,30,50,27
LANCELOT,50,0,0
LANCELOT,9,78,0
LANCELOT,4,68,2
LANCELOT,61,60,0
LANCELOT,85,5,3
LANCELOT,97,87,0
LANCELOT,47,0,0
LANCELOT,86,80,31
LANCELOT,42,33,0
LANCELOT,10,42,0
LANCELOT,28,37,0
LANCELOT,57,31,6
LANCELOT,31,77,29
LANCELOT,85,0,0
LANCELOT,14,89,0
LANCELOT,91,42,32
LANCELOT,48,90,22
LANCELOT,11,49,7
LANCELOT,33,41,0
LANCELOT,97,0,0
LANCELOT,58,48,0
LANCELOT,17,20,11
LANCELOT,48,1,0
LANCELOT,38,7,0
LANCELOT,42,65,0
LANCELOT,99,0,0
LANCELOT,80,0,0
LANCELOT,9,71,2
LANCELOT,98,99,0
LANCELOT,31,0,0
LANCELOT,5,11,4
LANCELOT,62,100,36
LANCELOT,52,0,0
LANCELOT,56,71,53
LANCELOT,100,0,0
LANCELOT,24,63,0
LANCELOT,51,0,0
LANCELOT,91,68,0
LANCELOT,39,8,0
LANCELOT,35,0,0
LANCELOT,35,44,21
LANCELOT,26,35,0
LANCELOT,42,78,41
LANCELOT,12,0,0
LANCELOT,62,43,0
LANCELOT,17,0,0
LANCELOT,16,96,0
LANCELOT,8,32,0
LANCELOT,15,54,13
LANCELOT,47,0,0
LANCELOT,98,76,0
LANCELOT,3,0,0
LANCELOT,77,80,0
LANCELOT,92,69,0
LANCELOT,85,12,8
LANCELOT,18,0,0
LANCELOT,79,92,0
LANCELOT,25,56,0
LANCELOT,76,0,0
LANCELOT,96,73,0
LANCELOT,84,0,0
LANCELOT,30,0,0
LANCELOT,60,0,0
LANCELOT,78,79,0
LANCELOT,5,30,0
LANCELOT,60,0,0
LANCELOT,92,0,0
LANCELOT,59,14,0
LANCELOT,87,75,54
LANCELOT,6,52,0
LANCELOT,44,48,0
LANCELOT,26,24,0
LANCELOT,96,92,47
LANCELOT,95,43,0
LANCELOT,31,83,0
LANCELOT,10,0,0
LANCELOT,80,0,0
LANCELOT,45,0,0
LANCELOT,34,20,15
LANCELOT,75,0,0
LANCELOT,4,0,0
LANCELOT,48,78,19
LANCELOT,96,15,9
LANCELOT,89,27,13
LANCELOT,8,0,0
LANCELOT,68,20,0
LANCELOT,81,0,0
LANCELOT,63,25,0
LANCELOT,89,0,0
LANCELOT,4,19,0
LANCELOT,55,83,0
LANCELOT,8,96,8
LANCELOT,67,87,0
LANCELOT,20,49,8
LANCELOT,48,20,0
LANCELOT,51,63,0
LANCELOT,89,28,0
LANCELOT,25,94,0
LANCELOT,44,0,0
LANCELOT,7,32,7
LANCELOT,48,35,0
LANCELOT,56,30,2
LANCELOT,43,24,10
LANCELOT,87,92,3
LANCELOT,69,0,0
LANCELOT,26,86,19
LANCELOT,83,59,0
LANCELOT,60,83,25
LANCELOT,56,100,36
LANCELOT,93,30,0
LANCELOT,60,0,0
LANCELOT,67,0,0
LANCELOT,57,37,0
LANCELOT,17,0,0
LANCELOT,51,57,0
LANCELOT,88,0,0
LANCELOT,45,81,0
LANCELOT,20,43,0
LANCELOT,41,0,0
LANCELOT,70,0,0
LANCELOT,3,86,0
LANCELOT,69,55,0
LANCELOT,32,73,23
LANCELOT,58,45,0
LANCELOT,15,14,0
LANCELOT,93,89,0
LANCELOT,20,0,0
LANCELOT,86,0,0
LANCELOT,16,0,0
LANCELOT,24,11,11
LANCELOT,56,4,0
LANCELOT,16,0,0
LANCELOT,70,0,0
LANCELOT,33,35,0
LANCELOT,62,89,60
LANCELOT,67,80,0
LANCELOT,36,38,19
LANCELOT,43,71,0
LANCELOT,81,74,49
LANCELOT,17,25,15
LANCELOT,33,86,17
LANCELOT,99,71,33
LANCELOT,84,0,0
LANCELOT,5,0,0
LANCELOT,74,72,20
LANCELOT,14,100,7
LANCELOT,80,66,0
LANCELOT,24,68,0
LANCELOT,84,75,0
LANCELOT,61,48,4
LANCELOT,63,41,0
LANCELOT,42,20,0
LANCELOT,62,51,0
LANCELOT,86,0,0
LANCELOT,77,18,0
LANCELOT,40,73,18
LANCELOT,92,69,0
LANCELOT,50,51,18
LANCELOT,18,55,0
LANCELOT,31,99,0
LANCELOT,27,17,0
LANCELOT,37,0,0
LANCELOT,99,0,0
LANCELOT,85,0,0
LANCELOT,56,40,26
LANCELOT,1,86,0
LANCELOT,81,65,13
LANCELOT,49,0,0
LANCELOT,26,0,0
LANCELOT,51,73,21
LANCELOT,48,0,0
LANCELOT,6,12,2
LANCELOT,10,8,5
LANCELOT,90,0,0
LANCELOT,76,29,19
LANCELOT,29,0,0
LANCELOT,23,20,0
LANCELOT,79,82,0
LANCELOT,78,36,0
LANCELOT,34,0,0
LANCELOT,57,60,0
LANCELOT,14,23,0
LANCELOT,47,25,25
LANCELOT,57,87,0
LANCELOT,79,80,60
LANCELOT,20,61,0
LANCELOT,37,31,17
LANCELOT,46,82,0
LANCELOT,98,38,17
LANCELOT,92,72,15
LANCELOT,7,65,6
LANCELOT,31,24,23
LANCELOT,16,79,13
LANCELOT,54,71,0
LANCELOT,53,67,0
LANCELOT,74,54,0
LANCELOT,37,81,3
LANCELOT,17,88,0
LANCELOT,28,6,4
LANCELOT,80,74,0
LANCELOT,62,0,0
LANCELOT,21,5,1
LANCELOT,82,9,0
LANCELOT,24,0,0
LANCELOT,72,0,0
LANCELOT,32,0,0
LANCELOT,91,0,0
LANCELOT,11,58,8
LANCELOT,83,4,3
LANCELOT,10,32,7
LANCELOT,14,4,0
LANCELOT,72,47,0
LANCELOT,91,40,0
LANCELOT,5,19,0
LANCELOT,49,0,0
LANCELOT,44,0,0
LANCELOT,55,72,16
LANCELOT,99,0,0
LANCELOT,38,98,0
LANCELOT,35,67,0
LANCELOT,3,0,0
LANCELOT,21,0,0
LANCELOT,21,34,0
LANCELOT,82,6,0
LANCELOT,5,77,0
LANCELOT,53,44,35
LANCELOT,3,67,0
LANCELOT,31,0,0
LANCELOT,12,2,0
LANCELOT,33,70,0
LANCELOT,82,0,0
LANCELOT,5,65,4
LANCELOT,46,10,0
LANCELOT,74,0,0
LANCELOT,1,94,0
LANCELOT,34,0,0
LANCELOT,47,0,0
LANCELOT,10,0,0
LANCELOT,81,4,0
LANCELOT,44,71,0
LANCELOT,53,79,11
LANCELOT,61,86,27
LANCELOT,36,7,0
LANCELOT,18,90,0
LANCELOT,70,12,0
LANCELOT,100,0,0
LANCELOT,38,19,0
LANCELOT,82,0,0
LANCELOT,88,0,0
LANCELOT,45,35,10
LANCELOT,31,65,8
LANCELOT,75,93,71
LANCELOT,76,69,64
LANCELOT,72,0,0
LANCELOT,36,0,0
LANCELOT,87,0,0
LANCELOT,100,77,47
LANCELOT,88,36,0
LANCELOT,59,18,0
LANCELOT,82,98,0
LANCELOT,84,0,0
LANCELOT,57,88,43
LANCELOT,75,0,0
LANCELOT,68,0,0
LANCELOT,48,8,0
LANCELOT,84,0,0
LANCELOT,11,23,0
LANCELOT,77,0,0
LANCELOT,56,14,2
LANCELOT,6,0,0
LANCELOT,99,19,0
LANCELOT,73,0,0
LANCELOT,18,29,0
LANCELOT,51,0,0
LANCELOT,70,0,0
LANCELOT,67,51,38
LANCELOT,18,0,0
LANCELOT,97,70,0
LANCELOT,33,58,0
LANCELOT,71,86,0
LANCELOT,77,81,47
LANCELOT,58,59,0
LANCELOT,73,0,0
LANCELOT,99,0,0
LANCELOT,78,70,0
LANCELOT,63,91,0
LANCELOT,62,14,1
LANCELOT,100,91,0
LANCELOT,65,59,42
LANCELOT,1,47,0
LANCELOT,36,83,30
LANCELOT,29,13,7
LANCELOT,4,84,4
LANCELOT,17,0,0
LANCELOT,52,28,0
LANCELOT,31,21,0
LANCELOT,42,8,0
LANCELOT,53,42,0
LANCELOT,87,29,0
LANCELOT,19,91,18
LANCELOT,20,0,0
LANCELOT,55,4,0
LANCELOT,37,21,0
LANCELOT,13,81,3
LANCELOT,30,94,0
LANCELOT,36,25,0
LANCELOT,12,0,0
LANCELOT,46,59,0
LANCELOT,5,0,0
LANCELOT,82,53,0
LANCELOT,82,0,0
LANCELOT,6,96,0
LANCELOT,8,65,3
LANCELOT,6,1,0
LANCELOT,38,0,0
LANCELOT,87,10,0
LANCELOT,82,0,0
LANCELOT,8,0,0
LANCELOT,39,38,19
LANCELOT,69,73,5
LANCELOT,78,12,0
LANCELOT,48,84,0
LANCELOT,29,8,2
LANCELOT,78,42,0
LANCELOT,97,0,0
LANCELOT,15,0,0
LANCELOT,15,49,0
LANCELOT,52,64,29
LANCELOT,5,29,0
LANCELOT,82,89,48
LANCELOT,56,89,0
LANCELOT,98,27,27
LANCELOT,99,96,81
LANCELOT,56,75,0
LANCELOT,78,7,0
LANCELOT,27,94,21
LANCELOT,84,0,0
LANCELOT,28,0,0
LANCELOT,70,75,0
LANCELOT,41,89,0
LANCELOT,2,10,0
LANCELOT,54,75,0
LANCELOT,83,31,0
LANCELOT,70,0,0
LANCELOT,76,63,0
LANCELOT,25,88,17
LANCELOT,99,78,0
LANCELOT,41,0,0
LANCELOT,14,3,0
LANCELOT,64,31,0
LANCELOT,8,0,0
LANCELOT,65,52,0
LANCELOT,99,0,0
LANCELOT,63,0,0
LANCELOT,25,0,0
LANCELOT,44,10,0
LANCELOT,85,83,0
LANCELOT,81,72,0
LANCELOT,50,45,31
LANCELOT,25,0,0
LANCELOT,21,44,0
LANCELOT,67,52,0
LANCELOT,79,0,0
LANCELOT,62,97,0
LANCELOT,82,50,0
LANCELOT,63,73,0
LANCELOT,67,52,0
LANCELOT,48,0,0
LANCELOT,64,51,43
LANCELOT,54,92,11
LANCELOT,53,0,0
LANCELOT,8,67,0
LANCELOT,29,45,19
LANCELOT,76,69,0
LANCELOT,30,87,0
LANCELOT,62,6,0
LANCELOT,35,79,34
LANCELOT,6,0,0
LANCELOT,39,0,0
LANCELOT,87,75,0
LANCELOT,89,45,32
LANCELOT,44,92,11
LANCELOT,62,50,0
LANCELOT,15,53,0
LANCELOT,92,22,16
LANCELOT,4,67,2
LANCELOT,97,35,0
LANCELOT,38,55,0
LANCELOT,4,0,0
LANCELOT,94,3,1
LANCELOT,29,93,3
LANCELOT,88,68,6
LANCELOT,63,6,0
LANCELOT,48,0,0
LANCELOT,2,0,0
LANCELOT,28,7,0
LANCELOT,76,95,57
LANCELOT,80,31,20
LANCELOT,54,93,32
LANCELOT,97,47,46
LANCELOT,69,0,0
LANCELOT,25,20,0
LANCELOT,42,0,0
LANCELOT,99,36,0
LANCELOT,14,0,0
LANCELOT,53,0,0
LANCELOT,2,36,2
LANCELOT,73,88,0
LANCELOT,3,0,0
LANCELOT,57,0,0
LANCELOT,35,85,6
LANCELOT,41,44,0
LANCELOT,85,0,0
LANCELOT,11,0,0
LANCELOT,61,4,2
LANCELOT,26,0,0
LANCELOT,81,19,0
LANCELOT,97,0,0
LANCELOT,84,0,0
LANCELOT,100,21,0
LANCELOT,24,20,0
LANCELOT,39,88,31
LANCELOT,43,62,17
LANCELOT,27,46,16
LANCELOT,54,27,19
LANCELOT,19,68,15
LANCELOT,81,0,0
LANCELOT,53,0,0
LANCELOT,48,67,0
LANCELOT,27,95,0
LANCELOT,6,87,0
LANCELOT,68,6,6
LANCELOT,100,0,0
LANCELOT,67,19,0
LANCELOT,77,65,0
LANCELOT,38,0,0
LANCELOT,20,0,0
LANCELOT,66,77,0
LANCELOT,77,0,0
LANCELOT,51,25,19
LANCELOT,95,0,0
LANCELOT,18,64,0
LANCELOT,68,55,0
LANCELOT,57,51,0
LANCELOT,61,98,0
LANCELOT,17,69,16
LANCELOT,87,0,0
LANCELOT,31,0,0
LANCELOT,58,8,7
LANCELOT,39,15,3
LANCELOT,83,63,39
LANCELOT,72,87,0
LANCELOT,63,87,0
LANCELOT,87,4,0
LANCELOT,41,62,0
LANCELOT,19,60,0
LANCELOT,10,7,0
LANCELOT,33,49,0
LANCELOT,70,96,0
LANCELOT,75,7,0
LANCELOT,49,55,0
LANCELOT,94,53,42
LANCELOT,91,86,0
LANCELOT,9,0,0
LANCELOT,86,48,0
LANCELOT,7,17,0
LANCELOT,56,0,0
LANCELOT,51,6,6
LANCELOT,58,97,0
LANCELOT,2,0,0
LANCELOT,88,15,2
LANCELOT,10,0,0
LANCELOT,66,64,38
LANCELOT,79,23,0
LANCELOT,36,60,0
LANCELOT,89,85,14
LANCELOT,95,40,0
LANCELOT,38,74,0
LANCELOT,31,67,0
LANCELOT,2,0,0
LANCELOT,86,94,52
LANCELOT,1,30,1
LANCELOT,1,96,0
LANCELOT,29,90,19
LANCELOT,68,0,0
LANCELOT,28,55,0
LANCELOT,14,17,0
LANCELOT,98,88,49
LANCELOT,97,0,0
LANCELOT,96,49,0
LANCELOT,26,5,0
LANCELOT,19,70,0
LANCELOT,24,0,0
LANCELOT,41,70,0
LANCELOT,45,92,0
LANCELOT,99,63,5
LANCELOT,32,0,0
LANCELOT,71,17,16
LANCELOT,72,54,10
LANCELOT,66,2,0
LANCELOT,1,59,1
LANCELOT,2,2,0
LANCELOT,28,76,0
LANCELOT,51,80,16
LANCELOT,63,0,0
LANCELOT,15,0,0
LANCELOT,81,17,8
LANCELOT,51,56,39
LANCELOT,73,86,0
LANCELOT,64,19,0
LANCELOT,65,11,0
LANCELOT,70,42,0
LANCELOT,78,0,0
LANCELOT,99,47,11
LANCELOT,82,51,32
LANCELOT,19,7,0
LANCELOT,5,38,3
LANCELOT,19,60,10
LANCELOT,59,50,44
LANCELOT,71,44,0
LANCELOT,67,0,0
LANCELOT,85,9,0
LANCELOT,39,41,0
LANCELOT,88,40,0
LANCELOT,40,0,0
LANCELOT,64,20,8
LANCELOT,80,0,0
LANCELOT,12,81,0
LANCELOT,100,0,0
LANCELOT,54,24,0
LANCELOT,81,41,21
LANCELOT,96,45,0
LANCELOT,63,27,0
LANCELOT,72,0,0
LANCELOT,84,29,0
LANCELOT,83,0,0
LANCELOT,58,0,0
LANCELOT,2,24,0
LANCELOT,12,82,0
LANCELOT,39,84,22
LANCELOT,28,24,0
LANCELOT,64,0,0
LANCELOT,22,92,18
LANCELOT,34,8,0
LANCELOT,6,0,0
LANCELOT,69,58,0
LANCELOT,19,72,0
LANCELOT,99,0,0
LANCELOT,72,0,0
LANCELOT,96,97,0
LANCELOT,7,24,6
LANCELOT,28,50,3
LANCELOT,46,0,0
LANCELOT,27,72,10
LANCELOT,75,0,0
LANCELOT,29,73,0
LANCELOT,56,19,7
LANCELOT,44,0,0
LANCELOT,48,58,39
LANCELOT,6,0,0
LANCELOT,53,58,2
LANCELOT,66,0,0
LANCELOT,67,82,0
LANCELOT,84,30,0
LANCELOT,16,42,0
LANCELOT,26,11,3
LANCELOT,57,0,0
LANCELOT,15,84,13
LANCELOT,91,5,0
LANCELOT,31,73,7
LANCELOT,72,16,0
LANCELOT,69,98,46
LANCELOT,61,0,0
LANCELOT,66,43,10
LANCELOT,33,0,0
LANCELOT,94,51,28
LANCELOT,25,62,0
LANCELOT,2,35,0
LANCELOT,35,10,0
LANCELOT,1,43,0
LANCELOT,26,55,0
LANCELOT,20,0,0
LANCELOT,75,19,0
LANCELOT,39,0,0
LANCELOT,99,0,0
LANCELOT,80,22,12
LANCELOT,41,87,17
LANCELOT,17,81,0
LANCELOT,40,0,0
LANCELOT,13,35,0
LANCELOT,70,88,37
LANCELOT,84,19,7
LANCELOT,1,40,1
LANCELOT,2,73,1
LANCELOT,61,36,0
LANCELOT,66,42,29
LANCELOT,19,38,0
LANCELOT,7,10,0
LANCELOT,1,8,0
LANCELOT,80,38,29
LANCELOT,44,63,0
LANCELOT,64,67,0
LANCELOT,66,73,0
LANCELOT,64,0,0
LANCELOT,23,0,0
LANCELOT,1,0,0
LANCELOT,95,0,0
LANCELOT,100,24,0
LANCELOT,30,0,0
LANCELOT,33,0,0
LANCELOT,38,25,0
LANCELOT,8,63,0
LANCELOT,11,29,0
LANCELOT,74,75,0
LANCELOT,67,0,0
LANCELOT,45,0,0
LANCELOT,8,97,2
LANCELOT,41,0,0
LANCELOT,7,60,0
LANCELOT,93,42,0
LANCELOT,15,0,0
LANCELOT,17,66,17
LANCELOT,68,30,0
LANCELOT,81,0,0
LANCELOT,74,8,0
LANCELOT,42,66,0
LANCELOT,30,3,0
LANCELOT,2,10,0
LANCELOT,29,90,26
LANCELOT,25,0,0
LANCELOT,23,4,4
LANCELOT,87,23,21
LANCELOT,34,62,0
LANCELOT,2,55,2
LANCELOT,17,89,0
LANCELOT,24,99,0
LANCELOT,32,69,0
LANCELOT,72,58,0
LANCELOT,15,25,6
LANCELOT,8,92,3
LANCELOT,13,0,0
LANCELOT,99,87,0
LANCELOT,14,91,6
LANCELOT,83,31,0
LANCELOT,3,73,0
LANCELOT,76,0,0
LANCELOT,15,26,0
LANCELOT,41,54,0
LANCELOT,12,0,0
LANCELOT,28,7,0
LANCELOT,9,33,0
LANCELOT,20,25,0
LANCELOT,17,77,11
LANCELOT,88,0,0
LANCELOT,32,27,2
LANCELOT,30,72,13
LANCELOT,72,72,0
LANCELOT,70,18,15
LANCELOT,8,10,2
LANCELOT,46,24,13
LANCELOT,85,13,0
LANCELOT,19,0,0
LANCELOT,18,56,0
LANCELOT,59,25,25
LANCELOT,52,0,0
LANCELOT,48,0,0
LANCELOT,74,0,0
LANCELOT,45,24,0
LANCELOT,58,59,0
LANCELOT,15,0,0
LANCELOT,19,54,8
LANCELOT,16,93,14
LANCELOT,99,56,0
LANCELOT,35,0,0
LANCELOT,7,67,2
LANCELOT,72,0,0
LANCELOT,13,22,13
LANCELOT,72,0,0
LANCELOT,10,81,6
LANCELOT,85,5,0
LANCELOT,67,50,0
LANCELOT,41,69,0
LANCELOT,59,9,9
LANCELOT,21,25,0
LANCELOT,16,72,0
LANCELOT,22,30,7
LANCELOT,22,7,0
LANCELOT,11,0,0
LANCELOT,31,0,0
LANCELOT,4,0,0
LANCELOT,84,0,0
LANCELOT,72,82,0
LANCELOT,73,26,0
LANCELOT,19,0,0
LANCELOT,91,46,0
LANCELOT,40,0,0
LANCELOT,74,33,0
LANCELOT,90,89,0
LANCELOT,85,81,0
LANCELOT,100,0,0
LANCELOT,66,0,0
LANCELOT,89,92,0
LANCELOT,86,8,0
LANCELOT,70,0,0
LANCELOT,46,29,0
LANCELOT,59,0,0
LANCELOT,5,88,2
LANCELOT,53,21,6
LANCELOT,81,58,6
LANCELOT,5,43,4
LANCELOT,8,93,4
LANCELOT,73,11,11
LANCELOT,40,99,28
LANCELOT,90,0,0
LANCELOT,20,7,0
LANCELOT,79,23,0
LANCELOT,54,80,2
LANCELOT,26,0,0
LANCELOT,51,0,0
LANCELOT,36,18,0
LANCELOT,22,0,0
LANCELOT,78,47,0
LANCELOT,60,65,43
LANCELOT,6,43,1
LANCELOT,69,100,0
LANCELOT,51,0,0
LANCELOT,7,1,1
LANCELOT,32,43,26
LANCELOT,22,15,0
LANCELOT,79,28,10
LANCELOT,69,21,0
LANCELOT,58,0,0
LANCELOT,60,28,0
LANCELOT,7,45,0
LANCELOT,96,0,0
LANCELOT,38,56,0
LANCELOT,78,13,0
LANCELOT,29,2,2
LANCELOT,64,0,0
LANCELOT,56,50,0
LANCELOT,52,87,0
LANCELOT,16,0,0
LANCELOT,33,47,0
LANCELOT,70,43,36
LANCELOT,26,87,26
LANCELOT,78,0,0
LANCELOT,7,0,0
LANCELOT,82,0,0
LANCELOT,92,0,0
LANCELOT,29,33,24
LANCELOT,50,0,0
LANCELOT,33,47,0
LANCELOT,17,67,8
LANCELOT,27,0,0
LANCELOT,63,57,0
LANCELOT,81,0,0
LANCELOT,31,1,1
LANCELOT,54,64,0
LANCELOT,3,0,0
LANCELOT,56,92,18
LANCELOT,53,30,20
LANCELOT,75,0,0
LANCELOT,95,99,1
LANCELOT,13,42,0
LANCELOT,30,21,0
LANCELOT,84,42,0
LANCELOT,52,67,18
LANCELOT,7,27,0
LANCELOT,31,36,23
LANCELOT,91,0,0
LANCELOT,31,0,0
LANCELOT,41,54,0
LANCELOT,45,60,5
LANCELOT,18,85,0
LANCELOT,78,21,0
LANCELOT,39,39,28
LANCELOT,4,36,4
LANCELOT,44,0,0
LANCELOT,65,28,0
LANCELOT,33,56,8
LANCELOT,22,2,0
LANCELOT,37,97,26
LANCELOT,53,27,0
LANCELOT,16,96,0
LANCELOT,5,0,0
LANCELOT,65,19,14
LANCELOT,31,0,0
LANCELOT,86,30,0
LANCELOT,94,2,1
LANCELOT,45,40,0
LANCELOT,88,0,0
LANCELOT,77,0,0
LANCELOT,16,0,0
LANCELOT,96,0,0
LANCELOT,22,52,0
LANCELOT,97,0,0
LANCELOT,68,60,0
LANCELOT,52,48,0
LANCELOT,43,0,0
LANCELOT,87,95,0
LANCELOT,22,0,0
LANCELOT,35,0,0
LANCELOT,13,49,0
LANCELOT,20,75,0
LANCELOT,56,86,0
LANCELOT,11,0,0
LANCELOT,70,18,0
LANCELOT,57,95,18
LANCELOT,22,0,0
LANCELOT,4,31,1
LANCELOT,53,0,0
LANCELOT,60,3,1
LANCELOT,65,95,0
LANCELOT,14,0,0
LANCELOT,84,73,0
LANCELOT,50,92,0
LANCELOT,25,55,5
LANCELOT,66,60,39
LANCELOT,58,98,33
LANCELOT,3,0,0
LANCELOT,10,59,7
LANCELOT,65,47,0
LANCELOT,83,78,0
LANCELOT,62,10,0
LANCELOT,22,41,18
LANCELOT,72,35,0
LANCELOT,84,80,12
LANCELOT,90,9,0
LANCELOT,40,0,0
LANCELOT,75,14,0
LANCELOT,100,67,0
LANCELOT,40,0,0
LANCELOT,53,8,1
LANCELOT,83,95,0
LANCELOT,51,0,0
LANCELOT,14,69,0
LANCELOT,2,0,0
LANCELOT,3,84,3
LANCELOT,17,2,0
LANCELOT,52,0,0
LANCELOT,60,7,0
LANCELOT,88,2,2
LANCELOT,30,0,0
LANCELOT,96,65,0
LANCELOT,70,0,0
LANCELOT,34,0,0
LANCELOT,41,42,0
LANCELOT,22,14,0
LANCELOT,22,39,8
LANCELOT,11,0,0
LANCELOT,76,6,0
LANCELOT,57,24,0
LANCELOT,3,0,0
LANCELOT,34,54,0
LANCELOT,81,0,0
LANCELOT,14,0,0
LANCELOT,64,99,0
LANCELOT,99,65,43
LANCELOT,46,0,0
LANCELOT,65,0,0
LANCELOT,17,13,1
LANCELOT,95,0,0
LANCELOT,12,13,9
LANCELOT,79,9,0
LANCELOT,96,0,0
LANCELOT,58,97,38
LANCELOT,40,0,0
LANCELOT,66,30,0
LANCELOT,74,0,0
LANCELOT,67,66,23
LANCELOT,59,3,1
LANCELOT,53,4,2
LANCELOT,45,24,0
LANCELOT,8,0,0
LANCELOT,4,0,0
LANCELOT,62,0,0
LANCELOT,35,0,0
LANCELOT,25,91,0
LANCELOT,77,0,0
LANCELOT,97,82,0
LANCELOT,71,88,0
LANCELOT,71,18,18
LANCELOT,47,17,6
LANCELOT,7,2,0
LANCELOT,39,35,0
LANCELOT,77,7,0
LANCELOT,71,23,14
LANCELOT,62,0,0
LANCELOT,49,0,0
LANCELOT,56,74,10
LANCELOT,24,0,0
LANCELOT,18,0,0
LANCELOT,31,57,0
LANCELOT,99,39,0
LANCELOT,20,76,0
LANCELOT,32,0,0
LANCELOT,75,0,0
LANCELOT,100,32,0
LANCELOT,40,0,0
LANCELOT,38,67,0
LANCELOT,82,26,25
LANCELOT,32,0,0
LANCELOT,61,78,0
LANCELOT,3,65,0
LANCELOT,39,70,29
LANCELOT,90,12,1
LANCELOT,5,91,0
LANCELOT,43,0,0
LANCELOT,18,0,0
LANCELOT,23,0,0
LANCELOT,90,15,14
LANCELOT,59,62,0
LANCELOT,2,0,0
LANCELOT,11,4,2
LANCELOT,12,43,4
LANCELOT,4,0,0
LANCELOT,21,60,4
LANCELOT,40,0,0
LANCELOT,64,0,0
LANCELOT,3,0,0
LANCELOT,1,17,0
LANCELOT,43,27,0
LANCELOT,27,0,0
LANCELOT,9,95,9
LANCELOT,31,0,0
LANCELOT,43,97,19
LANCELOT,75,0,0
LANCELOT,24,40,20
LANCELOT,95,85,69
LANCELOT,63,0,0
LANCELOT,19,1,0
LANCELOT,44,57,0
LANCELOT,36,0,0
LANCELOT,27,0,0
LANCELOT,24,0,0
LANCELOT,97,28,0
LANCELOT,57,0,0
LANCELOT,26,35,21
LANCELOT,91,95,63
LANCELOT,63,0,0
LANCELOT,48,79,0
LANCELOT,23,49,0
LANCELOT,87,0,0
LANCELOT,36,0,0
LANCELOT,41,13,0
LANCELOT,79,0,0
LANCELOT,7,18,0
LANCELOT,3,72,0
LANCELOT,24,0,0
LANCELOT,12,0,0
LANCELOT,84,69,0
LANCELOT,42,0,0
LANCELOT,94,0,0
LANCELOT,45,89,0
LANCELOT,36,0,0
LANCELOT,37,24,0
LANCELOT,79,11,0
LANCELOT,81,62,42
LANCELOT,73,0,0
LANCELOT,21,82,18
LANCELOT,48,0,0
LANCELOT,98,0,0
LANCELOT,80,56,0
LANCELOT,62,0,0
LANCELOT,70,90,0
LANCELOT,76,55,17
LANCELOT,37,52,0
LANCELOT,93,68,19
LANCELOT,82,0,0
LANCELOT,40,39,15
LANCELOT,34,0,0
LANCELOT,45,0,0
LANCELOT,63,94,3
LANCELOT,56,0,0
LANCELOT,76,9,2
LANCELOT,51,51,0
LANCELOT,66,65,0
LANCELOT,3,0,0
LANCELOT,37,43,0
LANCELOT,26,97,0
LANCELOT,18,87,15
LANCELOT,62,0,0
LANCELOT,25,43,0
LANCELOT,31,0,0
LANCELOT,84,0,0
LANCELOT,35,60,15
LANCELOT,36,65,29
LANCELOT,40,24,3
LANCELOT,71,16,0
LANCELOT,85,0,0
LANCELOT,8,36,4
LANCELOT,40,15,7
LANCELOT,27,84,0
LANCELOT,94,64,0
LANCELOT,33,94,0
LANCELOT,85,49,0
LANCELOT,74,68,0
LANCELOT,98,0,0
LANCELOT,56,41,0
LANCELOT,30,7,3
LANCELOT,50,100,0
LANCELOT,90,83,0
LANCELOT,6,13,0
LANCELOT,90,25,0
LANCELOT,82,5,0
LANCELOT,8,0,0
LANCELOT,19,78,10
LANCELOT,21,95,8
LANCELOT,95,53,2
LANCELOT,1,42,1
LANCELOT,47,78,0
LANCELOT,14,0,0
LANCELOT,70,95,0
LANCELOT,78,14,0
LANCELOT,22,100,0
LANCELOT,63,22,0
LANCELOT,100,34,11
LANCELOT,33,81,31
LANCELOT,62,68,0
LANCELOT,12,37,2
LANCELOT,18,0,0
LANCELOT,53,0,0
LANCELOT,89,37,10
LANCELOT,20,27,12
LANCELOT,18,90,17
LANCELOT,48,78,0
LANCELOT,31,33,7
LANCELOT,28,74,0
LANCELOT,22,40,8
LANCELOT,22,29,15
LANCELOT,2,73,2
LANCELOT,27,88,0
LANCELOT,93,85,0
LANCELOT,2,0,0
LANCELOT,87,0,0
LANCELOT,85,0,0
LANCELOT,33,0,0
LANCELOT,58,0,0
LANCELOT,97,88,0
LANCELOT,45,74,0
LANCELOT,61,84,0
LANCELOT,91,70,0
LANCELOT,91,7,1
LANCELOT,65,0,0
LANCELOT,22,2,0
LANCELOT,15,38,0
LANCELOT,65,77,0
LANCELOT,60,89,0
LANCELOT,96,0,0
LANCELOT,6,75,0
LANCELOT,2,11,0
LANCELOT,84,0,0
LANCELOT,49,88,0
LANCELOT,52,0,0
LANCELOT,100,55,0
LANCELOT,85,54,0
LANCELOT,54,96,0
LANCELOT,38,21,0
LANCELOT,35,58,23
LANCELOT,81,63,0
LANCELOT,50,0,0
LANCELOT,18,49,0
LANCELOT,49,0,0
LANCELOT,55,63,5
LANCELOT,68,87,23
LANCELOT,54,0,0
LANCELOT,92,79,69
LANCELOT,22,27,0
LANCELOT,98,0,0
LANCELOT,5,52,3
LANCELOT,41,95,0
LANCELOT,2,2,0
LANCELOT,58,0,0
LANCELOT,41,93,0
LANCELOT,75,92,0
LANCELOT,62,49,0
LANCELOT,70,0,0
LANCELOT,94,32,0
LANCELOT,4,70,0
LANCELOT,17,84,0
LANCELOT,97,98,25
LANCELOT,96,33,10
LANCELOT,76,0,0
LANCELOT,74,46,1
LANCELOT,85,25,0
LANCELOT,28,87,19
LANCELOT,74,0,0
LANCELOT,76,73,0
LANCELOT,49,69,0
LANCELOT,37,46,0
LANCELOT,55,19,4
LANCELOT,71,0,0
LANCELOT,79,39,0
LANCELOT,100,80,35
LANCELOT,91,0,0
LANCELOT,12,57,0
LANCELOT,79,6,2
LANCELOT,83,0,0
LANCELOT,27,32,0
LANCELOT,95,50,0
LANCELOT,43,38,0
LANCELOT,95,0,0
LANCELOT,19,86,0
LANCELOT,75,57,34
LANCELOT,73,42,0
LANCELOT,30,92,0
LANCELOT,29,65,18
LANCELOT,53,0,0
LANCELOT,44,79,13
LANCELOT,77,55,0
LANCELOT,54,72,0
LANCELOT,76,20,10
LANCELOT,92,0,0
LANCELOT,40,0,0
LANCELOT,19,36,0
LANCELOT,53,46,34
LANCELOT,76,26,0
LANCELOT,85,11,0
LANCELOT,70,26,0
LANCELOT,33,47,0
LANCELOT,24,0,0
LANCELOT,21,12,7
LANCELOT,92,59,0
LANCELOT,41,15,0
LANCELOT,29,82,29
LANCELOT,75,95,65
LANCELOT,20,8,0
LANCELOT,43,20,20
LANCELOT,79,41,31
LANCELOT,29,76,8
LANCELOT,86,0,0
LANCELOT,66,0,0
LANCELOT,26,47,16
LANCELOT,59,82,0
LANCELOT,58,59,0
LANCELOT,93,64,0
LANCELOT,86,55,0
LANCELOT,90,37,26
LANCELOT,24,33,0
LANCELOT,41,39,0
LANCELOT,40,41,0
LANCELOT,75,79,33
LANCELOT,72,0,0
LANCELOT,8,19,0
LANCELOT,57,0,0
LANCELOT,13,0,0
LANCELOT,41,100,0
LANCELOT,31,10,1
LANCELOT,61,0,0
LANCELOT,96,93,3
LANCELOT,48,38,0
LANCELOT,26,0,0
LANCELOT,7,16,0
LANCELOT,84,0,0
LANCELOT,78,89,28
LANCELOT,45,0,0
LANCELOT,9,45,0
LANCELOT,85,19,0
LANCELOT,92,49,0
LANCELOT,9,65,0
LANCELOT,2,0,0
LANCELOT,32,0,0
LANCELOT,29,0,0
LANCELOT,96,49,0
LANCELOT,2,57,1
LANCELOT,63,27,12
LANCELOT,24,17,14
LANCELOT,96,25,0
LANCELOT,81,39,0
LANCELOT,40,0,0
LANCELOT,96,1,0
LANCELOT,35,0,0
LANCELOT,74,58,0
LANCELOT,80,76,0
LANCELOT,47,99,0
LANCELOT,74,35,10
LANCELOT,30,66,0
LANCELOT,12,0,0
LANCELOT,76,17,16
LANCELOT,63,16,2
LANCELOT,82,37,11
LANCELOT,100,26,0
LANCELOT,48,9,1
LANCELOT,83,73,68
LANCELOT,68,97,0
LANCELOT,31,0,0
LANCELOT,69,0,0
LANCELOT,12,0,0
LANCELOT,91,18,0
LANCELOT,52,81,0
LANCELOT,68,79,55
LANCELOT,67,40,0
LANCELOT,24,0,0
LANCELOT,86,64,0
LANCELOT,40,56,7
LANCELOT,89,31,0
LANCELOT,97,0,0
LANCELOT,1,37,1
LANCELOT,79,92,0
LANCELOT,18,73,0
LANCELOT,73,2,1
LANCELOT,47,53,18
LANCELOT,6,81,0
LANCELOT,65,0,0
LANCELOT,26,0,0
LANCELOT,69,80,20
LANCELOT,91,0,0
LANCELOT,44,10,9
LANCELOT,18,0,0
LANCELOT,26,13,0
LANCELOT,84,0,0
LANCELOT,40,86,0
LANCELOT,44,35,8
LANCELOT,14,84,0
LANCELOT,58,0,0
LANCELOT,64,54,0
LANCELOT,35,64,19
LANCELOT,44,66,25
LANCELOT,2,56,0
LANCELOT,29,61,16
LANCELOT,94,87,41
LANCELOT,6,32,0
LANCELOT,79,60,41
LANCELOT,100,70,0
LANCELOT,61,0,0
LANCELOT,12,0,0
LANCELOT,20,51,11
LANCELOT,35,3,0
LANCELOT,27,38,0
LANCELOT,3,69,0
LANCELOT,71,88,63
LANCELOT,15,3,3
LANCELOT,47,90,0
LANCELOT,45,26,0
LANCELOT,42,2,0
LANCELOT,88,13,0
LANCELOT,56,17,13
LANCELOT,71,48,14
LANCELOT,33,12,12
LANCELOT,21,0,0
LANCELOT,92,11,1
LANCELOT,44,61,0
LANCELOT,57,0,0
LANCELOT,86,0,0
LANCELOT,90,91,0
LANCELOT,67,20,7
LANCELOT,82,88,0
LANCELOT,36,55,0
LANCELOT,7,72,1
LANCELOT,88,96,0
LANCELOT,24,9,0
LANCELOT,75,95,0
LANCELOT,33,95,0
LANCELOT,35,0,0
LANCELOT,51,43,38
LANCELOT,82,4,1
LANCELOT,20,64,0
LANCELOT,75,0,0
LANCELOT,34,49,0
LANCELOT,91,70,67
LANCELOT,43,72,0
LANCELOT,20,0,0
LANCELOT,68,33,0
LANCELOT,45,62,0
LANCELOT,35,46,23
LANCELOT,30,90,8
LANCELOT,74,46,0
LANCELOT,27,19,9
LANCELOT,50,86,0
LANCELOT,80,0,0
LANCELOT,58,0,0
LANCELOT,85,12,0
LANCELOT,71,50,0
LANCELOT,31,0,0
LANCELOT,56,81,34
LANCELOT,52,37,0
LANCELOT,52,44,0
LANCELOT,18,16,9
LANCELOT,61,84,0
LANCELOT,33,3,0
LANCELOT,22,80,19
LANCELOT,95,92,90
LANCELOT,32,84,0
LANCELOT,57,49,0
LANCELOT,92,0,0
LANCELOT,80,0,0
LANCELOT,29,0,0
LANCELOT,94,96,0
LANCELOT,88,18,17
LANCELOT,62,0,0
LANCELOT,6,24,0
LANCELOT,92,0,0
LANCELOT,100,81,2
LANCELOT,45,27,2
LANCELOT,19,65,0
LANCELOT,58,0,0
LANCELOT,43,0,0
LANCELOT,74,36,28
LANCELOT,48,0,0
LANCELOT,10,69,0
LANCELOT,48,0,0
LANCELOT,40,0,0
LANCELOT,13,89,12
LANCELOT,67,56,0
LANCELOT,44,76,23
LANCELOT,9,64,0
LANCELOT,14,81,0
LANCELOT,77,63,19
LANCELOT,77,0,0
LANCELOT,72,67,29
LANCELOT,80,0,0
LANCELOT,20,0,0
LANCELOT,97,55,55
LANCELOT,65,28,9
LANCELOT,47,0,0
LANCELOT,6,87,1
LANCELOT,26,16,13
LANCELOT,26,87,0
LANCELOT,16,10,4
LANCELOT,41,0,0
LANCELOT,97,59,0
LANCELOT,32,23,17
LANCELOT,59,9,7
LANCELOT,34,60,24
LANCELOT,60,19,0
LANCELOT,62,0,0
LANCELOT,7,25,5
LANCELOT,99,90,0
LANCELOT,22,42,22
LANCELOT,8,71,0
LANCELOT,31,49,0
LANCELOT,95,0,0
LANCELOT,24,34,0
LANCELOT,62,54,45
LANCELOT,91,0,0
LANCELOT,93,85,0
LANCELOT,56,0,0
LANCELOT,42,52,0
LANCELOT,95,0,0
LANCELOT,8,83,0
LANCELOT,72,5,2
LANCELOT,22,0,0
LANCELOT,75,0,0
LANCELOT,53,17,1
LANCELOT,27,3,0
LANCELOT,88,13,4
LANCELOT,55,76,0
LANCELOT,49,82,0
LANCELOT,52,66,0
LANCELOT,31,0,0
LANCELOT,54,0,0
LANCELOT,60,50,49
LANCELOT,9,26,0
LANCELOT,27,0,0
LANCELOT,53,0,0
LANCELOT,2,63,0
LANCELOT,23,61,0
LANCELOT,28,59,0
LANCELOT,14,0,0
LANCELOT,4,0,0
LANCELOT,73,35,0
LANCELOT,69,27,11
LANCELOT,98,84,0
LANCELOT,21,8,0
LANCELOT,32,100,17
LANCELOT,87,20,0
LANCELOT,34,54,0
LANCELOT,25,39,19
LANCELOT,82,41,0
LANCELOT,76,98,0
LANCELOT,52,0,0
LANCELOT,11,49,0
LANCELOT,76,70,37
LANCELOT,72,15,1
LANCELOT,28,76,25
LANCELOT,100,0,0
LANCELOT,66,63,46
LANCELOT,45,65,0
LANCELOT,16,48,12
LANCELOT,43,58,12
LANCELOT,28,0,0
LANCELOT,43,15,0
LANCELOT,31,7,4
LANCELOT,27,89,22
LANCELOT,21,70,0
LANCELOT,83,0,0
LANCELOT,83,0,0
LANCELOT,43,52,0
LANCELOT,95,0,0
LANCELOT,70,36,10
LANCELOT,64,1,0
LANCELOT,55,68,0
LANCELOT,47,90,42
LANCELOT,15,47,6
LANCELOT,17,76,16
LANCELOT,65,21,0
LANCELOT,22,0,0
LANCELOT,91,36,0
LANCELOT,73,7,7
LANCELOT,61,84,59
LANCELOT,46,33,31
LANCELOT,52,0,0
LANCELOT,18,66,13
LANCELOT,38,0,0
LANCELOT,90,34,0
LANCELOT,17,26,8
LANCELOT,43,66,0
LANCELOT,39,99,30
LANCELOT,50,74,0
LANCELOT,45,99,0
LANCELOT,91,57,0
LANCELOT,53,46,16
LANCELOT,31,0,0
LANCELOT,37,30,0
LANCELOT,91,41,33
LANCELOT,6,64,0
LANCELOT,36,38,0
LANCELOT,59,16,0
LANCELOT,12,50,1
LANCELOT,5,22,0
LANCELOT,94,0,0
LANCELOT,51,0,0
LANCELOT,83,34,0
LANCELOT,98,0,0
LANCELOT,29,0,0
LANCELOT,1,0,0
LANCELOT,36,0,0
LANCELOT,11,22,0
LANCELOT,75,60,37
LANCELOT,43,0,0
LANCELOT,16,47,0
LANCELOT,59,1,1
LANCELOT,5,12,0
LANCELOT,73,1,1
LANCELOT,75,0,0
LANCELOT,50,0,0
LANCELOT,72,40,15
LANCELOT,90,4,0
LANCELOT,62,67,0
LANCELOT,17,87,0
LANCELOT,31,81,13
LANCELOT,77,75,32
LANCELOT,56,23,0
LANCELOT,38,16,0
LANCELOT,24,17,0
LANCELOT,88,0,0
LANCELOT,76,46,0
LANCELOT,50,0,0
LANCELOT,63,0,0
LANCELOT,52,77,0
LANCELOT,52,0,0
LANCELOT,32,0,0
LANCELOT,27,36,0
LANCELOT,47,98,0
LANCELOT,36,8,7
LANCELOT,17,0,0
LANCELOT,40,43,0
LANCELOT,86,0,0
LANCELOT,44,51,0
LANCELOT,31,0,0
LANCELOT,98,16,13
LANCELOT,68,79,0
LANCELOT,13,0,0
LANCELOT,69,62,46
LANCELOT,12,87,0
LANCELOT,85,7,2
LANCELOT,39,79,18
LANCELOT,93,65,31
LANCELOT,23,36,0
LANCELOT,92,68,0
LANCELOT,27,0,0
LANCELOT,11,89,0
LANCELOT,46,41,37
LANCELOT,31,14,10
LANCELOT,14,4,0
LANCELOT,3,0,0
LANCELOT,96,98,40
LANCELOT,15,31,0
LANCELOT,72,0,0
LANCELOT,15,69,0
LANCELOT,51,77,0
LANCELOT,7,11,0
LANCELOT,51,36,15
LANCELOT,73,98,0
LANCELOT,67,74,29
LANCELOT,71,26,0
LANCELOT,15,4,4
LANCELOT,22,25,14
LANCELOT,39,15,0
LANCELOT,9,54,2
LANCELOT,22,12,0
LANCELOT,24,0,0
LANCELOT,59,89,47
LANCELOT,5,0,0
LANCELOT,61,26,7
LANCELOT,9,33,0
LANCELOT,5,69,0
LANCELOT,5,0,0
LANCELOT,90,5,0
LANCELOT,66,35,0
LANCELOT,24,68,0
LANCELOT,71,89,36
LANCELOT,27,0,0
LANCELOT,97,0,0
LANCELOT,9,0,0
LANCELOT,23,64,0
LANCELOT,4,79,0
LANCELOT,77,53,0
LANCELOT,79,0,0
LANCELOT,89,0,0
LANCELOT,78,24,18
LANCELOT,3,0,0
LANCELOT,19,24,18
LANCELOT,70,47,18
LANCELOT,84,52,35
LANCELOT,36,0,0
LANCELOT,22,14,0
LANCELOT,55,42,0
LANCELOT,37,31,0
LANCELOT,98,73,67
LANCELOT,5,88,0
LANCELOT,71,89,0
LANCELOT,35,0,0
LANCELOT,94,52,39
LANCELOT,16,0,0
LANCELOT,59,87,0
LANCELOT,9,0,0
LANCELOT,36,0,0
LANCELOT,25,91,0
LANCELOT,58,0,0
LANCELOT,72,53,0
LANCELOT,83,2,1
LANCELOT,69,0,0
LANCELOT,55,38,20
LANCELOT,72,0,0
LANCELOT,38,19,6
LANCELOT,53,35,17
LANCELOT,82,87,10
LANCELOT,94,0,0
LANCELOT,57,73,0
LANCELOT,20,18,11
LANCELOT,52,0,0
LANCELOT,57,54,0
LANCELOT,27,55,19
LANCELOT,86,100,73
LANCELOT,21,34,0
LANCELOT,57,38,0
LANCELOT,45,0,0
LANCELOT,16,0,0
LANCELOT,9,0,0
LANCELOT,45,0,0
LANCELOT,65,0,0
LANCELOT,84,4,0
LANCELOT,45,89,0
LANCELOT,5,22,0
LANCELOT,46,27,0
LANCELOT,13,61,3
LANCELOT,66,0,0
LANCELOT,65,87,49
LANCELOT,96,0,0
LANCELOT,56,10,0
LANCELOT,20,0,0
LANCELOT,94,69,0
LANCELOT,51,79,28
LANCELOT,19,0,0
LANCELOT,66,36,0
LANCELOT,39,0,0
LANCELOT,88,36,11
LANCELOT,11,34,0
LANCELOT,43,0,0
LANCELOT,32,45,0
LANCELOT,11,0,0
LANCELOT,95,0,0
LANCELOT,75,3,0
LANCELOT,29,0,0
LANCELOT,89,25,0
LANCELOT,3,51,3
LANCELOT,56,92,0
LANCELOT,1,10,0
LANCELOT,37,37,0
LANCELOT,15,69,8
LANCELOT,85,70,48
LANCELOT,77,61,35
LANCELOT,42,59,30
LANCELOT,84,7,1
LANCELOT,42,34,0
LANCELOT,31,7,0
LANCELOT,50,76,0
LANCELOT,81,70,0
LANCELOT,32,0,0
LANCELOT,22,11,0
LANCELOT,53,0,0
LANCELOT,80,0,0
LANCELOT,98,16,8
LANCELOT,2,0,0
LANCELOT,63,0,0
LANCELOT,8,0,0
LANCELOT,26,74,0
LANCELOT,18,0,0
LANCELOT,31,31,0
LANCELOT,74,0,0
LANCELOT,64,0,0
LANCELOT,17,0,0
LANCELOT,42,96,36
LANCELOT,4,66,3
LANCELOT,33,0,0
LANCELOT,75,98,0
LANCELOT,73,41,34
LANCELOT,51,12,0
LANCELOT,46,14,6
LANCELOT,16,72,7
LANCELOT,84,84,76
LANCELOT,89,0,0
LANCELOT,31,89,0
LANCELOT,83,71,0
LANCELOT,20,87,0
LANCELOT,98,45,0
LANCELOT,93,6,0
LANCELOT,24,83,0
LANCELOT,25,25,4
LANCELOT,38,94,32
LANCELOT,54,0,0
LANCELOT,42,11,0
LANCELOT,84,46,0
LANCELOT,61,34,14
LANCELOT,41,26,16
LANCELOT,3,2,2
LANCELOT,79,0,0
LANCELOT,6,89,0
LANCELOT,48,61,0
LANCELOT,10,65,4
LANCELOT,96,0,0
LANCELOT,5,51,0
LANCELOT,65,68,0
LANCELOT,92,87,0
LANCELOT,54,34,0
LANCELOT,69,58,21
LANCELOT,61,52,17
LANCELOT,78,16,0
LANCELOT,45,0,0
LANCELOT,75,0,0
LANCELOT,17,86,0
LANCELOT,73,96,0
LANCELOT,38,14,0
LANCELOT,31,9,0
LANCELOT,53,16,16
LANCELOT,23,67,0
LANCELOT,8,75,0
LANCELOT,84,9,0
LANCELOT,22,27,0
LANCELOT,6,5,0
LANCELOT,29,0,0
LANCELOT,68,60,0
LANCELOT,39,0,0
LANCELOT,5,0,0
LANCELOT,59,89,46
LANCELOT,36,0,0
LANCELOT,80,53,0
LANCELOT,62,42,0
LANCELOT,84,91,33
LANCELOT,77,28,0
LANCELOT,17,0,0
LANCELOT,10,95,4
LANCELOT,53,0,0
LANCELOT,31,0,0
LANCELOT,55,1,1
LANCELOT,4,22,2
LANCELOT,56,74,0
LANCELOT,28,97,0
LANCELOT,5,17,0
LANCELOT,40,0,0
LANCELOT,35,22,6
LANCELOT,23,97,0
LANCELOT,28,77,0
LANCELOT,80,3,0
LANCELOT,20,100,0
LANCELOT,80,58,0
LANCELOT,90,18,0
LANCELOT,68,55,18
LANCELOT,63,0,0
LANCELOT,61,2,0
LANCELOT,49,0,0
LANCELOT,24,0,0
LANCELOT,49,0,0
LANCELOT,7,24,4
LANCELOT,71,33,18
LANCELOT,3,79,3
LANCELOT,67,34,0
LANCELOT,15,0,0
LANCELOT,76,75,27
LANCELOT,91,0,0
LANCELOT,3,31,0
LANCELOT,8,0,0
LANCELOT,45,28,0
LANCELOT,69,88,67
LANCELOT,29,0,0
LANCELOT,5,0,0
LANCELOT,87,73,0
LANCELOT,69,24,15
LANCELOT,43,3,3
LANCELOT,80,0,0
LANCELOT,2,46,0
LANCELOT,19,0,0
LANCELOT,75,79,20
LANCELOT,79,93,37
LANCELOT,100,0,0
LANCELOT,92,71,0
LANCELOT,28,30,0
LANCELOT,50,0,0
LANCELOT,6,15,0
LANCELOT,63,27,11
LANCELOT,99,98,0
LANCELOT,59,0,0
LANCELOT,35,0,0
LANCELOT,48,0,0
LANCELOT,13,74,0
LANCELOT,52,0,0
LANCELOT,99,69,38
LANCELOT,21,0,0
LANCELOT,90,0,0
LANCELOT,62,38,32
LANCELOT,34,0,0
LANCELOT,76,0,0
LANCELOT,99,0,0
LANCELOT,56,0,0
LANCELOT,44,62,0
LANCELOT,39,90,0
LANCELOT,66,0,0
LANCELOT,67,0,0
LANCELOT,13,98,6
LANCELOT,80,71,0
LANCELOT,11,86,1
LANCELOT,37,14,6
LANCELOT,100,71,0
LANCELOT,36,59,0
LANCELOT,8,82,0
LANCELOT,99,12,4
LANCELOT,48,72,0
LANCELOT,56,25,17
LANCELOT,54,0,0
LANCELOT,43,0,0
LANCELOT,77,5,0
LANCELOT,97,35,0
LANCELOT,49,42,1
LANCELOT,96,0,0
LANCELOT,79,0,0
LANCELOT,8,0,0
LANCELOT,92,38,0
LANCELOT,65,3,0
LANCELOT,38,99,0
LANCELOT,48,78,0
LANCELOT,43,8,1
LANCELOT,62,0,0
LANCELOT,68,38,19
LANCELOT,53,44,41
LANCELOT,39,4,1
LANCELOT,80,0,0
LANCELOT,55,4,0
LANCELOT,81,54,25
LANCELOT,95,98,0
LANCELOT,34,74,32
LANCELOT,75,69,0
LANCELOT,91,91,0
LANCELOT,17,29,14
LANCELOT,49,0,0
LANCELOT,40,0,0
LANCELOT,1,0,0
LANCELOT,56,12,7
LANCELOT,85,55,32
LANCELOT,9,40,0
LANCELOT,10,0,0
LANCELOT,1,68,0
LANCELOT,50,25,0
LANCELOT,42,0,0
LANCELOT,23,82,0
LANCELOT,33,0,0
LANCELOT,85,45,36
LANCELOT,50,0,0
LANCELOT,27,7,3
LANCELOT,28,9,0
LANCELOT,47,0,0
LANCELOT,72,66,8
LANCELOT,61,0,0
LANCELOT,74,0,0
LANCELOT,30,12,9
LANCELOT,95,44,3
LANCELOT,32,23,0
LANCELOT,90,0,0
LANCELOT,73,0,0
LANCELOT,23,0,0
LANCELOT,34,33,28
LANCELOT,96,10,0
LANCELOT,8,23,6
LANCELOT,62,41,23
LANCELOT,98,70,24
LANCELOT,1,14,0
LANCELOT,45,10,8
LANCELOT,88,84,8
LANCELOT,9,0,0
LANCELOT,72,0,0
LANCELOT,15,0,0
LANCELOT,18,67,1
LANCELOT,5,77,1
LANCELOT,94,37,0
LANCELOT,98,9,0
LANCELOT,100,97,0
LANCELOT,10,62,0
LANCELOT,13,20,0
LANCELOT,26,49,0
LANCELOT,2,0,0
LANCELOT,1,24,1
LANCELOT,30,85,0
LANCELOT,29,75,0
LANCELOT,41,0,0
LANCELOT,62,0,0
LANCELOT,11,33,0
LANCELOT,13,52,0
LANCELOT,47,0,0
LANCELOT,78,90,0
LANCELOT,36,0,0
LANCELOT,80,16,9
LANCELOT,57,100,0
LANCELOT,79,0,0
LANCELOT,1,0,0
LANCELOT,29,75,16
LANCELOT,25,0,0
LANCELOT,50,30,19
LANCELOT,82,77,29
LANCELOT,31,92,0
LANCELOT,66,92,27
LANCELOT,17,91,0
LANCELOT,97,65,0
LANCELOT,10,11,7
LANCELOT,48,16,11
LANCELOT,25,65,19
LANCELOT,65,0,0
LANCELOT,2,73,2
LANCELOT,33,0,0
LANCELOT,1,11,0
LANCELOT,72,60,0
LANCELOT,68,0,0
LANCELOT,64,93,0
LANCELOT,81,48,0
LANCELOT,14,69,0
LANCELOT,90,0,0
LANCELOT,36,0,0
LANCELOT,30,0,0
LANCELOT,30,96,0
LANCELOT,94,95,0
LANCELOT,54,0,0
LANCELOT,49,38,0
LANCELOT,20,90,1
LANCELOT,89,0,0
LANCELOT,97,0,0
LANCELOT,7,71,5
LANCELOT,63,86,0
LANCELOT,20,41,0
LANCELOT,51,0,0
LANCELOT,62,82,50
LANCELOT,67,89,0
LANCELOT,50,0,0
LANCELOT,44,58,0
LANCELOT,64,61,36
LANCELOT,37,73,0
LANCELOT,93,0,0
LANCELOT,85,0,0
LANCELOT,95,34,0
LANCELOT,97,64,0
LANCELOT,49,87,0
LANCELOT,39,55,36
LANCELOT,77,99,9
LANCELOT,5,0,0
LANCELOT,33,0,0
LANCELOT,57,36,0
LANCELOT,58,53,0
LANCELOT,47,77,0
LANCELOT,5,0,0
LANCELOT,67,55,41
LANCELOT,73,64,0
LANCELOT,63,23,0
LANCELOT,72,57,0
LANCELOT,43,1,1
LANCELOT,81,57,22
LANCELOT,26,0,0
LANCELOT,93,0,0
LANCELOT,95,31,1
LANCELOT,25,21,3
LANCELOT,58,77,0
LANCELOT,28,73,0
LANCELOT,2,66,0
LANCELOT,95,53,33
LANCELOT,75,0,0
LANCELOT,58,37,0
LANCELOT,15,0,0
LANCELOT,30,15,15
LANCELOT,43,68,0
LANCELOT,40,38,9
LANCELOT,57,44,0
LANCELOT,2,82,2
LANCELOT,21,19,0
LANCELOT,41,89,26
LANCELOT,77,0,0
LANCELOT,88,12,0
LANCELOT,6,61,1
LANCELOT,34,49,23
LANCELOT,26,0,0
LANCELOT,49,0,0
LANCELOT,61,0,0
LANCELOT,13,84,0
LANCELOT,12,19,0
LANCELOT,88,19,0
LANCELOT,30,55,0
LANCELOT,4,0,0
LANCELOT,61,0,0
LANCELOT,10,35,0
LANCELOT,9,0,0
LANCELOT,8,0,0
LANCELOT,89,0,0
LANCELOT,76,33,33
LANCELOT,17,62,0
LANCELOT,54,57,0
LANCELOT,38,24,0
LANCELOT,13,10,3
LANCELOT,16,40,14
LANCELOT,18,2,0
LANCELOT,65,83,0
LANCELOT,62,0,0
LANCELOT,99,95,37
LANCELOT,64,51,0
LANCELOT,87,0,0
LANCELOT,46,0,0
LANCELOT,37,0,0
LANCELOT,92,59,0
LANCELOT,25,84,16
LANCELOT,48,73,0
LANCELOT,12,0,0
LANCELOT,5,2,1
LANCELOT,81,0,0
LANCELOT,88,0,0
LANCELOT,70,52,0
LANCELOT,73,13,0
LANCELOT,34,100,0
LANCELOT,46,0,0
LANCELOT,50,71,0
LANCELOT,87,0,0
LANCELOT,66,62,52
LANCELOT,70,3,1
LANCELOT,69,47,44
LANCELOT,21,0,0
LANCELOT,36,0,0
LANCELOT,30,0,0
LANCELOT,45,50,0
LANCELOT,51,36,16
LANCELOT,73,14,0
LANCELOT,92,94,0
LANCELOT,74,22,0
LANCELOT,71,42,27
LANCELOT,57,8,0
LANCELOT,70,20,0
LANCELOT,94,37,17
LANCELOT,61,25,7
LANCELOT,58,27,22
LANCELOT,40,0,0
LANCELOT,26,0,0
LANCELOT,78,43,0
LANCELOT,32,69,0
LANCELOT,47,88,0
LANCELOT,91,31,3
LANCELOT,73,0,0
LANCELOT,83,16,0
LANCELOT,48,50,0
LANCELOT,92,76,0
LANCELOT,49,17,7
LANCELOT,44,11,0
LANCELOT,25,28,0
LANCELOT,54,0,0
LANCELOT,56,48,0
LANCELOT,48,58,36
LANCELOT,72,28,0
LANCELOT,16,56,0
LANCELOT,9,0,0
LANCELOT,62,64,46
LANCELOT,53,0,0
LANCELOT,88,99,0
LANCELOT,40,86,0
LANCELOT,10,0,0
LANCELOT,29,0,0
LANCELOT,76,39,0
LANCELOT,93,0,0
LANCELOT,17,26,4
LANCELOT,80,87,19
LANCELOT,83,38,0
LANCELOT,30,0,0
LANCELOT,35,85,30
LANCELOT,21,44,0
LANCELOT,17,23,6
LANCELOT,53,94,0
LANCELOT,6,0,0
LANCELOT,73,5,0
LANCELOT,49,98,41
LANCELOT,27,76,12
LANCELOT,63,12,6
LANCELOT,53,63,0
LANCELOT,83,81,0
LANCELOT,54,13,2
LANCELOT,89,0,0
LANCELOT,32,0,0
LANCELOT,85,98,0
LANCELOT,59,75,0
LANCELOT,23,36,0
LANCELOT,46,0,0
LANCELOT,47,74,9
LANCELOT,56,64,0
LANCELOT,44,56,17
LANCELOT,80,64,19
LANCELOT,39,0,0
LANCELOT,81,53,0
LANCELOT,58,70,0
LANCELOT,81,65,0
LANCELOT,5,62,0
LANCELOT,63,92,11
LANCELOT,99,53,0
LANCELOT,90,2,1
LANCELOT,36,0,0
LANCELOT,71,0,0
LANCELOT,87,0,0
LANCELOT,7,37,0
LANCELOT,82,93,0
LANCELOT,52,52,0
LANCELOT,50,38,0
LANCELOT,4,74,0
LANCELOT,6,22,0
LANCELOT,51,91,20
LANCELOT,26,1,1
LANCELOT,67,92,0
LANCELOT,6,69,3
LANCELOT,87,0,0
LANCELOT,96,22,0
LANCELOT,15,72,0
LANCELOT,58,4,1
LANCELOT,47,39,18
LANCELOT,84,0,0
LANCELOT,57,32,24
LANCELOT,52,29,12
LANCELOT,91,59,27
LANCELOT,83,48,5
LANCELOT,14,88,0
LANCELOT,56,0,0
LANCELOT,97,56,0
LANCELOT,60,43,13
LANCELOT,42,61,0
LANCELOT,60,39,8
LANCELOT,12,22,0
LANCELOT,99,4,0
LANCELOT,50,67,0
LANCELOT,1,0,0
LANCELOT,44,0,0
LANCELOT,60,0,0
LANCELOT,4,77,0
LANCELOT,53,91,0
LANCELOT,76,0,0
LANCELOT,65,0,0
LANCELOT,2,100,1
LANCELOT,100,46,0
LANCELOT,58,0,0
LANCELOT,13,0,0
LANCELOT,21,22,0
LANCELOT,94,0,0
LANCELOT,11,96,1
LANCELOT,73,0,0
LANCELOT,10,31,0
LANCELOT,9,0,0
LANCELOT,85,94,0
LANCELOT,96,0,0
LANCELOT,6,0,0
LANCELOT,57,0,0
LANCELOT,68,30,0
LANCELOT,88,81,0
LANCELOT,52,64,0
LANCELOT,20,75,0
LANCELOT,56,46,35
LANCELOT,17,0,0
LANCELOT,30,63,0
LANCELOT,100,0,0
LANCELOT,29,16,3
LANCELOT,70,15,0
LANCELOT,50,0,0
LANCELOT,47,0,0
LANCELOT,90,100,0
LANCELOT,91,42,13
LANCELOT,25,46,17
LANCELOT,32,26,14
LANCELOT,92,0,0
LANCELOT,58,0,0
LANCELOT,8,25,0
LANCELOT,43,74,0
LANCELOT,72,0,0
LANCELOT,3,0,0
LANCELOT,29,16,0
LANCELOT,55,79,3
LANCELOT,92,0,0
LANCELOT,48,60,0
LANCELOT,51,66,36
LANCELOT,28,83,0
LANCELOT,56,20,7
LANCELOT,78,4,1
LANCELOT,70,49,43
LANCELOT,64,6,0
LANCELOT,10,45,0
LANCELOT,73,0,0
LANCELOT,35,41,5
LANCELOT,66,88,0
LANCELOT,34,6,6
LANCELOT,59,35,5
LANCELOT,16,0,0
LANCELOT,52,39,0
LANCELOT,31,26,0
LANCELOT,42,0,0
LANCELOT,83,47,15
LANCELOT,80,85,49
LANCELOT,82,0,0
LANCELOT,22,74,0
LANCELOT,31,0,0
LANCELOT,18,17,3
LANCELOT,97,38,9
LANCELOT,70,49,32
LANCELOT,78,45,20
LANCELOT,88,0,0
LANCELOT,13,0,0
LANCELOT,23,32,0
LANCELOT,11,88,5
LANCELOT,19,72,5
LANCELOT,54,11,0
LANCELOT,12,24,12
LANCELOT,60,0,0
LANCELOT,93,63,53
LANCELOT,92,31,3
LANCELOT,78,0,0
LANCELOT,98,13,12
LANCELOT,2,28,0
LANCELOT,55,0,0
LANCELOT,37,3,1
LANCELOT,58,23,16
LANCELOT,13,24,11
LANCELOT,71,66,44
LANCELOT,64,1,1
LANCELOT,22,40,5
LANCELOT,39,19,0
LANCELOT,70,87,0
LANCELOT,52,0,0
LANCELOT,92,51,44
LANCELOT,79,0,0
LANCELOT,54,0,0
LANCELOT,45,100,11
LANCELOT,60,0,0
LANCELOT,4,0,0
LANCELOT,100,23,0
LANCELOT,87,0,0
LANCELOT,16,52,0
LANCELOT,38,0,0
LANCELOT,68,64,0
LANCELOT,56,31,0
LANCELOT,59,44,38
LANCELOT,44,26,14
LANCELOT,100,24,0
LANCELOT,39,84,0
LANCELOT,43,0,0
LANCELOT,50,0,0
LANCELOT,44,33,0
LANCELOT,63,40,8
LANCELOT,40,45,0
LANCELOT,80,40,31
LANCELOT,37,54,18
LANCELOT,67,0,0
LANCELOT,74,80,64
LANCELOT,43,61,0
LANCELOT,50,30,2
LANCELOT,94,26,0
LANCELOT,49,92,0
LANCELOT,92,3,2
LANCELOT,2,0,0
LANCELOT,33,0,0
LANCELOT,28,0,0
LANCELOT,26,0,0
LANCELOT,16,78,0
LANCELOT,10,44,0
LANCELOT,32,0,0
LANCELOT,12,44,0
LANCELOT,24,91,0
LANCELOT,14,65,2
LANCELOT,59,70,0
LANCELOT,61,9,3
LANCELOT,51,64,0
LANCELOT,55,70,0
LANCELOT,4,100,0
LANCELOT,86,21,0
LANCELOT,93,43,18
LANCELOT,7,22,7
LANCELOT,94,78,0
LANCELOT,39,0,0
LANCELOT,41,0,0
LANCELOT,19,84,0
LANCELOT,100,71,0
LANCELOT,65,95,0
LANCELOT,2,82,0
LANCELOT,93,42,0
LANCELOT,85,86,0
LANCELOT,49,43,23
LANCELOT,41,33,0
LANCELOT,89,63,0
LANCELOT,82,31,0
LANCELOT,78,41,35
LANCELOT,22,82,0
LANCELOT,89,0,0
LANCELOT,28,6,0
LANCELOT,3,14,0
LANCELOT,36,2,2
LANCELOT,29,22,14
LANCELOT,83,80,4
LANCELOT,42,40,0
LANCELOT,35,77,5
LANCELOT,97,7,0
LANCELOT,5,76,0
LANCELOT,96,45,0
LANCELOT,37,58,0
LANCELOT,62,45,0
LANCELOT,15,74,14
LANCELOT,36,0,0
LANCELOT,43,9,0
LANCELOT,47,0,0
LANCELOT,19,3,0
LANCELOT,45,47,14
LANCELOT,85,52,0
LANCELOT,36,75,0
LANCELOT,45,44,0
LANCELOT,97,88,3
LANCELOT,60,49,0
LANCELOT,4,14,1
LANCELOT,95,79,67
LANCELOT,6,13,0
LANCELOT,33,89,0
LANCELOT,93,0,0
LANCELOT,74,45,31
LANCELOT,53,72,46
LANCELOT,2,13,0
LANCELOT,51,75,39
LANCELOT,96,0,0
LANCELOT,9,0,0
LANCELOT,28,59,5
LANCELOT,91,92,31
LANCELOT,69,64,0
LANCELOT,82,6,0
LANCELOT,1,68,0
LANCELOT,14,64,0
LANCELOT,66,63,0
LANCELOT,73,58,41
LANCELOT,30,79,0
LANCELOT,81,0,0
LANCELOT,49,0,0
LANCELOT,21,63,18
LANCELOT,76,16,13
LANCELOT,5,23,3
LANCELOT,22,15,0
LANCELOT,25,61,0
LANCELOT,97,81,0
LANCELOT,32,77,20
LANCELOT,76,0,0
LANCELOT,50,36,0
LANCELOT,65,0,0
LANCELOT,81,81,7
LANCELOT,10,70,7
LANCELOT,62,80,25
LANCELOT,39,13,9
LANCELOT,17,38,14
LANCELOT,67,25,0
LANCELOT,71,97,32
LANCELOT,22,43,14
LANCELOT,73,41,7
LANCELOT,35,52,28
LANCELOT,25,80,0
LANCELOT,86,0,0
LANCELOT,81,93,59
LANCELOT,22,0,0
LANCELOT,62,20,8
LANCELOT,18,0,0
LANCELOT,43,0,0
LANCELOT,5,36,2
LANCELOT,49,0,0
LANCELOT,68,0,0
LANCELOT,42,0,0
LANCELOT,84,29,9
LANCELOT,20,15,0
LANCELOT,25,78,25
LANCELOT,91,46,0
LANCELOT,89,7,0
LANCELOT,74,0,0
LANCELOT,70,30,0
LANCELOT,42,1,1
LANCELOT,70,67,66
LANCELOT,85,0,0
LANCELOT,90,96,0
LANCELOT,41,0,0
LANCELOT,91,85,59
LANCELOT,83,12,11
LANCELOT,4,81,0
LANCELOT,5,75,0
LANCELOT,67,65,0
LANCELOT,65,52,0
LANCELOT,2,0,0
LANCELOT,48,29,0
LANCELOT,82,80,0
LANCELOT,47,0,0
LANCELOT,86,0,0
LANCELOT,10,7,0
LANCELOT,51,62,0
LANCELOT,33,5,4
LANCELOT,22,31,3
LANCELOT,52,71,20
LANCELOT,44,77,0
LANCELOT,37,61,0
LANCELOT,14,38,0
LANCELOT,88,39,31
LANCELOT,64,45,0
LANCELOT,41,83,0
LANCELOT,50,57,15
LANCELOT,63,0,0
LANCELOT,16,0,0
LANCELOT,49,26,3
LANCELOT,85,67,63
LANCELOT,88,60,0
LANCELOT,65,0,0
LANCELOT,26,9,0
LANCELOT,82,43,40
LANCELOT,87,0,0
LANCELOT,60,0,0
LANCELOT,38,24,0
LANCELOT,99,5,3
LANCELOT,3,83,0
LANCELOT,11,80,0
LANCELOT,35,0,0
LANCELOT,10,0,0
LANCELOT,96,0,0
LANCELOT,11,0,0
LANCELOT,70,52,4
LANCELOT,45,34,8
LANCELOT,2,0,0
LANCELOT,34,75,3
LANCELOT,90,0,0
LANCELOT,78,0,0
LANCELOT,30,4,2
LANCELOT,77,16,0
LANCELOT,27,30,0
LANCELOT,97,19,7
LANCELOT,30,60,11
LANCELOT,44,0,0
LANCELOT,53,46,46
LANCELOT,37,59,0
LANCELOT,74,55,27
LANCELOT,17,3,2
LANCELOT,13,64,6
LANCELOT,8,0,0
LANCELOT,88,0,0
LANCELOT,3,59,1
LANCELOT,69,40,34
LANCELOT,62,78,53
LANCELOT,66,0,0
LANCELOT,18,67,0
LANCELOT,60,89,28
LANCELOT,2,30,0
LANCELOT,54,30,0
LANCELOT,8,42,3
LANCELOT,91,71,71
LANCELOT,52,1,0
LANCELOT,65,0,0
LANCELOT,56,92,44
LANCELOT,47,45,0
LANCELOT,56,3,2
LANCELOT,89,20,0
LANCELOT,11,0,0
LANCELOT,69,48,0
LANCELOT,11,41,0
LANCELOT,70,0,0
LANCELOT,60,0,0
LANCELOT,88,8,0
LANCELOT,94,24,0
LANCELOT,49,1,1
LANCELOT,68,10,0
LANCELOT,1,0,0
LANCELOT,88,71,0
LANCELOT,73,51,0
LANCELOT,35,62,0
LANCELOT,17,72,0
LANCELOT,18,100,0
LANCELOT,66,93,0
LANCELOT,90,0,0
LANCELOT,41,0,0
LANCELOT,38,43,20
LANCELOT,43,0,0
LANCELOT,31,70,10
LANCELOT,35,36,0
LANCELOT,98,18,0
LANCELOT,34,86,22
LANCELOT,34,0,0
LANCELOT,27,62,21
LANCELOT,87,93,15
LANCELOT,13,91,0
LANCELOT,56,77,24
LANCELOT,67,83,36
LANCELOT,33,42,0
LANCELOT,87,38,25
LANCELOT,47,2,0
LANCELOT,74,16,12
LANCELOT,70,0,0
LANCELOT,47,78,0
LANCELOT,46,57,0
LANCELOT,85,0,0
LANCELOT,40,85,0
LANCELOT,4,32,0
LANCELOT,56,64,25
LANCELOT,21,96,7
LANCELOT,72,72,3
LANCELOT,82,39,17
LANCELOT,59,0,0
LANCELOT,29,90,0
LANCELOT,22,0,0
LANCELOT,26,61,0
LANCELOT,1,0,0
LANCELOT,90,0,0
LANCELOT,57,74,30
LANCELOT,57,65,47
LANCELOT,89,35,0
LANCELOT,93,22,22
LANCELOT,51,84,0
LANCELOT,90,49,0
LANCELOT,21,56,7
LANCELOT,35,55,33
LANCELOT,67,0,0
LANCELOT,68,48,34
LANCELOT,8,56,0
LANCELOT,71,61,0
LANCELOT,13,93,4
LANCELOT,66,46,0
LANCELOT,41,67,5
LANCELOT,42,8,0
LANCELOT,65,8,0
LANCELOT,54,10,8
LANCELOT,69,46,24
LANCELOT,19,0,0
LANCELOT,56,57,44
LANCELOT,6,0,0
LANCELOT,85,76,0
LANCELOT,30,84,22
LANCELOT,51,63,33
LANCELOT,20,17,14
LANCELOT,64,43,14
LANCELOT,16,19,0
LANCELOT,15,26,0
LANCELOT,38,84,23
LANCELOT,47,57,0
LANCELOT,49,0,0
LANCELOT,94,64,0
LANCELOT,44,100,0
LANCELOT,62,49,0
LANCELOT,92,0,0
LANCELOT,57,0,0
LANCELOT,70,77,0
LANCELOT,15,0,0
LANCELOT,44,0,0
LANCELOT,45,71,0
LANCELOT,66,44,0
LANCELOT,67,90,0
LANCELOT,33,100,0
LANCELOT,70,50,0
LANCELOT,96,66,44
LANCELOT,99,0,0
LANCELOT,92,0,0
LANCELOT,86,60,52
LANCELOT,80,0,0
LANCELOT,48,29,0
LANCELOT,59,54,6
LANCELOT,3,50,0
LANCELOT,69,0,0
LANCELOT,52,98,0
LANCELOT,21,0,0
LANCELOT,54,14,0
LANCELOT,22,2,2
LANCELOT,80,83,0
LANCELOT,35,36,20
LANCELOT,33,0,0
LANCELOT,3,72,0
LANCELOT,18,0,0
LANCELOT,10,69,8
LANCELOT,31,13,7
LANCELOT,53,0,0
LANCELOT,30,0,0
LANCELOT,25,79,0
LANCELOT,65,70,0
LANCELOT,21,44,0
LANCELOT,32,16,0
LANCELOT,2,29,0
LANCELOT,24,19,16
LANCELOT,79,40,2
LANCELOT,90,51,13
LANCELOT,18,37,0
LANCELOT,39,0,0
LANCELOT,93,0,0
LANCELOT,91,33,0
LANCELOT,13,32,0
LANCELOT,27,50,0
LANCELOT,55,97,0
LANCELOT,12,42,0
LANCELOT,45,0,0
LANCELOT,18,62,14
LANCELOT,46,4,0
LANCELOT,65,40,0
LANCELOT,67,17,0
LANCELOT,51,71,0
LANCELOT,60,45,29
LANCELOT,17,68,6
LANCELOT,25,0,0
LANCELOT,99,43,0
LANCELOT,70,0,0
LANCELOT,8,67,8
LANCELOT,49,30,23
LANCELOT,74,65,0
LANCELOT,73,33,0
LANCELOT,67,98,11
LANCELOT,81,1,1
LANCELOT,41,54,14
LANCELOT,28,38,0
LANCELOT,13,37,0
LANCELOT,42,0,0
LANCELOT,93,2,0
LANCELOT,46,0,0
LANCELOT,82,64,0
LANCELOT,16,0,0
LANCELOT,86,33,13
LANCELOT,14,69,0
LANCELOT,3,97,0
LANCELOT,8,48,0
LANCELOT,49,27,13
LANCELOT,61,0,0
LANCELOT,90,95,45
LANCELOT,18,16,0
LANCELOT,87,0,0
LANCELOT,40,0,0
LANCELOT,57,53,0
LANCELOT,87,50,41
LANCELOT,20,29,13
LANCELOT,74,0,0
LANCELOT,91,0,0
LANCELOT,71,0,0
LANCELOT,6,70,0
LANCELOT,37,29,0
LANCELOT,55,0,0
LANCELOT,96,80,40
LANCELOT,74,26,16
LANCELOT,94,6,4
LANCELOT,13,19,10
LANCELOT,6,40,6
LANCELOT,35,54,0
LANCELOT,64,86,0
LANCELOT,65,49,21
LANCELOT,45,24,0
LANCELOT,2,0,0
LANCELOT,5,0,0
LANCELOT,64,0,0
LANCELOT,3,0,0
LANCELOT,18,25,0
LANCELOT,5,0,0
LANCELOT,45,0,0
LANCELOT,22,19,0
LANCELOT,72,45,0
LANCELOT,73,0,0
LANCELOT,50,41,30
LANCELOT,13,12,4
LANCELOT,73,29,0
LANCELOT,40,64,0
LANCELOT,98,60,48
LANCELOT,45,0,0
LANCELOT,71,0,0
LANCELOT,11,47,0
LANCELOT,77,32,0
LANCELOT,38,35,0
LANCELOT,35,1,0
LANCELOT,31,5,3
LANCELOT,83,9,1
LANCELOT,86,29,0
LANCELOT,5,100,0
LANCELOT,17,0,0
LANCELOT,11,95,0
LANCELOT,49,54,0
LANCELOT,1,0,0
LANCELOT,94,0,0
LANCELOT,72,61,0
LANCELOT,3,44,1
LANCELOT,18,55,1
LANCELOT,94,0,0
LANCELOT,1,100,1
LANCELOT,9,35,4
LANCELOT,23,0,0
LANCELOT,100,3,0
LANCELOT,60,41,0
LANCELOT,48,58,0
LANCELOT,8,18,6
LANCELOT,99,0,0
LANCELOT,83,0,0
LANCELOT,6,0,0
LANCELOT,53,32,0
LANCELOT,32,0,0
LANCELOT,87,46,35
LANCELOT,43,5,0
LANCELOT,97,0,0
LANCELOT,20,0,0
LANCELOT,46,0,0
LANCELOT,29,99,14
LANCELOT,25,10,10
LANCELOT,92,4,3
LANCELOT,27,96,0
LANCELOT,41,0,0
LANCELOT,95,39,21
LANCELOT,46,45,0
LANCELOT,27,77,0
LANCELOT,22,0,0
LANCELOT,34,0,0
LANCELOT,99,76,0
LANCELOT,49,13,0
LANCELOT,36,82,0
LANCELOT,97,91,19
LANCELOT,64,92,11
LANCELOT,11,45,0
LANCELOT,24,74,14
LANCELOT,57,50,42
LANCELOT,82,0,0
LANCELOT,31,20,17
LANCELOT,19,17,2
LANCELOT,31,45,0
LANCELOT,81,73,0
LANCELOT,78,68,0
LANCELOT,38,51,0
LANCELOT,96,58,0
LANCELOT,38,0,0
LANCELOT,81,59,0
LANCELOT,98,0,0
LANCELOT,81,7,5
LANCELOT,59,28,4
LANCELOT,1,86,0
LANCELOT,29,40,18
LANCELOT,82,0,0
LANCELOT,59,63,0
LANCELOT,32,0,0
LANCELOT,85,0,0
LANCELOT,75,67,0
LANCELOT,84,12,8
LANCELOT,77,66,0
LANCELOT,94,99,0
LANCELOT,79,86,67
LANCELOT,49,83,42
LANCELOT,48,42,29
LANCELOT,13,86,0
LANCELOT,80,99,0
LANCELOT,77,35,10
LANCELOT,9,64,0
LANCELOT,24,0,0
LANCELOT,1,61,0
LANCELOT,38,78,33
LANCELOT,6,87,3
LANCELOT,23,0,0
LANCELOT,21,38,2
LANCELOT,23,20,12
LANCELOT,53,0,0
LANCELOT,34,7,0
LANCELOT,16,28,0
LANCELOT,15,16,0
LANCELOT,7,25,3
LANCELOT,52,36,0
LANCELOT,37,12,0
LANCELOT,27,96,8
LANCELOT,100,98,29
LANCELOT,99,0,0
LANCELOT,39,0,0
LANCELOT,51,0,0
LANCELOT,88,25,0
LANCELOT,80,29,0
LANCELOT,64,67,0
LANCELOT,9,0,0
LANCELOT,15,81,15
LANCELOT,18,41,0
LANCELOT,86,0,0
LANCELOT,1,0,0
LANCELOT,37,0,0
LANCELOT,98,38,5
LANCELOT,46,32,32
LANCELOT,45,0,0
LANCELOT,53,0,0
LANCELOT,9,58,7
LANCELOT,100,0,0
LANCELOT,34,12,0
LANCELOT,62,19,0
LANCELOT,44,23,0
LANCELOT,76,0,0
LANCELOT,9,68,0
LANCELOT,61,0,0
LANCELOT,57,15,10
LANCELOT,80,0,0
LANCELOT,60,96,0
LANCELOT,30,0,0
LANCELOT,30,0,0
LANCELOT,84,5,1
LANCELOT,28,73,0
LANCELOT,17,92,16
LANCELOT,73,66,0
LANCELOT,61,0,0
LANCELOT,11,0,0
LANCELOT,49,93,37
LANCELOT,23,23,0
LANCELOT,17,16,15
LANCELOT,97,23,0
LANCELOT,60,0,0
LANCELOT,60,0,0
LANCELOT,67,52,0
LANCELOT,16,0,0
LANCELOT,23,62,22
LANCELOT,49,82,27
LANCELOT,65,32,0
LANCELOT,13,0,0
LANCELOT,59,64,0
LANCELOT,74,100,3
LANCELOT,9,40,7
LANCELOT,65,0,0
LANCELOT,24,57,17
LANCELOT,99,0,0
LANCELOT,81,9,5
LANCELOT,83,40,16
LANCELOT,18,73,0
LANCELOT,26,29,3
LANCELOT,71,0,0
LANCELOT,74,0,0
LANCELOT,94,36,0
LANCELOT,90,46,0
LANCELOT,87,41,28
LANCELOT,91,71,0
LANCELOT,35,0,0
LANCELOT,33,3,2
LANCELOT,70,0,0
LANCELOT,59,0,0
LANCELOT,36,0,0
LANCELOT,25,0,0
LANCELOT,15,4,0
LANCELOT,65,0,0
LANCELOT,49,0,0
LANCELOT,28,87,0
LANCELOT,8,94,0
LANCELOT,47,0,0
LANCELOT,2,2,1
LANCELOT,91,50,0
LANCELOT,23,13,0
LANCELOT,12,0,0
LANCELOT,88,0,0
LANCELOT,18,65,16
LANCELOT,64,87,51
LANCELOT,91,55,0
LANCELOT,83,41,0
LANCELOT,100,73,45
LANCELOT,49,0,0
LANCELOT,4,53,0
LANCELOT,53,26,0
LANCELOT,24,58,0
LANCELOT,27,35,19
LANCELOT,83,76,74
LANCELOT,70,60,0
LANCELOT,78,2,0
LANCELOT,83,12,0
LANCELOT,80,84,1
LANCELOT,83,81,0
LANCELOT,85,0,0
LANCELOT,35,0,0
LANCELOT,91,35,5
LANCELOT,10,82,0
LANCELOT,79,27,0
LANCELOT,34,95,31
LANCELOT,9,0,0
LANCELOT,13,100,5
LANCELOT,17,34,0
LANCELOT,24,68,0
LANCELOT,72,56,44
LANCELOT,58,72,0
LANCELOT,81,94,41
LANCELOT,90,66,63
LANCELOT,16,36,0
LANCELOT,39,0,0
LANCELOT,93,23,5
LANCELOT,73,0,0
LANCELOT,65,46,16
LANCELOT,29,99,0
LANCELOT,14,0,0
LANCELOT,52,0,0
LANCELOT,94,53,39
LANCELOT,15,46,0
LANCELOT,15,52,1
LANCELOT,5,100,0
LANCELOT,74,41,0
LANCELOT,22,0,0
LANCELOT,51,41,0
LANCELOT,27,44,0
LANCELOT,41,0,0
LANCELOT,41,99,13
LANCELOT,1,75,1
LANCELOT,17,82,0
LANCELOT,84,0,0
LANCELOT,4,0,0
LANCELOT,12,10,2
LANCELOT,42,0,0
LANCELOT,28,69,13
LANCELOT,70,17,0
LANCELOT,81,0,0
LANCELOT,5,7,0
LANCELOT,51,0,0
LANCELOT,86,59,0
LANCELOT,28,58,0
LANCELOT,26,20,0
LANCELOT,62,69,1
LANCELOT,83,53,0
LANCELOT,77,5,2
LANCELOT,40,49,0
LANCELOT,8,65,0
LANCELOT,69,85,0
LANCELOT,90,33,0
LANCELOT,74,55,0
LANCELOT,77,0,0
LANCELOT,46,88,40
LANCELOT,41,88,34
LANCELOT,65,29,0
LANCELOT,13,6,4
LANCELOT,40,13,0
LANCELOT,77,87,0
LANCELOT,57,0,0
LANCELOT,87,0,0
LANCELOT,55,0,0
LANCELOT,12,17,0
LANCELOT,34,22,0
LANCELOT,40,0,0
LANCELOT,54,71,0
LANCELOT,65,96,0
LANCELOT,73,6,0
LANCELOT,15,56,0
LANCELOT,28,0,0
LANCELOT,1,53,0
LANCELOT,14,0,0
LANCELOT,79,23,0
LANCELOT,53,0,0
LANCELOT,9,89,7
LANCELOT,69,43,0
LANCELOT,54,70,0
LANCELOT,58,74,0
LANCELOT,84,77,0
LANCELOT,78,94,0
LANCELOT,10,0,0
LANCELOT,92,0,0
LANCELOT,43,50,0
LANCELOT,86,80,57
LANCELOT,77,53,0
LANCELOT,15,43,0
LANCELOT,14,12,0
LANCELOT,14,0,0
LANCELOT,92,0,0
LANCELOT,30,68,23
LANCELOT,57,0,0
LANCELOT,79,76,0
LANCELOT,26,81,0
LANCELOT,93,26,0
LANCELOT,52,4,1
LANCELOT,96,0,0
LANCELOT,50,0,0
LANCELOT,23,57,13
LANCELOT,41,48,35
LANCELOT,42,0,0
LANCELOT,2,68,2
LANCELOT,43,38,0
LANCELOT,81,88,0
LANCELOT,14,2,0
LANCELOT,15,90,0
LANCELOT,31,0,0
LANCELOT,65,0,0
LANCELOT,5,50,1
LANCELOT,83,100,33
LANCELOT,17,15,0
LANCELOT,54,62,13
LANCELOT,48,42,0
LANCELOT,52,0,0
LANCELOT,53,44,2
LANCELOT,19,39,13
LANCELOT,99,0,0
LANCELOT,75,0,0
LANCELOT,23,79,14
LANCELOT,68,44,35
LANCELOT,43,88,43
LANCELOT,47,99,8
LANCELOT,19,77,4
LANCELOT,2,0,0
LANCELOT,76,83,0
LANCELOT,59,96,16
LANCELOT,29,35,27
LANCELOT,49,29,0
LANCELOT,55,39,0
LANCELOT,31,36,0
LANCELOT,83,0,0
LANCELOT,95,82,0
LANCELOT,81,41,0
LANCELOT,85,0,0
LANCELOT,47,91,0
LANCELOT,94,0,0
LANCELOT,88,0,0
LANCELOT,27,72,0
LANCELOT,53,93,7
LANCELOT,29,33,0
LANCELOT,16,58,6
LANCELOT,81,25,0
LANCELOT,93,83,40
LANCELOT,3,77,0
LANCELOT,67,59,1
LANCELOT,3,34,0
LANCELOT,71,70,69
LANCELOT,58,54,0
LANCELOT,13,0,0
LANCELOT,3,0,0
LANCELOT,96,9,9
LANCELOT,90,19,0
LANCELOT,19,0,0
LANCELOT,54,61,0
LANCELOT,82,96,30
LANCELOT,19,87,12
LANCELOT,66,37,0
LANCELOT,27,20,17
LANCELOT,9,53,9
LANCELOT,27,84,0
LANCELOT,63,0,0
LANCELOT,47,0,0
LANCELOT,31,8,0
LANCELOT,67,57,0
LANCELOT,68,3,0
LANCELOT,43,0,0
LANCELOT,11,66,0
LANCELOT,42,0,0
LANCELOT,83,17,0
LANCELOT,71,19,0
LANCELOT,53,0,0
LANCELOT,8,7,0
LANCELOT,79,0,0
LANCELOT,77,7,0
LANCELOT,33,0,0
LANCELOT,37,5,5
LANCELOT,30,81,0
LANCELOT,4,51,0
LANCELOT,40,92,13
LANCELOT,30,11,6
LANCELOT,56,100,26
LANCELOT,6,37,0
LANCELOT,70,94,0
LANCELOT,22,15,14
LANCELOT,34,0,0
LANCELOT,75,0,0
LANCELOT,87,0,0
LANCELOT,11,0,0
LANCELOT,21,4,0
LANCELOT,36,78,25
LANCELOT,53,68,0
LANCELOT,29,52,0
LANCELOT,42,0,0
LANCELOT,19,0,0
LANCELOT,63,44,0
LANCELOT,96,76,0
LANCELOT,95,1,0
LANCELOT,18,0,0
LANCELOT,83,0,0
LANCELOT,23,0,0
LANCELOT,94,24,0
LANCELOT,19,37,12
LANCELOT,89,0,0
LANCELOT,81,0,0
LANCELOT,70,22,17
LANCELOT,30,2,0
LANCELOT,25,25,16
LANCELOT,19,21,0
LANCELOT,21,14,0
LANCELOT,18,0,0
LANCELOT,26,82,14
LANCELOT,97,0,0
LANCELOT,29,51,0
LANCELOT,55,80,2
LANCELOT,60,3,0
LANCELOT,40,63,6
LANCELOT,60,0,0
LANCELOT,26,0,0
LANCELOT,41,22,0
LANCELOT,38,78,0
LANCELOT,92,36,0
LANCELOT,22,16,0
LANCELOT,32,0,0
LANCELOT,76,0,0
LANCELOT,83,74,0
LANCELOT,51,0,0
LANCELOT,44,99,0
LANCELOT,68,0,0
LANCELOT,11,57,0
LANCELOT,63,0,0
LANCELOT,16,23,13
LANCELOT,27,21,20
LANCELOT,79,15,11
LANCELOT,90,0,0
LANCELOT,16,0,0
LANCELOT,51,67,0
LANCELOT,97,97,61
LANCELOT,29,0,0
LANCELOT,77,96,0
LANCELOT,32,52,0
LANCELOT,32,27,0
LANCELOT,21,72,15
LANCELOT,72,25,0
LANCELOT,90,77,0
LANCELOT,80,16,16
LANCELOT,83,71,34
LANCELOT,89,9,0
LANCELOT,27,0,0
LANCELOT,13,0,0
LANCELOT,53,0,0
LANCELOT,68,55,0
LANCELOT,68,14,2
LANCELOT,7,67,0
LANCELOT,50,0,0
LANCELOT,17,0,0
LANCELOT,48,97,0
LANCELOT,77,88,0
LANCELOT,77,0,0
LANCELOT,67,0,0
LANCELOT,3,92,0
LANCELOT,67,0,0
LANCELOT,13,28,0
LANCELOT,47,40,39
LANCELOT,72,83,51
LANCELOT,46,0,0
LANCELOT,32,23,0
LANCELOT,90,27,1
LANCELOT,61,27,0
LANCELOT,93,54,0
LANCELOT,23,34,0
LANCELOT,36,38,0
LANCELOT,99,5,4
LANCELOT,18,62,12
LANCELOT,76,0,0
LANCELOT,74,94,0
LANCELOT,27,35,22
LANCELOT,89,75,10
LANCELOT,22,74,0
LANCELOT,63,0,0
LANCELOT,61,90,0
LANCELOT,74,9,3
LANCELOT,65,0,0
LANCELOT,83,0,0
LANCELOT,59,0,0
LANCELOT,25,57,0
LANCELOT,41,0,0
LANCELOT,91,7,0
LANCELOT,31,0,0
LANCELOT,91,9,0
LANCELOT,16,0,0
LANCELOT,41,0,0
LANCELOT,45,58,8
LANCELOT,1,0,0
LANCELOT,24,0,0
LANCELOT,85,0,0
LANCELOT,60,0,0
LANCELOT,3,4,0
LANCELOT,25,78,0
LANCELOT,54,70,2
LANCELOT,23,59,12
LANCELOT,61,0,0
LANCELOT,26,0,0
LANCELOT,15,0,0
LANCELOT,54,0,0
LANCELOT,77,72,42
LANCELOT,39,0,0
LANCELOT,44,38,0
LANCELOT,26,33,0
LANCELOT,67,0,0
LANCELOT,28,33,0
LANCELOT,14,0,0
LANCELOT,31,41,0
LANCELOT,67,73,0
LANCELOT,35,26,0
LANCELOT,82,25,21
LANCELOT,69,86,0
LANCELOT,38,51,0
LANCELOT,79,0,0
LANCELOT,53,97,35
LANCELOT,94,5,0
LANCELOT,18,93,3
LANCELOT,40,0,0
LANCELOT,80,76,4
LANCELOT,51,0,0
LANCELOT,31,29,0
LANCELOT,81,0,0
LANCELOT,7,58,0
LANCELOT,55,0,0
LANCELOT,45,0,0
LANCELOT,14,0,0
LANCELOT,24,0,0
LANCELOT,27,8,0
LANCELOT,9,18,0
LANCELOT,29,89,2
LANCELOT,72,0,0
LANCELOT,53,0,0
LANCELOT,38,27,0
LANCELOT,97,0,0
LANCELOT,67,43,0
LANCELOT,97,71,0
LANCELOT,49,0,0
LANCELOT,61,0,0
LANCELOT,89,0,0
LANCELOT,60,76,0
LANCELOT,22,15,0
LANCELOT,98,78,60
LANCELOT,3,42,0
LANCELOT,1,25,0
LANCELOT,14,54,0
LANCELOT,93,46,14
LANCELOT,3,0,0
LANCELOT,85,0,0
LANCELOT,100,0,0
LANCELOT,68,85,0
LANCELOT,20,0,0
LANCELOT,93,20,1
LANCELOT,77,0,0
LANCELOT,54,11,11
LANCELOT,65,95,36
LANCELOT,44,68,1
LANCELOT,21,83,8
LANCELOT,35,70,0
LANCELOT,95,0,0
LANCELOT,47,30,19
LANCELOT,85,0,0
LANCELOT,6,97,0
LANCELOT,89,87,0
LANCELOT,85,33,0
LANCELOT,42,0,0
LANCELOT,94,0,0
LANCELOT,91,76,2
LANCELOT,1,0,0
LANCELOT,68,40,0
LANCELOT,29,63,7
LANCELOT,14,0,0
LANCELOT,9,22,0
LANCELOT,6,0,0
LANCELOT,62,81,0
LANCELOT,85,45,0
LANCELOT,65,0,0
LANCELOT,77,38,0
LANCELOT,70,21,0
LANCELOT,68,80,0
LANCELOT,5,82,4
LANCELOT,77,0,0
LANCELOT,64,47,0
LANCELOT,57,0,0
LANCELOT,31,43,0
LANCELOT,40,0,0
LANCELOT,88,85,0
LANCELOT,47,65,0
LANCELOT,34,0,0
LANCELOT,71,86,0
LANCELOT,86,71,0
LANCELOT,48,97,0
LANCELOT,69,58,28
LANCELOT,43,0,0
LANCELOT,62,15,12
LANCELOT,63,0,0
LANCELOT,26,0,0
LANCELOT,41,0,0
LANCELOT,75,0,0
LANCELOT,84,80,10
LANCELOT,74,58,0
LANCELOT,81,8,5
LANCELOT,42,28,0
LANCELOT,98,63,0
LANCELOT,93,59,44
LANCELOT,8,0,0
LANCELOT,97,40,0
LANCELOT,92,0,0
LANCELOT,35,29,0
LANCELOT,41,9,0
LANCELOT,39,0,0
LANCELOT,16,8,0
LANCELOT,33,0,0
LANCELOT,31,92,10
LANCELOT,24,0,0
LANCELOT,14,72,0
LANCELOT,50,59,0
LANCELOT,58,34,10
LANCELOT,26,29,17
LANCELOT,22,49,4
LANCELOT,20,73,0
LANCELOT,90,16,11
LANCELOT,70,97,0
LANCELOT,15,0,0
LANCELOT,69,0,0
LANCELOT,79,76,0
LANCELOT,29,93,0
LANCELOT,93,71,0
LANCELOT,46,84,11
LANCELOT,40,32,18
LANCELOT,37,6,0
LANCELOT,27,0,0
LANCELOT,56,26,6
LANCELOT,97,32,30
LANCELOT,39,3,0
LANCELOT,92,90,0
LANCELOT,5,75,1
LANCELOT,27,95,0
LANCELOT,75,23,4
LANCELOT,87,0,0
LANCELOT,44,0,0
LANCELOT,89,7,0
LANCELOT,63,21,0
LANCELOT,76,39,0
LANCELOT,41,82,0
LANCELOT,29,11,0
LANCELOT,13,0,0
LANCELOT,22,34,0
LANCELOT,92,0,0
LANCELOT,83,63,20
LANCELOT,52,58,0
LANCELOT,9,51,0
LANCELOT,35,13,0
LANCELOT,84,69,0
LANCELOT,7,57,3
LANCELOT,8,87,5
LANCELOT,32,0,0
LANCELOT,92,76,0
LANCELOT,62,38,33
LANCELOT,27,88,7
LANCELOT,100,17,0
LANCELOT,40,54,21
LANCELOT,61,0,0
LANCELOT,15,0,0
LANCELOT,40,54,0
LANCELOT,89,88,0
LANCELOT,45,96,19
LANCELOT,29,0,0
LANCELOT,83,0,0
LANCELOT,59,7,0
LANCELOT,19,69,16
LANCELOT,19,17,0
LANCELOT,16,0,0
LANCELOT,48,56,0
LANCELOT,98,2,0
LANCELOT,72,38,31
LANCELOT,6,8,0
LANCELOT,28,15,12
LANCELOT,39,88,0
LANCELOT,2,93,1
LANCELOT,78,33,0
LANCELOT,41,100,0
LANCELOT,3,18,0
LANCELOT,87,10,0
LANCELOT,47,0,0
LANCELOT,24,100,0
LANCELOT,17,29,0
LANCELOT,92,0,0
LANCELOT,91,0,0
LANCELOT,100,0,0
LANCELOT,5,0,0
LANCELOT,73,45,0
LANCELOT,98,11,0
LANCELOT,44,85,32
LANCELOT,68,0,0
LANCELOT,61,75,61
LANCELOT,9,26,0
LANCELOT,18,27,0
LANCELOT,50,43,0
LANCELOT,31,28,23
LANCELOT,16,8,8
LANCELOT,68,0,0
LANCELOT,29,10,0
LANCELOT,48,63,0
LANCELOT,82,34,7
LANCELOT,69,84,42
LANCELOT,50,61,0
LANCELOT,29,14,13
LANCELOT,35,58,0
LANCELOT,17,0,0
LANCELOT,46,87,4
LANCELOT,25,0,0
LANCELOT,13,0,0
LANCELOT,70,0,0
LANCELOT,55,8,0
LANCELOT,44,77,36
LANCELOT,20,52,0
LANCELOT,71,60,0
LANCELOT,43,0,0
LANCELOT,77,18,0
LANCELOT,62,0,0
LANCELOT,52,6,4
LANCELOT,16,0,0
LANCELOT,74,88,0
LANCELOT,17,81,8
LANCELOT,36,0,0
LANCELOT,10,0,0
LANCELOT,3,0,0
LANCELOT,99,76,73
LANCELOT,61,80,23
LANCELOT,25,6,1
LANCELOT,25,64,0
LANCELOT,14,78,2
LANCELOT,34,0,0
LANCELOT,9,0,0
LANCELOT,92,0,0
LANCELOT,43,42,0
LANCELOT,98,85,0
LANCELOT,2,92,0
LANCELOT,73,48,0
LANCELOT,71,98,44
LANCELOT,85,44,0
LANCELOT,75,43,17
LANCELOT,44,33,1
LANCELOT,33,5,0
LANCELOT,74,5,3
LANCELOT,99,92,0
LANCELOT,16,19,0
LANCELOT,37,0,0
LANCELOT,73,69,0
LANCELOT,63,0,0
LANCELOT,61,0,0
LANCELOT,63,0,0
LANCELOT,36,100,14
LANCELOT,59,0,0
LANCELOT,70,29,0
LANCELOT,85,62,0
LANCELOT,2,0,0
LANCELOT,85,23,0
LANCELOT,17,78,11
LANCELOT,47,18,10
LANCELOT,36,70,0
LANCELOT,72,0,0
LANCELOT,39,64,12
LANCELOT,91,69,16
LANCELOT,31,90,31
LANCELOT,5,65,0
LANCELOT,65,0,0
LANCELOT,31,50,0
LANCELOT,1,97,1
LANCELOT,79,0,0
LANCELOT,7,15,0
LANCELOT,22,84,0
LANCELOT,58,0,0
LANCELOT,95,14,0
LANCELOT,91,0,0
LANCELOT,76,0,0
LANCELOT,21,0,0
LANCELOT,91,43,7
LANCELOT,83,51,0
LANCELOT,64,100,0
LANCELOT,59,82,40
LANCELOT,26,22,0
LANCELOT,51,66,0
LANCELOT,61,97,0
LANCELOT,69,0,0
LANCELOT,94,0,0
LANCELOT,55,40,0
LANCELOT,40,68,0
LANCELOT,11,93,4
LANCELOT,70,47,0
LANCELOT,88,95,31
LANCELOT,41,0,0
LANCELOT,64,0,0
LANCELOT,63,91,0
LANCELOT,77,31,0
LANCELOT,58,57,17
LANCELOT,88,54,0
LANCELOT,56,1,0
LANCELOT,94,0,0
LANCELOT,83,70,0
LANCELOT,100,0,0
LANCELOT,79,0,0
LANCELOT,39,0,0
LANCELOT,79,81,0
LANCELOT,35,0,0
LANCELOT,3,38,0
LANCELOT,15,25,12
LANCELOT,40,0,0
LANCELOT,65,63,0
LANCELOT,52,0,0
LANCELOT,95,0,0
LANCELOT,96,40,0
LANCELOT,22,70,11
LANCELOT,37,0,0
LANCELOT,46,40,27
LANCELOT,73,0,0
LANCELOT,94,14,0
LANCELOT,41,0,0
LANCELOT,84,0,0
LANCELOT,16,65,9
LANCELOT,44,95,0
LANCELOT,29,46,5
LANCELOT,65,95,0
LANCELOT,67,43,11
LANCELOT,83,0,0
LANCELOT,73,0,0
LANCELOT,48,71,0
LANCELOT,17,0,0
LANCELOT,88,26,0
LANCELOT,24,76,19
LANCELOT,34,67,27
LANCELOT,31,11,10
LANCELOT,60,5,0
LANCELOT,90,80,0
LANCELOT,36,31,31
LANCELOT,4,0,0
LANCELOT,50,75,0
LANCELOT,23,21,12
LANCELOT,47,0,0
LANCELOT,1,72,0
LANCELOT,89,73,0
LANCELOT,100,0,0
LANCELOT,74,68,35
LANCELOT,41,18,3
LANCELOT,94,98,0
LANCELOT,74,0,0
LANCELOT,23,66,20
LANCELOT,84,16,14
LANCELOT,26,46,0
LANCELOT,100,25,0
LANCELOT,84,0,0
LANCELOT,56,54,49
LANCELOT,90,0,0
LANCELOT,65,55,0
LANCELOT,78,0,0
LANCELOT,94,0,0
LANCELOT,26,0,0
LANCELOT,14,65,0
LANCELOT,9,0,0
LANCELOT,16,0,0
LANCELOT,98,26,0
LANCELOT,97,0,0
LANCELOT,100,100,0
LANCELOT,76,77,0
LANCELOT,14,82,9
LANCELOT,73,73,0
LANCELOT,40,12,0
LANCELOT,97,48,0
LANCELOT,5,0,0
LANCELOT,58,99,0
LANCELOT,44,69,0
LANCELOT,43,0,0
LANCELOT,20,0,0
LANCELOT,64,64,58
LANCELOT,71,2,0
LANCELOT,37,0,0
LANCELOT,95,16,4
LANCELOT,9,0,0
LANCELOT,76,0,0
LANCELOT,72,95,58
LANCELOT,96,63,0
LANCELOT,41,7,6
LANCELOT,40,89,0
LANCELOT,81,79,75
LANCELOT,15,0,0
LANCELOT,25,68,0
LANCELOT,10,0,0
LANCELOT,21,61,7
LANCELOT,41,0,0
LANCELOT,57,21,17
LANCELOT,59,21,0
LANCELOT,7,10,4
LANCELOT,4,11,0
LANCELOT,1,30,0
LANCELOT,27,73,0
LANCELOT,5,46,0
LANCELOT,39,0,0
LANCELOT,79,0,0
LANCELOT,52,54,0
LANCELOT,24,63,0
LANCELOT,37,0,0
LANCELOT,26,0,0
LANCELOT,91,0,0
LANCELOT,74,54,20
LANCELOT,83,61,0
LANCELOT,21,0,0
LANCELOT,5,16,0
LANCELOT,50,3,0
LANCELOT,3,0,0
LANCELOT,66,1,0
LANCELOT,18,66,18
LANCELOT,18,11,0
LANCELOT,33,44,15
LANCELOT,21,38,0
LANCELOT,71,0,0
LANCELOT,14,0,0
LANCELOT,93,99,15
LANCELOT,50,0,0
LANCELOT,55,2,0
LANCELOT,64,58,0
LANCELOT,38,41,0
LANCELOT,22,90,0
LANCELOT,56,46,0
LANCELOT,27,45,0
LANCELOT,83,49,0
LANCELOT,27,0,0
LANCELOT,14,0,0
LANCELOT,7,37,4
LANCELOT,68,48,25
LANCELOT,67,42,25
LANCELOT,27,24,17
LANCELOT,7,0,0
LANCELOT,69,49,0
LANCELOT,94,0,0
LANCELOT,36,62,11
LANCELOT,95,0,0
LANCELOT,47,75,16
LANCELOT,72,75,6
LANCELOT,31,4,0
LANCELOT,8,41,0
LANCELOT,20,34,3
LANCELOT,57,22,21
LANCELOT,83,0,0
LANCELOT,17,4,0
LANCELOT,37,19,0
LANCELOT,32,49,21
LANCELOT,26,0,0
LANCELOT,51,49,18
LANCELOT,6,96,0
LANCELOT,28,83,0
LANCELOT,81,87,61
LANCELOT,80,98,71
LANCELOT,100,82,0
LANCELOT,20,0,0
LANCELOT,45,50,32
LANCELOT,99,0,0
LANCELOT,49,0,0
LANCELOT,78,0,0
LANCELOT,11,0,0
LANCELOT,87,100,0
LANCELOT,74,35,0
LANCELOT,99,50,6
LANCELOT,86,0,0
LANCELOT,26,86,0
LANCELOT,24,66,0
LANCELOT,100,17,3
LANCELOT,79,0,0
LANCELOT,64,20,11
LANCELOT,95,0,0
LANCELOT,69,92,0
LANCELOT,86,0,0
LANCELOT,25,32,0
LANCELOT,14,18,0
LANCELOT,70,91,36
LANCELOT,30,0,0
LANCELOT,11,42,0
LANCELOT,85,0,0
LANCELOT,68,40,32
LANCELOT,61,0,0
LANCELOT,68,72,0
LANCELOT,19,0,0
LANCELOT,20,47,17
LANCELOT,79,100,43
LANCELOT,73,66,0
LANCELOT,88,46,1
LANCELOT,71,0,0
LANCELOT,57,0,0
LANCELOT,4,45,0
LANCELOT,39,0,0
LANCELOT,70,5,0
LANCELOT,88,0,0
LANCELOT,40,0,0
LANCELOT,78,39,0
LANCELOT,44,76,0
LANCELOT,4,85,1
LANCELOT,47,8,0
LANCELOT,82,95,0
LANCELOT,97,61,21
LANCELOT,72,40,24
LANCELOT,10,82,3
LANCELOT,23,0,0
LANCELOT,30,62,0
LANCELOT,29,0,0
LANCELOT,1,0,0
LANCELOT,55,16,0
LANCELOT,15,58,7
LANCELOT,59,55,0
LANCELOT,20,0,0
LANCELOT,63,15,13
LANCELOT,4,64,0
LANCELOT,74,38,0
LANCELOT,55,26,23
LANCELOT,33,70,0
LANCELOT,94,71,0
LANCELOT,49,7,0
LANCELOT,44,89,31
LANCELOT,11,1,0
LANCELOT,2,25,2
LANCELOT,56,93,0
LANCELOT,56,98,0
LANCELOT,53,45,0
LANCELOT,26,100,0
LANCELOT,22,24,0
LANCELOT,25,73,0
LANCELOT,17,61,12
LANCELOT,15,0,0
LANCELOT,19,0,0
LANCELOT,85,38,0
LANCELOT,44,0,0
LANCELOT,7,0,0
LANCELOT,80,77,5
LANCELOT,17,30,0
LANCELOT,41,42,0
LANCELOT,29,10,0
LANCELOT,66,0,0
LANCELOT,62,40,25
LANCELOT,55,0,0
LANCELOT,96,0,0
LANCELOT,100,75,0
LANCELOT,77,0,0
LANCELOT,71,0,0
LANCELOT,98,57,0
LANCELOT,6,10,0
LANCELOT,72,68,0
LANCELOT,70,52,51
LANCELOT,95,93,58
LANCELOT,2,41,1
LANCELOT,62,0,0
LANCELOT,32,82,0
LANCELOT,63,32,0
LANCELOT,8,27,0
LANCELOT,47,76,31
LANCELOT,21,13,3
LANCELOT,1,17,1
LANCELOT,59,22,0
LANCELOT,66,73,40
LANCELOT,9,50,0
LANCELOT,22,29,0
LANCELOT,81,40,0
LANCELOT,6,23,0
LANCELOT,35,94,28
LANCELOT,26,72,18
LANCELOT,24,0,0
LANCELOT,49,70,0
LANCELOT,73,0,0
LANCELOT,80,0,0
LANCELOT,90,28,0
LANCELOT,26,75,16
LANCELOT,82,19,8
LANCELOT,100,37,0
LANCELOT,87,0,0
LANCELOT,51,0,0
LANCELOT,46,94,0
LANCELOT,41,0,0
LANCELOT,76,74,0
LANCELOT,34,22,0
LANCELOT,20,0,0
LANCELOT,49,93,30
LANCELOT,92,4,0
LANCELOT,27,5,0
LANCELOT,65,74,0
LANCELOT,94,0,0
LANCELOT,36,0,0
LANCELOT,28,58,18
LANCELOT,72,5,0
LANCELOT,81,82,0
LANCELOT,2,84,0
LANCELOT,41,59,1
LANCELOT,47,0,0
LANCELOT,98,80,52
LANCELOT,11,42,0
LANCELOT,92,24,12
LANCELOT,67,63,0
LANCELOT,44,28,7
LANCELOT,7,68,5
LANCELOT,14,0,0
LANCELOT,31,79,0
LANCELOT,37,0,0
LANCELOT,8,0,0
LANCELOT,7,5,0
LANCELOT,89,86,0
LANCELOT,48,49,45
LANCELOT,50,52,42
LANCELOT,34,0,0
LANCELOT,17,8,0
LANCELOT,37,58,0
LANCELOT,12,0,0
LANCELOT,46,100,14
LANCELOT,72,1,0
LANCELOT,100,32,0
LANCELOT,13,100,0
LANCELOT,86,0,0
LANCELOT,45,0,0
LANCELOT,77,3,0
LANCELOT,38,0,0
LANCELOT,58,16,4
LANCELOT,36,60,0
LANCELOT,65,0,0
LANCELOT,48,71,0
LANCELOT,59,59,0
LANCELOT,46,7,0
LANCELOT,12,0,0
LANCELOT,66,78,48
LANCELOT,55,64,0
LANCELOT,68,0,0
LANCELOT,36,0,0
LANCELOT,83,0,0
LANCELOT,96,65,0
LANCELOT,83,0,0
LANCELOT,52,49,0
LANCELOT,21,68,0
LANCELOT,47,16,0
LANCELOT,83,100,0
LANCELOT,54,47,19
LANCELOT,84,0,0
LANCELOT,7,0,0
LANCELOT,63,99,14
LANCELOT,38,2,0
LANCELOT,8,34,0
LANCELOT,29,92,0
LANCELOT,22,0,0
LANCELOT,49,0,0
LANCELOT,1,7,0
LANCELOT,93,62,0
LANCELOT,54,23,0
LANCELOT,22,20,0
LANCELOT,12,89,0
LANCELOT,88,0,0
LANCELOT,23,10,0
LANCELOT,36,35,33
LANCELOT,25,14,0
LANCELOT,32,0,0
LANCELOT,97,19,0
LANCELOT,40,30,9
LANCELOT,34,68,0
LANCELOT,60,0,0
LANCELOT,12,3,0
LANCELOT,76,76,0
LANCELOT,6,38,0
LANCELOT,87,42,0
LANCELOT,17,0,0
LANCELOT,52,0,0
LANCELOT,43,38,0
LANCELOT,29,0,0
LANCELOT,51,12,0
LANCELOT,2,65,0
LANCELOT,97,0,0
LANCELOT,95,0,0
LANCELOT,79,20,0
LANCELOT,39,71,0
LANCELOT,46,54,30
LANCELOT,73,3,0
LANCELOT,27,60,0
LANCELOT,52,0,0
LANCELOT,11,95,0
LANCELOT,67,71,1
LANCELOT,30,79,0
LANCELOT,34,0,0
LANCELOT,76,14,0
LANCELOT,87,83,0
LANCELOT,3,0,0
LANCELOT,79,6,0
LANCELOT,64,0,0
LANCELOT,19,0,0
LANCELOT,14,26,7
LANCELOT,65,37,0
LANCELOT,46,0,0
LANCELOT,42,92,0
LANCELOT,42,47,0
LANCELOT,3,0,0
LANCELOT,67,73,0
LANCELOT,40,73,7
LANCELOT,82,5,0
LANCELOT,83,18,0
LANCELOT,74,47,0
LANCELOT,24,8,7
LANCELOT,19,70,0
LANCELOT,68,0,0
LANCELOT,7,76,0
LANCELOT,33,79,0
LANCELOT,83,71,20
LANCELOT,40,46,20
LANCELOT,26,0,0
LANCELOT,43,10,0
LANCELOT,51,28,0
LANCELOT,76,23,3
LANCELOT,80,98,0
LANCELOT,98,0,0
LANCELOT,7,0,0
LANCELOT,55,68,0
LANCELOT,67,84,0
LANCELOT,63,84,34
LANCELOT,34,44,9
LANCELOT,59,0,0
LANCELOT,89,80,46
LANCELOT,41,92,41
LANCELOT,37,7,0
LANCELOT,59,51,0
LANCELOT,60,57,20
LANCELOT,46,9,0
LANCELOT,40,0,0
LANCELOT,99,0,0
LANCELOT,24,76,0
LANCELOT,50,0,0
LANCELOT,94,87,81
LANCELOT,85,0,0
LANCELOT,6,0,0
LANCELOT,43,0,0
LANCELOT,83,0,0
LANCELOT,7,40,4
LANCELOT,21,0,0
LANCELOT,73,66,13
LANCELOT,39,0,0
LANCELOT,89,63,0
LANCELOT,48,18,5
LANCELOT,28,0,0
LANCELOT,42,0,0
LANCELOT,96,57,12
LANCELOT,87,0,0
LANCELOT,53,0,0
LANCELOT,33,0,0
LANCELOT,80,30,29
LANCELOT,99,28,0
LANCELOT,43,15,9
LANCELOT,84,29,17
LANCELOT,100,0,0
LANCELOT,89,88,0
LANCELOT,44,32,0
LANCELOT,42,49,1
LANCELOT,68,6,1
LANCELOT,18,0,0
LANCELOT,40,0,0
LANCELOT,32,46,0
LANCELOT,28,3,0
LANCELOT,85,0,0
LANCELOT,12,58,6
LANCELOT,61,0,0
LANCELOT,42,0,0
LANCELOT,99,92,78
LANCELOT,17,0,0
LANCELOT,27,0,0
LANCELOT,30,58,3
LANCELOT,1,89,1
LANCELOT,23,9,0
LANCELOT,90,0,0
LANCELOT,36,0,0
LANCELOT,32,0,0
LANCELOT,13,88,3
LANCELOT,17,0,0
LANCELOT,5,97,2
LANCELOT,73,47,28
LANCELOT,17,75,7
LANCELOT,25,0,0
LANCELOT,46,30,0
LANCELOT,95,0,0
LANCELOT,16,51,0
LANCELOT,17,86,0
LANCELOT,18,0,0
LANCELOT,9,45,4
LANCELOT,57,20,10
LANCELOT,63,0,0
LANCELOT,21,0,0
LANCELOT,55,92,0
LANCELOT,96,0,0
LANCELOT,28,48,0
LANCELOT,9,0,0
LANCELOT,62,50,4
LANCELOT,10,0,0
LANCELOT,23,15,0
LANCELOT,64,51,0
LANCELOT,44,0,0
LANCELOT,72,59,0
LANCELOT,63,98,0
LANCELOT,87,0,0
LANCELOT,2,0,0
LANCELOT,12,42,7
LANCELOT,74,47,0
LANCELOT,21,52,20
LANCELOT,74,79,0
LANCELOT,59,0,0
LANCELOT,71,0,0
LANCELOT,4,12,0
LANCELOT,32,94,9
LANCELOT,29,18,0
LANCELOT,25,25,0
LANCELOT,54,7,0
LANCELOT,63,73,50
LANCELOT,46,49,0
LANCELOT,54,0,0
LANCELOT,27,85,25
LANCELOT,63,0,0
LANCELOT,50,14,0
LANCELOT,44,0,0
LANCELOT,94,30,0
LANCELOT,41,73,20
LANCELOT,36,37,0
LANCELOT,48,46,0
LANCELOT,94,71,0
LANCELOT,11,19,0
LANCELOT,81,88,9
LANCELOT,7,6,5
LANCELOT,53,79,32
LANCELOT,19,52,0
LANCELOT,86,22,5
LANCELOT,5,0,0
LANCELOT,71,0,0
LANCELOT,29,86,27
LANCELOT,17,13,0
LANCELOT,15,0,0
LANCELOT,66,25,0
LANCELOT,86,0,0
LANCELOT,93,0,0
LANCELOT,42,3,0
LANCELOT,92,8,0
LANCELOT,59,98,0
LANCELOT,32,0,0
LANCELOT,50,0,0
LANCELOT,36,0,0
LANCELOT,60,38,0
LANCELOT,10,5,5
LANCELOT,57,73,0
LANCELOT,13,51,3
LANCELOT,41,0,0
LANCELOT,62,0,0
LANCELOT,26,71,22
LANCELOT,5,39,0
LANCELOT,3,0,0
LANCELOT,28,6,0
LANCELOT,59,14,0
LANCELOT,81,38,0
LANCELOT,12,0,0
LANCELOT,88,0,0
LANCELOT,96,83,61
LANCELOT,43,75,0
LANCELOT,43,53,0
LANCELOT,3,61,0
LANCELOT,23,17,0
LANCELOT,59,64,10
LANCELOT,13,31,0
LANCELOT,86,85,1
LANCELOT,74,0,0
LANCELOT,88,95,0
LANCELOT,92,91,0
LANCELOT,19,29,17
LANCELOT,17,52,0
LANCELOT,53,14,0
LANCELOT,59,55,38
LANCELOT,40,64,0
LANCELOT,37,17,0
LANCELOT,6,0,0
LANCELOT,61,33,6
LANCELOT,100,24,0
LANCELOT,14,62,0
LANCELOT,78,50,0
LANCELOT,92,0,0
LANCELOT,30,41,0
LANCELOT,74,0,0
LANCELOT,29,8,1
LANCELOT,88,41,0
LANCELOT,41,57,0
LANCELOT,77,42,0
LANCELOT,45,34,7
LANCELOT,92,25,0
LANCELOT,11,98,0
LANCELOT,26,9,3
LANCELOT,38,58,22
LANCELOT,65,0,0
LANCELOT,35,0,0
LANCELOT,96,13,11
LANCELOT,98,82,0
LANCELOT,88,0,0
LANCELOT,32,40,5
LANCELOT,81,73,70
LANCELOT,12,5,4
LANCELOT,21,50,4
LANCELOT,78,15,1
LANCELOT,41,0,0
LANCELOT,63,86,56
LANCELOT,97,62,0
LANCELOT,20,5,2
LANCELOT,97,65,29
LANCELOT,42,3,0
LANCELOT,61,84,0
LANCELOT,63,60,59
LANCELOT,17,0,0
LANCELOT,34,0,0
LANCELOT,97,0,0
LANCELOT,35,0,0
LANCELOT,11,55,1
LANCELOT,65,19,0
LANCELOT,4,35,0
LANCELOT,6,60,5
LANCELOT,26,84,11
LANCELOT,37,67,0
LANCELOT,85,54,18
LANCELOT,69,58,0
LANCELOT,24,0,0
LANCELOT,31,67,0
LANCELOT,90,0,0
LANCELOT,69,16,4
LANCELOT,76,0,0
LANCELOT,16,15,0
LANCELOT,40,6,0
LANCELOT,35,75,0
LANCELOT,54,83,19
LANCELOT,80,30,0
LANCELOT,32,49,2
LANCELOT,77,43,0
LANCELOT,49,0,0
LANCELOT,37,10,2
LANCELOT,16,0,0
LANCELOT,35,0,0
LANCELOT,82,0,0
LANCELOT,14,0,0
LANCELOT,37,33,0
LANCELOT,98,15,0
LANCELOT,59,68,0
LANCELOT,91,29,1
LANCELOT,36,46,0
LANCELOT,58,0,0
LANCELOT,59,21,9
LANCELOT,15,0,0
LANCELOT,50,33,1
LANCELOT,63,0,0
LANCELOT,93,73,25
LANCELOT,89,12,1
LANCELOT,11,11,0
LANCELOT,62,41,0
LANCELOT,10,23,0
LANCELOT,41,4,0
LANCELOT,90,0,0
LANCELOT,95,10,0
LANCELOT,87,80,0
LANCELOT,11,39,0
LANCELOT,25,97,0
LANCELOT,89,64,0
LANCELOT,41,0,0
LANCELOT,30,43,16
LANCELOT,31,37,16
LANCELOT,94,63,0
LANCELOT,28,73,0
LANCELOT,68,10,1
LANCELOT,96,97,4
LANCELOT,18,36,0
LANCELOT,78,76,45
LANCELOT,33,81,0
LANCELOT,79,77,0
LANCELOT,69,77,0
LANCELOT,13,34,13
LANCELOT,68,3,0
LANCELOT,68,31,0
LANCELOT,93,0,0
LANCELOT,12,90,9
LANCELOT,33,6,6
LANCELOT,5,30,0
LANCELOT,54,47,2
LANCELOT,88,0,0
LANCELOT,93,77,0
LANCELOT,83,100,0
LANCELOT,67,0,0
LANCELOT,2,17,1
LANCELOT,84,0,0
LANCELOT,60,0,0
LANCELOT,70,100,0
LANCELOT,80,0,0
LANCELOT,52,0,0
LANCELOT,64,26,0
LANCELOT,41,86,31
LANCELOT,56,99,10
LANCELOT,76,91,0
LANCELOT,44,97,0
LANCELOT,33,15,0
LANCELOT,34,0,0
LANCELOT,98,16,1
LANCELOT,3,0,0
LANCELOT,6,23,0
LANCELOT,86,31,11
LANCELOT,54,0,0
LANCELOT,66,0,0
LANCELOT,5,0,0
LANCELOT,67,35,0
LANCELOT,18,80,0
LANCELOT,99,16,0
LANCELOT,33,100,0
LANCELOT,67,99,0
LANCELOT,24,54,24
LANCELOT,84,43,42
LANCELOT,45,91,0
LANCELOT,5,71,3
LANCELOT,34,0,0
LANCELOT,8,0,0
LANCELOT,46,11,2
LANCELOT,6,13,3
LANCELOT,35,22,0
LANCELOT,77,0,0
LANCELOT,71,79,0
LANCELOT,97,21,0
LANCELOT,74,96,0
LANCELOT,1,88,1
LANCELOT,8,0,0
LANCELOT,88,52,0
LANCELOT,30,0,0
LANCELOT,22,0,0
LANCELOT,89,82,61
LANCELOT,66,38,0
LANCELOT,27,86,19
LANCELOT,97,78,0
LANCELOT,38,36,35
LANCELOT,82,65,47
LANCELOT,11,52,0
LANCELOT,5,39,0
LANCELOT,8,76,0
LANCELOT,54,44,0
LANCELOT,36,0,0
LANCELOT,56,0,0
LANCELOT,98,0,0
LANCELOT,78,70,0
LANCELOT,50,0,0
LANCELOT,3,53,0
LANCELOT,78,0,0
LANCELOT,13,61,0
LANCELOT,2,10,0
LANCELOT,52,0,0
LANCELOT,42,0,0
LANCELOT,59,67,0
LANCELOT,93,38,0
LANCELOT,70,59,0
LANCELOT,48,0,0
LANCELOT,44,0,0
LANCELOT,93,10,0
LANCELOT,55,68,2
LANCELOT,88,81,0
LANCELOT,22,38,0
LANCELOT,21,81,0
LANCELOT,49,79,0
LANCELOT,77,66,0
LANCELOT,75,30,0
LANCELOT,33,90,0
LANCELOT,22,6,0
LANCELOT,38,86,4
LANCELOT,31,86,20
LANCELOT,80,87,0
LANCELOT,32,51,14
LANCELOT,13,97,0
LANCELOT,74,21,0
LANCELOT,7,0,0
LANCELOT,32,83,0
LANCELOT,61,56,0
LANCELOT,66,0,0
LANCELOT,65,3,0
LANCELOT,64,0,0
LANCELOT,12,17,0
LANCELOT,18,100,0
LANCELOT,26,12,0
LANCELOT,37,9,0
LANCELOT,74,73,0
LANCELOT,45,55,0
LANCELOT,67,13,0
LANCELOT,65,0,0
LANCELOT,54,0,0
LANCELOT,8,40,0
LANCELOT,32,0,0
LANCELOT,88,88,59
LANCELOT,33,7,0
LANCELOT,51,0,0
LANCELOT,13,0,0
LANCELOT,33,0,0
LANCELOT,87,0,0
LANCELOT,25,43,19
LANCELOT,76,0,0
LANCELOT,45,14,5
LANCELOT,50,51,0
LANCELOT,62,0,0
LANCELOT,8,0,0
LANCELOT,44,0,0
LANCELOT,99,58,0
LANCELOT,92,0,0
LANCELOT,76,95,0
LANCELOT,96,99,28
LANCELOT,89,44,0
LANCELOT,75,95,62
LANCELOT,28,68,0
LANCELOT,97,30,0
LANCELOT,88,54,0
LANCELOT,62,41,29
LANCELOT,99,0,0
LANCELOT,11,70,0
LANCELOT,25,51,0
LANCELOT,66,49,12
LANCELOT,78,57,6
LANCELOT,21,77,15
LANCELOT,67,7,0
LANCELOT,4,89,0
LANCELOT,80,0,0
LANCELOT,58,0,0
LANCELOT,10,63,1
LANCELOT,82,94,0
LANCELOT,74,93,0
LANCELOT,26,0,0
LANCELOT,28,0,0
LANCELOT,38,15,11
LANCELOT,72,61,0
LANCELOT,61,32,0
LANCELOT,99,18,0
LANCELOT,72,18,0
LANCELOT,73,49,0
LANCELOT,82,0,0
LANCELOT,65,0,0
LANCELOT,88,3,1
LANCELOT,30,7,2
LANCELOT,57,80,3
LANCELOT,58,0,0
LANCELOT,21,0,0
LANCELOT,47,0,0
LANCELOT,17,0,0
LANCELOT,57,34,0
LANCELOT,5,12,0
LANCELOT,96,59,32
LANCELOT,40,95,39
LANCELOT,29,3,3
LANCELOT,89,96,0
LANCELOT,74,33,0
LANCELOT,91,5,0
LANCELOT,68,35,0
LANCELOT,9,27,5
LANCELOT,54,50,10
LANCELOT,39,81,0
LANCELOT,61,99,7
LANCELOT,20,33,0
LANCELOT,34,24,0
LANCELOT,12,18,0
LANCELOT,68,68,68
LANCELOT,50,78,0
LANCELOT,87,0,0
LANCELOT,38,0,0
LANCELOT,5,0,0
LANCELOT,52,0,0
LANCELOT,44,95,0
LANCELOT,72,5,5
LANCELOT,28,100,10
LANCELOT,80,0,0
LANCELOT,89,28,0
LANCELOT,90,91,0
LANCELOT,45,65,0
LANCELOT,53,32,0
LANCELOT,100,0,0
LANCELOT,67,0,0
LANCELOT,7,0,0
LANCELOT,84,12,8
LANCELOT,70,19,12
LANCELOT,7,76,5
LANCELOT,25,19,0
LANCELOT,60,20,13
LANCELOT,9,0,0
LANCELOT,72,31,3
LANCELOT,89,61,7
LANCELOT,26,27,8
LANCELOT,80,88,24
LANCELOT,3,60,0
LANCELOT,6,60,6
LANCELOT,28,24,21
LANCELOT,8,0,0
LANCELOT,26,18,1
LANCELOT,29,14,0
LANCELOT,9,0,0
LANCELOT,14,84,0
LANCELOT,87,23,3
LANCELOT,70,0,0
LANCELOT,6,70,0
LANCELOT,52,18,5
LANCELOT,21,44,0
LANCELOT,83,0,0
LANCELOT,65,12,0
LANCELOT,57,0,0
LANCELOT,13,84,6
LANCELOT,100,0,0
LANCELOT,11,68,6
LANCELOT,59,5,1
LANCELOT,57,60,55
LANCELOT,51,0,0
LANCELOT,52,18,0
LANCELOT,66,61,0
LANCELOT,85,49,0
LANCELOT,29,52,0
LANCELOT,97,0,0
LANCELOT,43,0,0
LANCELOT,39,27,0
LANCELOT,60,42,0
LANCELOT,78,22,0
LANCELOT,9,34,0
LANCELOT,49,61,0
LANCELOT,94,30,0
LANCELOT,89,0,0
LANCELOT,100,0,0
LANCELOT,57,0,0
LANCELOT,29,0,0
LANCELOT,11,37,6
LANCELOT,3,11,0
LANCELOT,32,13,0
LANCELOT,41,85,14
LANCELOT,37,0,0
LANCELOT,11,94,0
LANCELOT,91,2,0
LANCELOT,86,4,0
LANCELOT,49,10,0
LANCELOT,87,76,24
LANCELOT,47,86,25
LANCELOT,65,24,3
LANCELOT,75,50,0
LANCELOT,4,43,4
LANCELOT,86,82,11
LANCELOT,30,41,0
LANCELOT,2,0,0
LANCELOT,4,19,0
LANCELOT,69,56,1
LANCELOT,51,0,0
LANCELOT,38,0,0
LANCELOT,33,2,0
LANCELOT,94,0,0
LANCELOT,38,0,0
LANCELOT,69,63,0
LANCELOT,44,92,44
LANCELOT,34,70,28
LANCELOT,85,0,0
LANCELOT,1,57,0
LANCELOT,62,27,12
LANCELOT,18,0,0
LANCELOT,79,0,0
LANCELOT,87,88,0
LANCELOT,36,76,33
LANCELOT,65,0,0
LANCELOT,57,0,0
LANCELOT,60,29,0
LANCELOT,61,85,0
LANCELOT,23,0,0
LANCELOT,44,0,0
LANCELOT,61,58,0
LANCELOT,25,86,0
LANCELOT,43,0,0
LANCELOT,15,0,0
LANCELOT,33,96,0
LANCELOT,75,0,0
LANCELOT,15,22,0
LANCELOT,89,0,0
LANCELOT,7,63,0
LANCELOT,81,78,11
LANCELOT,44,53,0
LANCELOT,77,98,0
LANCELOT,31,66,0
LANCELOT,24,0,0
LANCELOT,67,95,0
LANCELOT,27,61,0
LANCELOT,82,40,0
LANCELOT,5,0,0
LANCELOT,58,81,0
LANCELOT,18,0,0
LANCELOT,35,0,0
LANCELOT,66,0,0
LANCELOT,43,64,0
LANCELOT,26,71,7
LANCELOT,79,16,0
LANCELOT,54,99,35
LANCELOT,95,92,0
LANCELOT,52,26,1
LANCELOT,89,30,0
LANCELOT,30,17,0
LANCELOT,45,26,18
LANCELOT,38,0,0
LANCELOT,27,0,0
LANCELOT,48,0,0
LANCELOT,90,96,0
LANCELOT,44,51,0
LANCELOT,58,5,0
LANCELOT,42,97,0
LANCELOT,73,53,0
LANCELOT,13,44,3
LANCELOT,82,69,0
LANCELOT,85,32,0
LANCELOT,22,14,0
LANCELOT,64,52,0
LANCELOT,79,96,0
LANCELOT,30,0,0
LANCELOT,96,3,3
LANCELOT,74,0,0
LANCELOT,69,41,0
LANCELOT,96,0,0
LANCELOT,97,0,0
LANCELOT,13,65,0
LANCELOT,69,0,0
LANCELOT,22,0,0
LANCELOT,55,0,0
LANCELOT,14,84,13
LANCELOT,11,0,0
LANCELOT,6,0,0
LANCELOT,40,0,0
LANCELOT,3,28,1
LANCELOT,85,40,0
LANCELOT,33,0,0
LANCELOT,86,11,0
LANCELOT,92,39,0
LANCELOT,58,73,0
LANCELOT,44,82,0
LANCELOT,5,94,0
LANCELOT,30,41,4
LANCELOT,64,67,27
LANCELOT,39,21,0
LANCELOT,17,11,7
LANCELOT,26,82,0
LANCELOT,39,0,0
LANCELOT,45,0,0
LANCELOT,97,54,0
LANCELOT,15,83,11
LANCELOT,48,68,29
LANCELOT,36,13,0
LANCELOT,72,77,0
LANCELOT,6,0,0
LANCELOT,22,82,20
LANCELOT,7,10,6
LANCELOT,97,4,0
LANCELOT,25,26,0
LANCELOT,62,0,0
LANCELOT,43,17,0
LANCELOT,70,0,0
LANCELOT,67,54,0
LANCELOT,60,25,21
LANCELOT,99,0,0
LANCELOT,27,0,0
LANCELOT,22,94,0
LANCELOT,80,98,0
LANCELOT,8,46,0
LANCELOT,30,69,0
LANCELOT,41,0,0
LANCELOT,94,2,0
LANCELOT,56,54,0
LANCELOT,77,90,0
LANCELOT,65,0,0
LANCELOT,24,89,0
LANCELOT,92,0,0
LANCELOT,24,81,10
LANCELOT,12,29,1
LANCELOT,4,91,0
LANCELOT,50,87,0
LANCELOT,42,0,0
LANCELOT,83,34,0
LANCELOT,4,17,1
LANCELOT,76,8,0
LANCELOT,16,62,0
LANCELOT,72,0,0
LANCELOT,28,0,0
LANCELOT,19,0,0
LANCELOT,21,0,0
LANCELOT,4,72,0
LANCELOT,99,59,43
LANCELOT,19,84,0
LANCELOT,35,74,0
LANCELOT,40,0,0
LANCELOT,78,0,0
LANCELOT,43,73,0
LANCELOT,65,72,22
LANCELOT,60,85,0
LANCELOT,80,85,0
LANCELOT,19,0,0
LANCELOT,31,56,0
LANCELOT,52,16,13
LANCELOT,100,0,0
LANCELOT,70,45,8
LANCELOT,29,0,0
LANCELOT,69,21,0
LANCELOT,12,45,0
LANCELOT,61,4,2
LANCELOT,61,0,0
LANCELOT,78,4,1
LANCELOT,79,0,0
LANCELOT,26,0,0
LANCELOT,71,34,32
LANCELOT,30,71,13
LANCELOT,94,0,0
LANCELOT,30,38,30
LANCELOT,38,43,20
LANCELOT,33,3,1
LANCELOT,10,84,0
LANCELOT,33,11,0
LANCELOT,63,19,0
LANCELOT,67,0,0
LANCELOT,94,99,0
LANCELOT,69,0,0
LANCELOT,36,20,3
LANCELOT,43,0,0
LANCELOT,75,75,17
LANCELOT,65,30,0
LANCELOT,35,97,0
LANCELOT,97,63,54
LANCELOT,69,49,1
LANCELOT,40,66,0
LANCELOT,90,56,0
LANCELOT,28,0,0
LANCELOT,55,19,12
LANCELOT,98,9,2
LANCELOT,58,0,0
LANCELOT,96,31,0
LANCELOT,2,3,0
LANCELOT,33,19,0
LANCELOT,7,73,0
LANCELOT,48,83,0
LANCELOT,22,54,8
LANCELOT,64,95,0
LANCELOT,65,100,54
LANCELOT,67,20,0
LANCELOT,16,0,0
LANCELOT,83,64,0
LANCELOT,34,10,0
LANCELOT,83,36,0
LANCELOT,38,49,36
LANCELOT,3,0,0
LANCELOT,52,87,35
LANCELOT,69,55,23
LANCELOT,82,0,0
LANCELOT,55,68,0
LANCELOT,38,47,0
LANCELOT,55,2,0
LANCELOT,99,60,0
LANCELOT,59,69,30
LANCELOT,65,28,22
LANCELOT,39,0,0
LANCELOT,25,60,0
LANCELOT,63,35,0
LANCELOT,52,86,24
LANCELOT,81,0,0
LANCELOT,90,87,0
LANCELOT,41,80,0
LANCELOT,74,48,0
LANCELOT,84,24,0
LANCELOT,56,67,0
LANCELOT,7,5,0
LANCELOT,75,0,0
LANCELOT,94,0,0
LANCELOT,41,7,7
LANCELOT,87,36,0
LANCELOT,60,0,0
LANCELOT,55,67,47
LANCELOT,54,57,51
LANCELOT,62,73,0
LANCELOT,56,66,0
LANCELOT,88,62,0
LANCELOT,53,12,0
LANCELOT,30,0,0
LANCELOT,80,2,1
LANCELOT,29,9,0
LANCELOT,52,23,15
LANCELOT,85,0,0
LANCELOT,76,95,0
LANCELOT,65,42,0
LANCELOT,87,0,0
LANCELOT,68,0,0
LANCELOT,97,0,0
LANCELOT,82,0,0
LANCELOT,18,0,0
LANCELOT,87,66,0
LANCELOT,98,0,0
LANCELOT,96,79,63
LANCELOT,37,4,0
LANCELOT,99,50,25
LANCELOT,22,52,14
LANCELOT,38,12,0
LANCELOT,29,0,0
LANCELOT,25,0,0
LANCELOT,52,52,41
LANCELOT,31,0,0
LANCELOT,73,0,0
LANCELOT,71,0,0
LANCELOT,13,47,0
LANCELOT,15,89,13
LANCELOT,32,94,0
LANCELOT,86,38,23
LANCELOT,97,7,0
LANCELOT,64,0,0
LANCELOT,5,44,1
LANCELOT,95,65,8
LANCELOT,65,95,37
LANCELOT,85,42,0
LANCELOT,61,0,0
LANCELOT,7,71,5
LANCELOT,10,36,5
LANCELOT,19,0,0
LANCELOT,65,12,0
LANCELOT,40,62,0
LANCELOT,84,0,0
LANCELOT,71,0,0
LANCELOT,17,44,0
LANCELOT,31,0,0
LANCELOT,57,2,1
LANCELOT,35,12,0
LANCELOT,16,0,0
LANCELOT,17,32,0
LANCELOT,33,99,0
LANCELOT,43,86,0
LANCELOT,11,35,6
LANCELOT,72,0,0
LANCELOT,59,0,0
LANCELOT,53,0,0
LANCELOT,52,1,0
LANCELOT,56,0,0
LANCELOT,71,68,0
LANCELOT,47,77,7
LANCELOT,50,0,0
LANCELOT,3,49,3
LANCELOT,67,47,0
LANCELOT,66,24,8
LANCELOT,96,87,0
LANCELOT,74,95,0
LANCELOT,64,0,0
LANCELOT,88,52,0
LANCELOT,60,0,0
LANCELOT,46,74,24
LANCELOT,44,60,0
LANCELOT,11,8,7
LANCELOT,79,34,0
LANCELOT,99,56,0
LANCELOT,42,92,0
LANCELOT,40,28,22
LANCELOT,96,50,1
LANCELOT,92,71,4
LANCELOT,6,0,0
LANCELOT,62,0,0
LANCELOT,47,39,0
LANCELOT,95,0,0
LANCELOT,27,0,0
LANCELOT,67,0,0
LANCELOT,10,55,3
LANCELOT,75,12,0
LANCELOT,81,35,0
LANCELOT,9,100,4
LANCELOT,74,100,0
LANCELOT,17,93,0
LANCELOT,97,0,0
LANCELOT,94,0,0
LANCELOT,77,52,0
LANCELOT,6,8,0
LANCELOT,14,21,9
LANCELOT,10,0,0
LANCELOT,44,84,0
LANCELOT,94,0,0
LANCELOT,55,82,0
LANCELOT,94,0,0
LANCELOT,8,79,0
LANCELOT,76,89,22
LANCELOT,87,69,2
LANCELOT,17,0,0
LANCELOT,48,0,0
LANCELOT,81,37,0
LANCELOT,5,13,0
LANCELOT,89,0,0
LANCELOT,17,0,0
LANCELOT,22,91,0
LANCELOT,88,0,0
LANCELOT,43,0,0
LANCELOT,100,0,0
LANCELOT,41,34,1
LANCELOT,85,0,0
LANCELOT,27,1,0
LANCELOT,70,9,0
LANCELOT,72,87,62
LANCELOT,1,99,1
LANCELOT,38,97,36
LANCELOT,30,58,0
LANCELOT,17,32,0
LANCELOT,26,7,3
LANCELOT,20,21,6
LANCELOT,20,77,19
LANCELOT,45,69,17
LANCELOT,36,30,0
LANCELOT,32,0,0
LANCELOT,50,60,0
LANCELOT,5,89,0
LANCELOT,16,0,0
LANCELOT,98,20,0
LANCELOT,12,55,11
LANCELOT,1,38,0
LANCELOT,18,75,0
LANCELOT,75,0,0
LANCELOT,66,21,0
LANCELOT,26,59,26
LANCELOT,54,94,0
LANCELOT,97,3,0
LANCELOT,28,9,2
LANCELOT,3,49,2
LANCELOT,59,0,0
LANCELOT,86,54,5
LANCELOT,59,17,0
LANCELOT,40,72,31
LANCELOT,1,57,1
LANCELOT,55,0,0
LANCELOT,49,0,0
LANCELOT,26,0,0
LANCELOT,5,31,0
LANCELOT,59,67,36
LANCELOT,94,8,0
LANCELOT,25,32,4
LANCELOT,85,9,0
LANCELOT,77,76,71
LANCELOT,84,11,0
LANCELOT,27,100,19
LANCELOT,95,89,0
LANCELOT,5,73,4
LANCELOT,65,58,0
LANCELOT,54,0,0
LANCELOT,44,61,0
LANCELOT,51,0,0
LANCELOT,84,31,13
LANCELOT,37,34,25
LANCELOT,92,89,0
LANCELOT,27,100,0
LANCELOT,40,40,0
LANCELOT,91,9,0
LANCELOT,48,0,0
LANCELOT,14,20,9
LANCELOT,7,0,0
LANCELOT,32,0,0
LANCELOT,50,53,16
LANCELOT,38,32,0
LANCELOT,4,0,0
LANCELOT,9,57,0
LANCELOT,28,25,0
LANCELOT,46,71,24
LANCELOT,8,16,0
LANCELOT,24,64,0
LANCELOT,60,96,0
LANCELOT,36,0,0
LANCELOT,4,0,0
LANCELOT,28,25,0
LANCELOT,20,41,5
LANCELOT,38,0,0
LANCELOT,75,18,0
LANCELOT,47,0,0
LANCELOT,90,64,0
LANCELOT,55,77,0
LANCELOT,28,81,0
LANCELOT,49,55,0
LANCELOT,90,0,0
LANCELOT,30,0,0
LANCELOT,7,27,7
LANCELOT,64,18,0
LANCELOT,62,6,3
LANCELOT,30,87,0
