Farmer_Name,Dimension 1,Dimension 2,Dimension 3
ARTHUR,29,49,0
ARTHUR,47,0,0
ARTHUR,70,12,0
ARTHUR,43,69,42
ARTHUR,33,84,29
ARTHUR,6,100,1
ARTHUR,92,0,0
ARTHUR,47,66,0
ARTHUR,5,0,0
ARTHUR,40,43,0
ARTHUR,88,0,0
ARTHUR,84,0,0
ARTHUR,42,10,2
ARTHUR,6,0,0
ARTHUR,35,62,0
ARTHUR,49,50,0
ARTHUR,20,0,0
ARTHUR,4,90,2
ARTHUR,85,70,0
ARTHUR,58,60,0
ARTHUR,36,0,0
ARTHUR,27,85,6
ARTHUR,36,38,0
ARTHUR,63,68,0
ARTHUR,4,92,1
ARTHUR,92,70,0
ARTHUR,18,63,0
ARTHUR,66,70,0
ARTHUR,13,0,0
ARTHUR,96,23,10
ARTHUR,81,5,0
ARTHUR,23,68,0
ARTHUR,54,95,0
ARTHUR,22,78,0
ARTHUR,37,35,0
ARTHUR,45,68,0
ARTHUR,49,43,41
ARTHUR,92,0,0
ARTHUR,44,15,0
ARTHUR,77,81,12
ARTHUR,9,72,2
ARTHUR,26,37,0
ARTHUR,92,94,0
ARTHUR,40,93,0
ARTHUR,27,79,23
ARTHUR,92,48,0
ARTHUR,83,0,0
ARTHUR,4,23,0
ARTHUR,50,0,0
ARTHUR,50,69,48
ARTHUR,95,0,0
ARTHUR,22,89,14
ARTHUR,84,0,0
ARTHUR,60,79,0
ARTHUR,4,29,0
ARTHUR,41,52,0
ARTHUR,39,0,0
ARTHUR,60,0,0
ARTHUR,9,0,0
ARTHUR,99,85,28
ARTHUR,96,62,34
ARTHUR,40,0,0
ARTHUR,82,70,0
ARTHUR,54,0,0
ARTHUR,55,49,21
ARTHUR,84,58,1
ARTHUR,70,21,0
ARTHUR,67,77,40
ARTHUR,75,3,0
ARTHUR,90,12,0
ARTHUR,9,69,0
ARTHUR,42,0,0
ARTHUR,46,0,0
ARTHUR,83,0,0
ARTHUR,26,0,0
ARTHUR,89,0,0
ARTHUR,76,99,0
ARTHUR,50,30,0
ARTHUR,29,0,0
ARTHUR,67,0,0
ARTHUR,28,96,0
ARTHUR,19,0,0
ARTHUR,34,18,6
ARTHUR,13,51,0
ARTHUR,4,28,0
ARTHUR,28,0,0
ARTHUR,34,86,24
ARTHUR,9,22,3
ARTHUR,5,98,0
ARTHUR,78,5,0
ARTHUR,87,0,0
ARTHUR,92,72,0
ARTHUR,5,0,0
ARTHUR,92,0,0
ARTHUR,28,0,0
ARTHUR,4,0,0
ARTHUR,2,0,0
ARTHUR,23,13,8
ARTHUR,53,0,0
ARTHUR,46,30,0
ARTHUR,75,0,0
ARTHUR,88,64,6
ARTHUR,9,28,1
ARTHUR,78,0,0
ARTHUR,62,69,0
ARTHUR,24,63,3
ARTHUR,82,32,5
ARTHUR,8,73,0
ARTHUR,88,0,0
ARTHUR,81,20,0
ARTHUR,16,32,3
ARTHUR,55,80,0
ARTHUR,31,0,0
ARTHUR,76,73,41
ARTHUR,7,17,0
ARTHUR,70,56,0
ARTHUR,91,0,0
ARTHUR,52,58,13
ARTHUR,64,39,8
ARTHUR,14,6,4
ARTHUR,8,0,0
ARTHUR,87,0,0
ARTHUR,60,0,0
ARTHUR,92,0,0
ARTHUR,86,99,0
ARTHUR,30,4,1
ARTHUR,16,0,0
ARTHUR,21,10,0
ARTHUR,20,0,0
ARTHUR,26,68,0
ARTHUR,75,59,0
ARTHUR,48,73,0
ARTHUR,77,0,0
ARTHUR,55,75,0
ARTHUR,99,0,0
ARTHUR,83,0,0
ARTHUR,50,30,12
ARTHUR,80,88,0
ARTHUR,81,0,0
ARTHUR,77,0,0
ARTHUR,47,88,7
ARTHUR,90,8,0
ARTHUR,24,54,11
ARTHUR,17,62,0
ARTHUR,3,30,0
ARTHUR,37,70,0
ARTHUR,58,0,0
ARTHUR,21,0,0
ARTHUR,50,34,31
ARTHUR,78,0,0
ARTHUR,38,59,0
ARTHUR,13,99,8
ARTHUR,13,0,0
ARTHUR,44,0,0
ARTHUR,89,100,0
ARTHUR,45,26,2
ARTHUR,58,0,0
ARTHUR,22,96,14
ARTHUR,56,6,0
ARTHUR,14,0,0
ARTHUR,98,91,46
ARTHUR,38,53,0
ARTHUR,79,0,0
ARTHUR,100,17,0
ARTHUR,77,42,7
ARTHUR,88,25,0
ARTHUR,74,21,0
ARTHUR,57,0,0
ARTHUR,81,0,0
ARTHUR,74,2,0
ARTHUR,16,59,0
ARTHUR,9,48,0
ARTHUR,7,0,0
ARTHUR,72,84,0
ARTHUR,55,0,0
ARTHUR,57,95,0
ARTHUR,5,6,2
ARTHUR,78,0,0
ARTHUR,3,78,2
ARTHUR,66,12,0
ARTHUR,63,0,0
ARTHUR,29,15,0
ARTHUR,35,0,0
ARTHUR,74,64,0
ARTHUR,61,59,0
ARTHUR,50,0,0
ARTHUR,66,0,0
ARTHUR,81,0,0
ARTHUR,53,81,8
ARTHUR,41,0,0
ARTHUR,32,65,0
ARTHUR,71,88,0
ARTHUR,47,5,3
ARTHUR,32,0,0
ARTHUR,22,75,1
ARTHUR,18,61,0
ARTHUR,95,27,0
ARTHUR,53,0,0
ARTHUR,1,0,0
ARTHUR,41,0,0
ARTHUR,94,0,0
ARTHUR,9,76,0
ARTHUR,28,0,0
ARTHUR,29,30,17
ARTHUR,25,4,0
ARTHUR,38,0,0
ARTHUR,22,99,0
ARTHUR,76,14,6
ARTHUR,10,0,0
ARTHUR,31,67,0
ARTHUR,98,77,0
ARTHUR,60,0,0
ARTHUR,77,40,0
ARTHUR,37,52,0
ARTHUR,78,0,0
ARTHUR,8,32,0
ARTHUR,65,0,0
ARTHUR,64,78,43
ARTHUR,34,5,0
ARTHUR,33,68,0
ARTHUR,34,80,0
ARTHUR,55,42,9
ARTHUR,44,53,0
ARTHUR,67,12,1
ARTHUR,85,0,0
ARTHUR,73,20,7
ARTHUR,69,85,4
ARTHUR,72,65,24
ARTHUR,100,48,0
ARTHUR,27,28,0
ARTHUR,39,0,0
ARTHUR,66,54,0
ARTHUR,17,8,0
ARTHUR,81,87,0
ARTHUR,80,54,1
ARTHUR,51,40,0
ARTHUR,53,0,0
ARTHUR,95,12,0
ARTHUR,36,76,23
ARTHUR,46,52,0
ARTHUR,84,36,0
ARTHUR,83,0,0
ARTHUR,83,0,0
ARTHUR,55,60,54
ARTHUR,31,89,1
ARTHUR,80,21,19
ARTHUR,62,37,0
ARTHUR,65,39,12
ARTHUR,61,78,0
ARTHUR,97,46,20
ARTHUR,31,50,28
ARTHUR,61,59,40
ARTHUR,54,5,0
ARTHUR,12,96,0
ARTHUR,61,48,4
ARTHUR,82,0,0
ARTHUR,10,25,0
ARTHUR,69,56,0
ARTHUR,64,55,0
ARTHUR,84,85,0
ARTHUR,35,97,0
ARTHUR,82,81,0
ARTHUR,17,0,0
ARTHUR,28,78,0
ARTHUR,58,34,0
ARTHUR,81,91,0
ARTHUR,16,35,0
ARTHUR,49,0,0
ARTHUR,32,59,0
ARTHUR,63,58,0
ARTHUR,52,16,0
ARTHUR,90,0,0
ARTHUR,93,83,68
ARTHUR,90,7,0
ARTHUR,63,20,8
ARTHUR,54,47,25
ARTHUR,29,0,0
ARTHUR,32,62,31
ARTHUR,2,23,2
ARTHUR,7,38,0
ARTHUR,71,79,0
ARTHUR,90,26,6
ARTHUR,33,0,0
ARTHUR,27,8,6
ARTHUR,11,37,9
ARTHUR,70,0,0
ARTHUR,74,8,0
ARTHUR,9,89,4
ARTHUR,12,93,0
ARTHUR,87,22,15
ARTHUR,41,16,0
ARTHUR,20,12,10
ARTHUR,26,40,0
ARTHUR,43,72,0
ARTHUR,83,21,15
ARTHUR,42,42,0
ARTHUR,46,0,0
ARTHUR,71,72,20
ARTHUR,50,0,0
ARTHUR,16,69,5
ARTHUR,48,82,0
ARTHUR,8,0,0
ARTHUR,14,0,0
ARTHUR,57,0,0
ARTHUR,73,7,0
ARTHUR,53,25,9
ARTHUR,2,19,0
ARTHUR,88,17,13
ARTHUR,32,53,27
ARTHUR,2,49,0
ARTHUR,26,67,0
ARTHUR,66,17,0
ARTHUR,59,1,1
ARTHUR,37,4,0
ARTHUR,14,95,0
ARTHUR,92,14,12
ARTHUR,22,12,0
ARTHUR,23,96,0
ARTHUR,37,85,0
ARTHUR,51,5,0
ARTHUR,29,0,0
ARTHUR,37,41,27
ARTHUR,77,0,0
ARTHUR,9,79,0
ARTHUR,58,14,0
ARTHUR,98,80,77
ARTHUR,54,0,0
ARTHUR,78,28,0
ARTHUR,94,32,0
ARTHUR,7,0,0
ARTHUR,86,45,0
ARTHUR,81,83,0
ARTHUR,29,12,3
ARTHUR,79,77,0
ARTHUR,17,0,0
ARTHUR,51,0,0
ARTHUR,49,43,37
ARTHUR,30,21,4
ARTHUR,90,66,0
ARTHUR,54,75,26
ARTHUR,4,66,0
ARTHUR,54,52,0
ARTHUR,82,42,11
ARTHUR,66,11,10
ARTHUR,100,0,0
ARTHUR,57,0,0
ARTHUR,52,0,0
ARTHUR,77,88,0
ARTHUR,54,48,0
ARTHUR,33,0,0
ARTHUR,71,0,0
ARTHUR,77,0,0
ARTHUR,97,45,0
ARTHUR,60,0,0
ARTHUR,42,16,0
ARTHUR,60,7,5
ARTHUR,84,98,0
ARTHUR,28,97,21
ARTHUR,42,0,0
ARTHUR,47,7,2
ARTHUR,6,78,1
ARTHUR,39,0,0
ARTHUR,76,74,0
ARTHUR,38,34,0
ARTHUR,85,10,5
ARTHUR,50,86,0
ARTHUR,20,97,0
ARTHUR,25,18,4
ARTHUR,75,62,0
ARTHUR,34,92,0
ARTHUR,100,0,0
ARTHUR,70,53,27
ARTHUR,72,8,0
ARTHUR,97,88,78
ARTHUR,96,22,0
ARTHUR,47,32,0
ARTHUR,55,5,0
ARTHUR,21,60,0
ARTHUR,99,0,0
ARTHUR,45,100,20
ARTHUR,1,30,0
ARTHUR,83,0,0
ARTHUR,73,47,12
ARTHUR,24,50,0
ARTHUR,60,26,12
ARTHUR,19,0,0
ARTHUR,21,44,0
ARTHUR,47,92,20
ARTHUR,3,0,0
ARTHUR,6,77,0
ARTHUR,94,0,0
ARTHUR,12,2,0
ARTHUR,91,75,75
ARTHUR,57,46,35
ARTHUR,51,0,0
ARTHUR,5,0,0
ARTHUR,23,30,11
ARTHUR,45,15,0
ARTHUR,7,0,0
ARTHUR,29,17,12
ARTHUR,63,5,0
ARTHUR,95,0,0
ARTHUR,90,62,16
ARTHUR,2,0,0
ARTHUR,52,26,0
ARTHUR,43,35,0
ARTHUR,54,72,0
ARTHUR,85,0,0
ARTHUR,50,85,17
ARTHUR,94,35,15
ARTHUR,8,20,0
ARTHUR,87,98,0
ARTHUR,7,98,5
ARTHUR,98,0,0
ARTHUR,72,0,0
ARTHUR,63,0,0
ARTHUR,15,74,1
ARTHUR,3,18,0
ARTHUR,7,37,5
ARTHUR,72,34,0
ARTHUR,4,0,0
ARTHUR,59,32,25
ARTHUR,78,2,1
ARTHUR,45,0,0
ARTHUR,91,25,0
ARTHUR,26,45,0
ARTHUR,88,0,0
ARTHUR,9,68,0
ARTHUR,83,84,55
ARTHUR,72,85,0
ARTHUR,89,0,0
ARTHUR,77,79,11
ARTHUR,58,65,34
ARTHUR,35,48,20
ARTHUR,62,77,7
ARTHUR,31,26,0
ARTHUR,82,0,0
ARTHUR,24,41,0
ARTHUR,40,0,0
ARTHUR,29,0,0
ARTHUR,41,0,0
ARTHUR,74,61,50
ARTHUR,83,85,81
ARTHUR,58,34,0
ARTHUR,61,69,0
ARTHUR,10,0,0
ARTHUR,53,0,0
ARTHUR,74,0,0
ARTHUR,89,0,0
ARTHUR,20,85,0
ARTHUR,76,15,0
ARTHUR,64,42,0
ARTHUR,62,0,0
ARTHUR,18,56,0
ARTHUR,54,42,12
ARTHUR,69,44,0
ARTHUR,23,62,0
ARTHUR,95,64,0
ARTHUR,46,95,0
ARTHUR,52,0,0
ARTHUR,64,4,4
ARTHUR,12,0,0
ARTHUR,18,0,0
ARTHUR,24,0,0
ARTHUR,57,0,0
ARTHUR,88,71,56
ARTHUR,48,0,0
ARTHUR,84,78,0
ARTHUR,91,0,0
ARTHUR,17,24,0
ARTHUR,53,62,0
ARTHUR,85,51,0
ARTHUR,52,88,0
ARTHUR,98,61,0
ARTHUR,19,0,0
ARTHUR,99,73,0
ARTHUR,85,3,2
ARTHUR,21,2,0
ARTHUR,28,79,0
ARTHUR,96,17,0
ARTHUR,54,55,0
ARTHUR,55,77,26
ARTHUR,92,0,0
ARTHUR,58,42,0
ARTHUR,35,0,0
ARTHUR,31,65,0
ARTHUR,42,76,8
ARTHUR,28,81,24
ARTHUR,98,52,0
ARTHUR,19,0,0
ARTHUR,80,79,0
ARTHUR,56,0,0
ARTHUR,41,0,0
ARTHUR,58,85,51
ARTHUR,30,73,0
ARTHUR,90,42,4
ARTHUR,65,99,0
ARTHUR,93,23,18
ARTHUR,76,19,10
ARTHUR,41,0,0
ARTHUR,98,0,0
ARTHUR,36,85,23
ARTHUR,97,85,0
ARTHUR,19,13,3
ARTHUR,21,97,0
ARTHUR,51,94,0
ARTHUR,42,81,0
ARTHUR,65,53,35
ARTHUR,2,48,2
ARTHUR,4,65,0
ARTHUR,96,60,0
ARTHUR,48,12,6
ARTHUR,78,5,0
ARTHUR,84,24,18
ARTHUR,93,38,0
ARTHUR,30,0,0
ARTHUR,82,90,0
ARTHUR,28,0,0
ARTHUR,59,92,0
ARTHUR,86,30,27
ARTHUR,90,0,0
ARTHUR,68,66,18
ARTHUR,36,61,2
ARTHUR,33,88,0
ARTHUR,36,0,0
ARTHUR,29,0,0
ARTHUR,48,33,0
ARTHUR,63,90,18
ARTHUR,51,24,0
ARTHUR,8,80,2
ARTHUR,85,0,0
ARTHUR,92,0,0
ARTHUR,13,0,0
ARTHUR,23,0,0
ARTHUR,31,0,0
ARTHUR,100,0,0
ARTHUR,91,48,30
ARTHUR,6,92,6
ARTHUR,91,50,0
ARTHUR,79,81,0
ARTHUR,89,11,0
ARTHUR,4,0,0
ARTHUR,52,1,1
ARTHUR,37,15,10
ARTHUR,85,58,44
ARTHUR,82,69,0
ARTHUR,10,83,0
ARTHUR,90,0,0
ARTHUR,89,96,12
ARTHUR,40,89,0
ARTHUR,19,18,0
ARTHUR,37,90,21
ARTHUR,58,87,37
ARTHUR,64,93,0
ARTHUR,27,6,0
ARTHUR,56,0,0
ARTHUR,96,69,42
ARTHUR,24,34,0
ARTHUR,26,96,0
ARTHUR,53,81,0
ARTHUR,45,66,9
ARTHUR,29,0,0
ARTHUR,64,0,0
ARTHUR,22,24,0
ARTHUR,70,63,0
ARTHUR,62,0,0
ARTHUR,81,65,8
ARTHUR,2,38,0
ARTHUR,31,99,7
ARTHUR,73,34,0
ARTHUR,91,0,0
ARTHUR,44,25,0
ARTHUR,95,59,0
ARTHUR,66,77,37
ARTHUR,89,16,0
ARTHUR,78,0,0
ARTHUR,9,57,0
ARTHUR,58,14,0
ARTHUR,27,76,11
ARTHUR,6,0,0
ARTHUR,21,58,0
ARTHUR,45,34,0
ARTHUR,45,0,0
ARTHUR,11,34,11
ARTHUR,34,28,10
ARTHUR,15,73,13
ARTHUR,61,17,0
ARTHUR,38,44,0
ARTHUR,67,46,0
ARTHUR,23,61,9
ARTHUR,40,0,0
ARTHUR,46,71,28
ARTHUR,82,56,0
ARTHUR,84,74,71
ARTHUR,21,76,2
ARTHUR,35,45,9
ARTHUR,86,30,28
ARTHUR,66,0,0
ARTHUR,18,100,0
ARTHUR,64,85,28
ARTHUR,17,56,0
ARTHUR,56,16,8
ARTHUR,38,51,0
ARTHUR,33,75,0
ARTHUR,57,98,11
ARTHUR,58,58,0
ARTHUR,47,86,0
ARTHUR,14,87,1
ARTHUR,19,14,13
ARTHUR,84,0,0
ARTHUR,10,26,0
ARTHUR,9,74,0
ARTHUR,33,0,0
ARTHUR,11,0,0
ARTHUR,45,0,0
ARTHUR,41,0,0
ARTHUR,81,0,0
ARTHUR,23,2,0
ARTHUR,78,84,0
ARTHUR,24,21,0
ARTHUR,99,0,0
ARTHUR,56,42,0
ARTHUR,18,94,18
ARTHUR,28,0,0
ARTHUR,78,0,0
ARTHUR,10,5,5
ARTHUR,95,79,36
ARTHUR,66,57,0
ARTHUR,75,27,0
ARTHUR,33,12,0
ARTHUR,17,0,0
ARTHUR,26,78,0
ARTHUR,88,24,24
ARTHUR,54,24,6
ARTHUR,70,51,0
ARTHUR,95,0,0
ARTHUR,11,94,0
ARTHUR,100,92,12
ARTHUR,76,0,0
ARTHUR,91,0,0
ARTHUR,77,0,0
ARTHUR,19,16,13
ARTHUR,46,37,0
ARTHUR,83,8,4
ARTHUR,66,97,0
ARTHUR,19,85,7
ARTHUR,100,0,0
ARTHUR,1,28,1
ARTHUR,25,36,23
ARTHUR,21,64,18
ARTHUR,31,94,0
ARTHUR,26,50,0
ARTHUR,8,26,6
ARTHUR,43,0,0
ARTHUR,4,93,0
ARTHUR,53,90,0
ARTHUR,54,45,0
ARTHUR,77,44,0
ARTHUR,76,93,0
ARTHUR,91,96,57
ARTHUR,47,36,0
ARTHUR,89,55,0
ARTHUR,68,96,0
ARTHUR,35,0,0
ARTHUR,16,86,3
ARTHUR,68,46,25
ARTHUR,83,48,29
ARTHUR,29,0,0
ARTHUR,27,62,0
ARTHUR,20,43,20
ARTHUR,50,84,0
ARTHUR,100,94,48
ARTHUR,27,33,14
ARTHUR,11,0,0
ARTHUR,40,0,0
ARTHUR,62,0,0
ARTHUR,5,61,3
ARTHUR,62,98,24
ARTHUR,19,0,0
ARTHUR,32,44,0
ARTHUR,68,47,7
ARTHUR,78,57,0
ARTHUR,55,0,0
ARTHUR,3,61,0
ARTHUR,31,75,0
ARTHUR,50,30,5
ARTHUR,12,16,9
ARTHUR,89,60,0
ARTHUR,94,0,0
ARTHUR,51,0,0
ARTHUR,11,24,0
ARTHUR,51,72,0
ARTHUR,59,44,16
ARTHUR,55,0,0
ARTHUR,71,0,0
ARTHUR,50,78,0
ARTHUR,17,52,4
ARTHUR,93,32,0
ARTHUR,47,77,0
ARTHUR,89,72,71
ARTHUR,14,100,9
ARTHUR,15,54,14
ARTHUR,61,0,0
ARTHUR,99,100,0
ARTHUR,14,0,0
ARTHUR,45,0,0
ARTHUR,2,7,1
ARTHUR,42,0,0
ARTHUR,92,10,0
ARTHUR,91,0,0
ARTHUR,73,40,0
ARTHUR,38,98,7
ARTHUR,78,49,7
ARTHUR,17,51,8
ARTHUR,17,0,0
ARTHUR,43,0,0
ARTHUR,83,22,14
ARTHUR,86,54,4
ARTHUR,36,0,0
ARTHUR,69,0,0
ARTHUR,11,0,0
ARTHUR,28,59,12
ARTHUR,32,1,0
ARTHUR,39,44,0
ARTHUR,94,37,0
ARTHUR,13,1,0
ARTHUR,56,0,0
ARTHUR,54,9,0
ARTHUR,72,34,32
ARTHUR,80,17,1
ARTHUR,95,0,0
ARTHUR,65,86,0
ARTHUR,76,91,27
ARTHUR,100,69,0
ARTHUR,90,58,22
ARTHUR,3,44,0
ARTHUR,51,7,0
ARTHUR,55,51,18
ARTHUR,46,36,0
ARTHUR,70,86,0
ARTHUR,14,39,14
ARTHUR,1,95,1
ARTHUR,42,42,35
ARTHUR,62,4,0
ARTHUR,91,10,6
ARTHUR,37,79,0
ARTHUR,66,51,0
ARTHUR,18,0,0
ARTHUR,46,67,16
ARTHUR,56,82,0
ARTHUR,15,0,0
ARTHUR,66,0,0
ARTHUR,75,0,0
ARTHUR,7,94,0
ARTHUR,40,88,17
ARTHUR,36,42,0
ARTHUR,58,59,38
ARTHUR,37,24,0
ARTHUR,94,10,0
ARTHUR,10,77,0
ARTHUR,97,0,0
ARTHUR,72,23,0
ARTHUR,44,86,0
ARTHUR,14,84,0
ARTHUR,48,18,14
ARTHUR,43,23,0
ARTHUR,74,28,8
ARTHUR,2,30,0
ARTHUR,60,0,0
ARTHUR,32,79,8
ARTHUR,90,0,0
ARTHUR,28,66,0
ARTHUR,17,13,0
ARTHUR,52,59,21
ARTHUR,45,80,11
ARTHUR,50,0,0
ARTHUR,76,0,0
ARTHUR,39,31,0
ARTHUR,64,0,0
ARTHUR,38,48,24
ARTHUR,26,0,0
ARTHUR,2,25,2
ARTHUR,60,0,0
ARTHUR,31,34,0
ARTHUR,43,24,0
ARTHUR,71,74,39
ARTHUR,85,0,0
ARTHUR,68,11,5
ARTHUR,76,48,0
ARTHUR,65,43,0
ARTHUR,42,49,27
ARTHUR,96,0,0
ARTHUR,41,2,1
ARTHUR,52,0,0
ARTHUR,64,8,0
ARTHUR,30,4,4
ARTHUR,79,43,0
ARTHUR,44,29,0
ARTHUR,62,93,0
ARTHUR,13,8,4
ARTHUR,28,52,0
ARTHUR,6,100,6
ARTHUR,96,46,33
ARTHUR,79,65,0
ARTHUR,3,0,0
ARTHUR,38,69,38
ARTHUR,45,0,0
ARTHUR,72,0,0
ARTHUR,68,37,0
ARTHUR,85,68,10
ARTHUR,96,49,0
ARTHUR,19,61,0
ARTHUR,26,0,0
ARTHUR,42,16,2
ARTHUR,38,0,0
ARTHUR,1,22,0
ARTHUR,27,57,0
ARTHUR,31,44,0
ARTHUR,10,0,0
ARTHUR,52,0,0
ARTHUR,95,0,0
ARTHUR,37,4,0
ARTHUR,82,0,0
ARTHUR,23,82,0
ARTHUR,98,59,14
ARTHUR,18,0,0
ARTHUR,36,27,6
ARTHUR,65,0,0
ARTHUR,94,91,33
ARTHUR,32,95,32
ARTHUR,12,86,0
ARTHUR,22,32,8
ARTHUR,82,50,0
ARTHUR,5,100,0
ARTHUR,38,80,0
ARTHUR,93,0,0
ARTHUR,33,0,0
ARTHUR,36,0,0
ARTHUR,97,70,66
ARTHUR,86,0,0
ARTHUR,46,0,0
ARTHUR,39,72,0
ARTHUR,94,12,0
ARTHUR,70,86,68
ARTHUR,14,2,0
ARTHUR,58,0,0
ARTHUR,90,4,3
ARTHUR,39,17,0
ARTHUR,30,47,0
ARTHUR,17,0,0
ARTHUR,24,81,0
ARTHUR,5,0,0
ARTHUR,43,0,0
ARTHUR,2,32,1
ARTHUR,59,0,0
ARTHUR,38,65,18
ARTHUR,7,0,0
ARTHUR,19,39,0
ARTHUR,28,57,8
ARTHUR,8,54,0
ARTHUR,32,0,0
ARTHUR,76,94,0
ARTHUR,85,6,0
ARTHUR,50,0,0
ARTHUR,6,76,0
ARTHUR,1,0,0
ARTHUR,89,0,0
ARTHUR,100,98,0
ARTHUR,42,27,0
ARTHUR,14,39,2
ARTHUR,89,0,0
ARTHUR,85,87,39
ARTHUR,50,52,0
ARTHUR,80,45,0
ARTHUR,44,25,25
ARTHUR,40,32,17
ARTHUR,59,0,0
ARTHUR,35,0,0
ARTHUR,12,0,0
ARTHUR,42,59,18
ARTHUR,74,23,0
ARTHUR,80,58,0
ARTHUR,63,0,0
ARTHUR,91,1,0
ARTHUR,4,27,1
ARTHUR,19,77,0
ARTHUR,25,0,0
ARTHUR,84,0,0
ARTHUR,6,0,0
ARTHUR,61,18,0
ARTHUR,74,80,0
ARTHUR,56,56,0
ARTHUR,87,54,21
ARTHUR,32,84,0
ARTHUR,24,88,0
ARTHUR,66,4,0
ARTHUR,35,0,0
ARTHUR,1,85,0
ARTHUR,11,64,6
ARTHUR,74,58,50
ARTHUR,49,37,0
ARTHUR,57,25,0
ARTHUR,42,39,0
ARTHUR,36,20,0
ARTHUR,4,0,0
ARTHUR,62,15,15
ARTHUR,4,79,0
ARTHUR,75,51,51
ARTHUR,86,83,0
ARTHUR,15,0,0
ARTHUR,91,68,0
ARTHUR,35,84,4
ARTHUR,64,57,0
ARTHUR,99,81,0
ARTHUR,97,74,0
ARTHUR,52,60,0
ARTHUR,25,95,0
ARTHUR,18,0,0
ARTHUR,97,58,0
ARTHUR,8,96,0
ARTHUR,60,0,0
ARTHUR,66,60,47
ARTHUR,100,87,0
ARTHUR,84,0,0
ARTHUR,85,55,49
ARTHUR,41,0,0
ARTHUR,49,91,27
ARTHUR,11,20,0
ARTHUR,48,67,21
ARTHUR,28,26,15
ARTHUR,45,0,0
ARTHUR,34,41,0
ARTHUR,47,76,13
ARTHUR,96,15,0
ARTHUR,24,82,0
ARTHUR,96,61,0
ARTHUR,81,34,0
ARTHUR,27,0,0
ARTHUR,52,66,0
ARTHUR,15,0,0
ARTHUR,32,0,0
ARTHUR,38,64,0
ARTHUR,33,100,1
ARTHUR,62,15,1
ARTHUR,67,0,0
ARTHUR,55,0,0
ARTHUR,25,56,10
ARTHUR,70,19,0
ARTHUR,64,99,0
ARTHUR,79,68,60
ARTHUR,44,83,0
ARTHUR,100,39,0
ARTHUR,91,79,0
ARTHUR,82,49,32
ARTHUR,48,88,0
ARTHUR,19,0,0
ARTHUR,92,21,0
ARTHUR,72,0,0
ARTHUR,71,22,4
ARTHUR,82,30,0
ARTHUR,7,47,6
ARTHUR,75,49,4
ARTHUR,71,0,0
ARTHUR,77,0,0
ARTHUR,53,86,30
ARTHUR,20,72,0
ARTHUR,97,80,58
ARTHUR,70,24,20
ARTHUR,27,0,0
ARTHUR,16,98,0
ARTHUR,63,0,0
ARTHUR,34,0,0
ARTHUR,77,77,0
ARTHUR,45,0,0
ARTHUR,59,0,0
ARTHUR,28,0,0
ARTHUR,13,0,0
ARTHUR,50,96,43
ARTHUR,51,22,18
ARTHUR,52,0,0
ARTHUR,73,51,3
ARTHUR,61,85,0
ARTHUR,68,85,54
ARTHUR,37,90,22
ARTHUR,49,52,27
ARTHUR,57,0,0
ARTHUR,56,35,23
ARTHUR,43,0,0
ARTHUR,9,0,0
ARTHUR,68,87,67
ARTHUR,17,41,0
ARTHUR,17,2,0
ARTHUR,92,93,0
ARTHUR,65,100,0
ARTHUR,69,13,11
ARTHUR,93,0,0
ARTHUR,63,0,0
ARTHUR,4,56,0
ARTHUR,82,27,0
ARTHUR,30,44,18
ARTHUR,30,0,0
ARTHUR,87,0,0
ARTHUR,58,38,24
ARTHUR,91,0,0
ARTHUR,55,25,0
ARTHUR,82,4,0
ARTHUR,25,0,0
ARTHUR,93,47,0
ARTHUR,1,15,0
ARTHUR,29,14,0
ARTHUR,21,78,0
ARTHUR,82,9,7
ARTHUR,41,20,0
ARTHUR,93,3,3
ARTHUR,9,0,0
ARTHUR,51,0,0
ARTHUR,38,86,0
ARTHUR,16,76,0
ARTHUR,20,62,0
ARTHUR,4,0,0
ARTHUR,66,48,10
ARTHUR,44,88,6
ARTHUR,85,88,82
ARTHUR,65,54,35
ARTHUR,28,0,0
ARTHUR,96,10,0
ARTHUR,43,0,0
ARTHUR,40,88,7
ARTHUR,78,0,0
ARTHUR,37,35,0
ARTHUR,34,61,0
ARTHUR,94,93,74
ARTHUR,85,19,17
ARTHUR,21,6,0
ARTHUR,36,71,0
ARTHUR,44,0,0
ARTHUR,78,0,0
ARTHUR,18,51,0
ARTHUR,24,0,0
ARTHUR,77,91,0
ARTHUR,33,37,5
ARTHUR,74,0,0
ARTHUR,88,59,3
ARTHUR,61,20,14
ARTHUR,59,5,0
ARTHUR,38,17,0
ARTHUR,29,0,0
ARTHUR,22,34,7
ARTHUR,90,66,62
ARTHUR,57,33,0
ARTHUR,100,31,12
ARTHUR,5,53,0
ARTHUR,13,93,0
ARTHUR,67,63,4
ARTHUR,96,0,0
ARTHUR,27,99,0
ARTHUR,97,0,0
ARTHUR,52,90,10
ARTHUR,56,59,8
ARTHUR,8,29,5
ARTHUR,87,70,0
ARTHUR,21,45,0
ARTHUR,52,47,0
ARTHUR,23,48,0
ARTHUR,55,92,26
ARTHUR,7,0,0
ARTHUR,79,0,0
ARTHUR,20,0,0
ARTHUR,11,10,10
ARTHUR,2,16,2
ARTHUR,38,97,5
ARTHUR,13,46,4
ARTHUR,5,35,0
ARTHUR,55,89,0
ARTHUR,4,0,0
ARTHUR,39,0,0
ARTHUR,50,0,0
ARTHUR,84,65,38
ARTHUR,80,0,0
ARTHUR,79,0,0
ARTHUR,35,96,31
ARTHUR,11,47,9
ARTHUR,83,65,0
ARTHUR,13,0,0
ARTHUR,44,23,9
ARTHUR,83,0,0
ARTHUR,32,0,0
ARTHUR,30,35,0
ARTHUR,18,5,4
ARTHUR,27,62,0
ARTHUR,46,0,0
ARTHUR,57,0,0
ARTHUR,100,88,0
ARTHUR,67,67,40
ARTHUR,5,5,0
ARTHUR,27,27,0
ARTHUR,82,85,0
ARTHUR,99,0,0
ARTHUR,50,74,0
ARTHUR,70,42,0
ARTHUR,14,39,9
ARTHUR,29,64,25
ARTHUR,56,26,0
ARTHUR,15,0,0
ARTHUR,93,0,0
ARTHUR,9,91,0
ARTHUR,44,24,22
ARTHUR,27,0,0
ARTHUR,84,93,0
ARTHUR,25,93,0
ARTHUR,45,79,0
ARTHUR,98,0,0
ARTHUR,66,63,58
ARTHUR,91,18,0
ARTHUR,14,48,13
ARTHUR,28,0,0
ARTHUR,34,38,0
ARTHUR,5,93,0
ARTHUR,46,71,9
ARTHUR,29,0,0
ARTHUR,38,24,7
ARTHUR,82,0,0
ARTHUR,80,0,0
ARTHUR,71,58,32
ARTHUR,59,0,0
ARTHUR,72,46,0
ARTHUR,73,5,0
ARTHUR,27,0,0
ARTHUR,15,15,0
ARTHUR,63,0,0
ARTHUR,77,65,0
ARTHUR,89,64,48
ARTHUR,94,51,22
ARTHUR,43,0,0
ARTHUR,66,68,8
ARTHUR,40,0,0
ARTHUR,69,0,0
ARTHUR,26,43,0
ARTHUR,84,0,0
ARTHUR,36,51,30
ARTHUR,67,86,55
ARTHUR,60,89,0
ARTHUR,68,60,20
ARTHUR,80,82,0
ARTHUR,77,75,58
ARTHUR,44,57,0
ARTHUR,2,0,0
ARTHUR,35,36,0
ARTHUR,51,96,35
ARTHUR,70,75,12
ARTHUR,31,8,0
ARTHUR,95,0,0
ARTHUR,90,17,0
ARTHUR,86,0,0
ARTHUR,85,22,22
ARTHUR,80,56,0
ARTHUR,21,67,8
ARTHUR,39,49,0
ARTHUR,45,4,4
ARTHUR,32,20,0
ARTHUR,30,0,0
ARTHUR,53,0,0
ARTHUR,75,7,0
ARTHUR,24,96,8
ARTHUR,59,9,3
ARTHUR,70,76,0
ARTHUR,93,0,0
ARTHUR,75,0,0
ARTHUR,77,78,52
ARTHUR,61,51,0
ARTHUR,25,3,0
ARTHUR,62,74,43
ARTHUR,5,69,0
ARTHUR,4,44,0
ARTHUR,24,36,0
ARTHUR,69,13,0
ARTHUR,11,68,5
ARTHUR,97,98,0
ARTHUR,64,43,0
ARTHUR,67,0,0
ARTHUR,6,81,6
ARTHUR,35,7,0
ARTHUR,67,4,4
ARTHUR,73,0,0
ARTHUR,28,0,0
ARTHUR,92,45,33
ARTHUR,18,0,0
ARTHUR,69,58,0
ARTHUR,99,0,0
ARTHUR,51,0,0
ARTHUR,1,48,1
ARTHUR,79,70,0
ARTHUR,84,52,0
ARTHUR,6,10,0
ARTHUR,92,65,44
ARTHUR,55,47,0
ARTHUR,56,45,44
ARTHUR,50,18,0
ARTHUR,22,78,0
ARTHUR,59,48,0
ARTHUR,53,23,0
ARTHUR,63,77,0
ARTHUR,64,0,0
ARTHUR,61,0,0
ARTHUR,24,10,0
ARTHUR,79,0,0
ARTHUR,23,61,6
ARTHUR,41,88,0
ARTHUR,11,0,0
ARTHUR,92,0,0
ARTHUR,100,82,0
ARTHUR,1,0,0
ARTHUR,68,20,0
ARTHUR,39,0,0
ARTHUR,63,29,26
ARTHUR,84,0,0
ARTHUR,45,20,16
ARTHUR,96,92,86
ARTHUR,24,36,15
ARTHUR,47,49,0
ARTHUR,96,100,0
ARTHUR,17,72,7
ARTHUR,80,81,0
ARTHUR,16,70,0
ARTHUR,56,44,15
ARTHUR,88,99,55
ARTHUR,74,0,0
ARTHUR,63,69,0
ARTHUR,90,21,0
ARTHUR,79,0,0
ARTHUR,58,1,1
ARTHUR,94,28,0
ARTHUR,88,0,0
ARTHUR,81,56,9
ARTHUR,58,75,42
ARTHUR,67,69,0
ARTHUR,3,0,0
ARTHUR,90,88,0
ARTHUR,77,92,0
ARTHUR,86,43,32
ARTHUR,25,82,12
ARTHUR,18,95,0
ARTHUR,10,89,6
ARTHUR,51,26,0
ARTHUR,28,14,4
ARTHUR,36,100,0
ARTHUR,28,79,0
ARTHUR,52,82,0
ARTHUR,80,69,67
ARTHUR,30,60,0
ARTHUR,18,6,0
ARTHUR,31,20,0
ARTHUR,10,0,0
ARTHUR,13,0,0
ARTHUR,26,57,0
ARTHUR,23,97,0
ARTHUR,21,9,0
ARTHUR,72,74,0
ARTHUR,86,75,8
ARTHUR,8,16,3
ARTHUR,93,44,0
ARTHUR,54,73,24
ARTHUR,66,76,64
ARTHUR,34,44,4
ARTHUR,84,22,0
ARTHUR,11,59,0
ARTHUR,79,22,0
ARTHUR,95,79,0
ARTHUR,7,9,4
ARTHUR,91,84,0
ARTHUR,7,73,5
ARTHUR,49,98,0
ARTHUR,12,13,0
ARTHUR,35,90,18
ARTHUR,75,0,0
ARTHUR,19,0,0
ARTHUR,99,49,16
ARTHUR,59,88,43
ARTHUR,20,37,20
ARTHUR,25,87,0
ARTHUR,21,59,0
ARTHUR,96,14,0
ARTHUR,80,89,4
ARTHUR,21,45,14
ARTHUR,70,28,0
ARTHUR,26,37,0
ARTHUR,65,0,0
ARTHUR,42,26,9
ARTHUR,94,91,24
ARTHUR,27,19,0
ARTHUR,98,0,0
ARTHUR,65,0,0
ARTHUR,86,0,0
ARTHUR,20,0,0
ARTHUR,4,0,0
ARTHUR,80,69,11
ARTHUR,87,75,33
ARTHUR,96,35,2
ARTHUR,22,14,2
ARTHUR,67,65,0
ARTHUR,15,0,0
ARTHUR,19,42,10
ARTHUR,91,23,2
ARTHUR,59,0,0
ARTHUR,72,69,0
ARTHUR,33,0,0
ARTHUR,29,82,0
ARTHUR,44,0,0
ARTHUR,6,55,0
ARTHUR,78,63,12
ARTHUR,80,0,0
ARTHUR,42,11,0
ARTHUR,30,0,0
ARTHUR,10,97,0
ARTHUR,15,24,0
ARTHUR,45,44,0
ARTHUR,35,93,0
ARTHUR,58,0,0
ARTHUR,17,0,0
ARTHUR,19,0,0
ARTHUR,77,49,0
ARTHUR,72,11,10
ARTHUR,14,76,0
ARTHUR,26,35,0
ARTHUR,96,46,23
ARTHUR,24,0,0
ARTHUR,69,0,0
ARTHUR,90,85,0
ARTHUR,26,55,0
ARTHUR,93,97,0
ARTHUR,31,16,10
ARTHUR,87,0,0
ARTHUR,77,35,0
ARTHUR,29,0,0
ARTHUR,65,65,0
ARTHUR,57,0,0
ARTHUR,48,22,0
ARTHUR,63,87,33
ARTHUR,93,46,24
ARTHUR,41,21,0
ARTHUR,81,0,0
ARTHUR,60,8,0
ARTHUR,2,0,0
ARTHUR,53,7,0
ARTHUR,18,0,0
ARTHUR,62,0,0
ARTHUR,42,0,0
ARTHUR,41,34,18
ARTHUR,60,28,18
ARTHUR,79,61,0
ARTHUR,15,56,10
ARTHUR,93,10,3
ARTHUR,23,76,11
ARTHUR,38,69,38
ARTHUR,10,0,0
ARTHUR,56,2,0
ARTHUR,34,39,0
ARTHUR,42,59,0
ARTHUR,64,0,0
ARTHUR,34,0,0
ARTHUR,68,92,0
ARTHUR,23,55,0
ARTHUR,31,50,0
ARTHUR,83,0,0
ARTHUR,89,45,14
ARTHUR,71,32,31
ARTHUR,86,88,0
ARTHUR,73,98,0
ARTHUR,85,0,0
ARTHUR,59,93,0
ARTHUR,58,95,0
ARTHUR,73,66,0
ARTHUR,23,0,0
ARTHUR,49,0,0
ARTHUR,51,0,0
ARTHUR,44,16,0
ARTHUR,60,7,0
ARTHUR,87,60,0
ARTHUR,79,53,0
ARTHUR,83,0,0
ARTHUR,30,62,30
ARTHUR,37,94,0
ARTHUR,12,72,0
ARTHUR,86,82,0
ARTHUR,16,18,0
ARTHUR,49,25,0
ARTHUR,44,0,0
ARTHUR,4,0,0
ARTHUR,37,86,0
ARTHUR,14,84,2
ARTHUR,45,66,39
ARTHUR,36,0,0
ARTHUR,34,78,0
ARTHUR,58,56,39
ARTHUR,65,0,0
ARTHUR,32,0,0
ARTHUR,62,6,0
ARTHUR,57,77,0
ARTHUR,81,0,0
ARTHUR,100,85,43
ARTHUR,84,82,0
ARTHUR,34,79,1
ARTHUR,70,0,0
ARTHUR,61,0,0
ARTHUR,51,57,22
ARTHUR,53,50,27
ARTHUR,70,0,0
ARTHUR,67,41,9
ARTHUR,76,0,0
ARTHUR,12,17,0
ARTHUR,44,33,0
ARTHUR,29,56,0
ARTHUR,77,40,0
ARTHUR,44,0,0
ARTHUR,34,83,0
ARTHUR,15,33,0
ARTHUR,14,0,0
ARTHUR,62,72,57
ARTHUR,9,0,0
ARTHUR,98,56,29
ARTHUR,8,83,0
ARTHUR,25,0,0
ARTHUR,84,12,0
ARTHUR,95,0,0
ARTHUR,32,0,0
ARTHUR,94,0,0
ARTHUR,49,38,0
ARTHUR,100,35,0
ARTHUR,6,0,0
ARTHUR,19,0,0
ARTHUR,26,38,0
ARTHUR,81,68,43
ARTHUR,77,16,0
ARTHUR,96,0,0
ARTHUR,20,37,0
ARTHUR,28,72,0
ARTHUR,72,0,0
ARTHUR,95,0,0
ARTHUR,65,22,0
ARTHUR,8,23,0
ARTHUR,54,21,14
ARTHUR,95,0,0
ARTHUR,72,0,0
ARTHUR,41,18,0
ARTHUR,16,81,0
ARTHUR,69,90,0
ARTHUR,13,8,4
ARTHUR,98,15,10
ARTHUR,100,0,0
ARTHUR,58,18,7
ARTHUR,32,68,0
ARTHUR,32,79,0
ARTHUR,72,25,0
ARTHUR,96,63,0
ARTHUR,36,50,19
ARTHUR,11,82,0
ARTHUR,78,10,1
ARTHUR,12,0,0
ARTHUR,5,0,0
ARTHUR,3,0,0
ARTHUR,3,0,0
ARTHUR,71,0,0
ARTHUR,42,0,0
ARTHUR,81,15,10
ARTHUR,48,56,0
ARTHUR,33,100,0
ARTHUR,19,100,0
ARTHUR,100,91,41
ARTHUR,84,63,57
ARTHUR,55,79,39
ARTHUR,67,0,0
ARTHUR,36,98,0
ARTHUR,95,11,0
ARTHUR,70,28,0
ARTHUR,10,29,0
ARTHUR,41,14,0
ARTHUR,12,80,0
ARTHUR,60,47,0
ARTHUR,3,0,0
ARTHUR,60,0,0
ARTHUR,75,70,24
ARTHUR,76,57,38
ARTHUR,13,56,0
ARTHUR,16,56,11
ARTHUR,58,22,0
ARTHUR,7,58,0
ARTHUR,66,43,20
ARTHUR,75,98,0
ARTHUR,62,31,25
ARTHUR,84,39,37
ARTHUR,60,80,49
ARTHUR,75,71,0
ARTHUR,96,0,0
ARTHUR,73,0,0
ARTHUR,41,97,36
ARTHUR,35,58,21
ARTHUR,24,0,0
ARTHUR,77,73,0
ARTHUR,16,3,0
ARTHUR,59,0,0
ARTHUR,36,7,7
ARTHUR,22,57,1
ARTHUR,54,0,0
ARTHUR,58,8,3
ARTHUR,75,22,0
ARTHUR,16,34,0
ARTHUR,84,52,0
ARTHUR,23,38,0
ARTHUR,33,32,21
ARTHUR,65,61,0
ARTHUR,39,32,0
ARTHUR,8,62,2
ARTHUR,78,39,32
ARTHUR,63,82,0
ARTHUR,50,76,42
ARTHUR,39,0,0
ARTHUR,32,0,0
ARTHUR,80,78,28
ARTHUR,47,0,0
ARTHUR,70,2,0
ARTHUR,100,20,6
ARTHUR,77,17,9
ARTHUR,43,72,13
ARTHUR,58,0,0
ARTHUR,12,1,0
ARTHUR,67,0,0
ARTHUR,1,98,0
ARTHUR,93,78,0
ARTHUR,18,37,11
ARTHUR,4,0,0
ARTHUR,15,0,0
ARTHUR,71,93,0
ARTHUR,99,39,0
ARTHUR,15,0,0
ARTHUR,51,92,0
ARTHUR,20,0,0
ARTHUR,64,0,0
ARTHUR,62,0,0
ARTHUR,45,69,0
ARTHUR,26,34,0
ARTHUR,43,88,0
ARTHUR,47,70,11
ARTHUR,97,0,0
ARTHUR,97,0,0
ARTHUR,82,73,0
ARTHUR,79,0,0
ARTHUR,16,50,0
ARTHUR,81,20,0
ARTHUR,93,0,0
ARTHUR,93,90,36
ARTHUR,94,0,0
ARTHUR,94,92,62
ARTHUR,5,27,2
ARTHUR,9,54,0
ARTHUR,20,15,0
ARTHUR,76,0,0
ARTHUR,82,45,36
ARTHUR,24,11,0
ARTHUR,49,47,26
ARTHUR,3,83,0
ARTHUR,30,100,0
ARTHUR,68,0,0
ARTHUR,68,76,0
ARTHUR,44,57,0
ARTHUR,53,72,23
ARTHUR,59,63,0
ARTHUR,43,78,26
ARTHUR,61,0,0
ARTHUR,12,22,0
ARTHUR,85,51,29
ARTHUR,45,4,0
ARTHUR,63,76,0
ARTHUR,77,5,0
ARTHUR,80,15,2
ARTHUR,52,36,0
ARTHUR,77,41,13
ARTHUR,51,0,0
ARTHUR,92,0,0
ARTHUR,48,91,0
ARTHUR,46,0,0
ARTHUR,10,0,0
ARTHUR,32,99,0
ARTHUR,18,97,0
ARTHUR,9,54,2
ARTHUR,94,89,0
ARTHUR,24,0,0
ARTHUR,37,70,0
ARTHUR,94,3,0
ARTHUR,47,84,43
ARTHUR,96,67,48
ARTHUR,55,0,0
ARTHUR,55,19,1
ARTHUR,98,31,30
ARTHUR,38,0,0
ARTHUR,39,70,0
ARTHUR,73,0,0
ARTHUR,88,0,0
ARTHUR,52,95,0
ARTHUR,57,0,0
ARTHUR,72,38,3
ARTHUR,20,9,0
ARTHUR,2,0,0
ARTHUR,77,46,0
ARTHUR,40,86,0
ARTHUR,94,0,0
ARTHUR,11,41,0
ARTHUR,33,0,0
ARTHUR,62,13,0
ARTHUR,4,0,0
ARTHUR,39,0,0
ARTHUR,37,52,0
ARTHUR,2,76,2
ARTHUR,73,0,0
ARTHUR,47,33,20
ARTHUR,24,39,0
ARTHUR,30,91,0
ARTHUR,26,53,13
ARTHUR,98,100,75
ARTHUR,56,35,11
ARTHUR,29,9,7
ARTHUR,82,95,52
ARTHUR,78,0,0
ARTHUR,61,31,0
ARTHUR,64,11,0
ARTHUR,71,0,0
ARTHUR,49,39,0
ARTHUR,46,30,17
ARTHUR,73,48,0
ARTHUR,61,0,0
ARTHUR,41,84,0
ARTHUR,29,35,0
ARTHUR,33,47,14
ARTHUR,35,41,0
ARTHUR,6,0,0
ARTHUR,51,53,0
ARTHUR,45,26,0
ARTHUR,11,68,0
ARTHUR,25,60,0
ARTHUR,27,17,0
ARTHUR,70,85,57
ARTHUR,54,15,12
ARTHUR,37,100,19
ARTHUR,14,20,0
ARTHUR,3,52,2
ARTHUR,5,74,1
ARTHUR,100,47,10
ARTHUR,38,95,0
ARTHUR,6,54,0
ARTHUR,13,0,0
ARTHUR,88,38,0
ARTHUR,18,95,4
ARTHUR,33,96,22
ARTHUR,27,0,0
ARTHUR,67,0,0
ARTHUR,58,0,0
ARTHUR,64,3,0
ARTHUR,38,0,0
ARTHUR,8,0,0
ARTHUR,46,69,0
ARTHUR,1,23,0
ARTHUR,74,48,0
ARTHUR,64,78,39
ARTHUR,64,32,14
ARTHUR,89,0,0
ARTHUR,85,8,0
ARTHUR,93,33,0
ARTHUR,11,0,0
ARTHUR,3,0,0
ARTHUR,61,20,0
ARTHUR,67,30,0
ARTHUR,39,0,0
ARTHUR,26,41,0
ARTHUR,39,0,0
ARTHUR,98,93,0
ARTHUR,22,54,0
ARTHUR,5,0,0
ARTHUR,78,0,0
ARTHUR,97,38,8
ARTHUR,79,0,0
ARTHUR,17,61,0
ARTHUR,76,88,0
ARTHUR,76,36,18
ARTHUR,35,31,0
ARTHUR,84,57,0
ARTHUR,52,88,0
ARTHUR,16,40,0
ARTHUR,70,56,0
ARTHUR,49,9,0
ARTHUR,67,87,3
ARTHUR,74,47,9
ARTHUR,70,8,1
ARTHUR,99,100,75
ARTHUR,30,0,0
ARTHUR,66,60,49
ARTHUR,87,0,0
ARTHUR,80,0,0
ARTHUR,21,0,0
ARTHUR,28,47,0
ARTHUR,44,48,0
ARTHUR,90,29,0
ARTHUR,26,24,0
ARTHUR,88,68,0
ARTHUR,52,98,0
ARTHUR,28,83,20
ARTHUR,54,60,45
ARTHUR,52,44,0
ARTHUR,48,55,0
ARTHUR,24,86,8
ARTHUR,20,91,14
ARTHUR,42,0,0
ARTHUR,55,80,0
ARTHUR,41,83,0
ARTHUR,69,0,0
ARTHUR,64,0,0
ARTHUR,18,82,0
ARTHUR,41,16,0
ARTHUR,17,0,0
ARTHUR,74,73,0
ARTHUR,60,96,0
ARTHUR,52,48,0
ARTHUR,3,62,1
ARTHUR,75,0,0
ARTHUR,94,89,0
ARTHUR,6,0,0
ARTHUR,38,70,14
ARTHUR,18,55,0
ARTHUR,92,23,0
ARTHUR,83,0,0
ARTHUR,16,0,0
ARTHUR,51,0,0
ARTHUR,5,52,0
ARTHUR,100,0,0
ARTHUR,51,0,0
ARTHUR,21,4,1
ARTHUR,38,51,0
ARTHUR,30,0,0
ARTHUR,25,89,12
ARTHUR,76,90,29
ARTHUR,55,97,0
ARTHUR,39,30,0
ARTHUR,51,0,0
ARTHUR,22,1,0
ARTHUR,9,43,9
ARTHUR,43,42,0
ARTHUR,82,40,0
ARTHUR,64,8,4
ARTHUR,98,0,0
ARTHUR,7,0,0
ARTHUR,78,7,0
ARTHUR,87,39,11
ARTHUR,32,76,0
ARTHUR,40,74,0
ARTHUR,45,5,2
ARTHUR,94,0,0
ARTHUR,42,3,0
ARTHUR,50,25,0
ARTHUR,74,73,0
ARTHUR,10,81,0
ARTHUR,71,52,19
ARTHUR,31,66,0
ARTHUR,10,0,0
ARTHUR,56,55,0
ARTHUR,85,11,4
ARTHUR,4,32,0
ARTHUR,65,0,0
ARTHUR,50,0,0
ARTHUR,75,42,5
ARTHUR,25,0,0
ARTHUR,52,61,0
ARTHUR,38,81,16
ARTHUR,3,0,0
ARTHUR,76,46,0
ARTHUR,17,0,0
ARTHUR,41,46,0
ARTHUR,15,4,0
ARTHUR,78,32,0
ARTHUR,56,71,0
ARTHUR,49,79,15
ARTHUR,100,0,0
ARTHUR,96,83,0
ARTHUR,99,0,0
ARTHUR,15,68,10
ARTHUR,72,0,0
ARTHUR,89,23,17
ARTHUR,71,0,0
ARTHUR,83,83,0
ARTHUR,88,82,82
ARTHUR,89,71,0
ARTHUR,93,10,0
ARTHUR,16,93,9
ARTHUR,24,48,0
ARTHUR,69,47,0
ARTHUR,35,53,0
ARTHUR,64,30,4
ARTHUR,95,55,23
ARTHUR,28,96,2
ARTHUR,74,0,0
ARTHUR,78,59,0
ARTHUR,15,39,0
ARTHUR,10,0,0
ARTHUR,72,79,53
ARTHUR,57,78,14
ARTHUR,22,0,0
ARTHUR,6,56,4
ARTHUR,7,11,0
ARTHUR,73,67,30
ARTHUR,15,0,0
ARTHUR,18,43,17
ARTHUR,66,16,8
ARTHUR,63,0,0
ARTHUR,89,0,0
ARTHUR,25,0,0
ARTHUR,15,0,0
ARTHUR,100,0,0
ARTHUR,72,100,0
ARTHUR,99,0,0
ARTHUR,54,76,0
ARTHUR,66,10,10
ARTHUR,40,34,0
ARTHUR,68,0,0
ARTHUR,82,50,0
ARTHUR,29,0,0
ARTHUR,33,60,0
ARTHUR,39,44,29
ARTHUR,45,97,37
ARTHUR,37,88,0
ARTHUR,52,0,0
ARTHUR,18,41,10
ARTHUR,52,0,0
ARTHUR,91,45,0
ARTHUR,20,85,0
ARTHUR,87,83,39
ARTHUR,70,95,0
ARTHUR,8,0,0
ARTHUR,12,99,0
ARTHUR,74,72,0
ARTHUR,21,0,0
ARTHUR,61,53,10
ARTHUR,29,0,0
ARTHUR,18,0,0
ARTHUR,46,3,0
ARTHUR,70,0,0
ARTHUR,54,0,0
ARTHUR,9,0,0
ARTHUR,45,0,0
ARTHUR,79,17,0
ARTHUR,96,66,0
ARTHUR,49,12,12
ARTHUR,19,0,0
ARTHUR,33,9,0
ARTHUR,10,4,0
ARTHUR,60,75,0
ARTHUR,50,57,39
ARTHUR,35,23,0
ARTHUR,65,0,0
ARTHUR,4,20,0
ARTHUR,2,71,0
ARTHUR,32,30,1
ARTHUR,33,45,0
ARTHUR,46,57,0
ARTHUR,23,57,0
ARTHUR,66,95,0
ARTHUR,61,0,0
ARTHUR,89,73,0
ARTHUR,50,0,0
ARTHUR,85,46,22
ARTHUR,56,0,0
ARTHUR,10,24,0
ARTHUR,72,76,0
ARTHUR,79,84,21
ARTHUR,17,9,4
ARTHUR,15,97,0
ARTHUR,13,97,0
ARTHUR,42,40,0
ARTHUR,29,0,0
ARTHUR,2,0,0
ARTHUR,35,81,23
ARTHUR,89,0,0
ARTHUR,15,0,0
ARTHUR,79,73,65
ARTHUR,44,88,0
ARTHUR,37,33,0
ARTHUR,82,0,0
ARTHUR,82,39,16
ARTHUR,56,33,0
ARTHUR,94,0,0
ARTHUR,80,0,0
ARTHUR,17,11,4
ARTHUR,29,73,13
ARTHUR,18,93,17
ARTHUR,22,0,0
ARTHUR,35,15,3
ARTHUR,3,0,0
ARTHUR,11,0,0
ARTHUR,2,0,0
ARTHUR,69,57,2
ARTHUR,92,0,0
ARTHUR,76,1,0
ARTHUR,76,100,0
ARTHUR,13,48,0
ARTHUR,26,0,0
ARTHUR,47,23,12
ARTHUR,98,7,7
ARTHUR,86,75,0
ARTHUR,25,52,7
ARTHUR,86,8,0
ARTHUR,26,0,0
ARTHUR,48,0,0
ARTHUR,26,0,0
ARTHUR,92,47,27
ARTHUR,58,11,0
ARTHUR,59,99,27
ARTHUR,54,0,0
ARTHUR,36,0,0
ARTHUR,51,79,0
ARTHUR,100,80,12
ARTHUR,92,15,1
ARTHUR,95,19,0
ARTHUR,51,78,0
ARTHUR,28,0,0
ARTHUR,38,70,0
ARTHUR,81,88,16
ARTHUR,47,36,0
ARTHUR,96,0,0
ARTHUR,82,67,18
ARTHUR,65,0,0
ARTHUR,44,11,0
ARTHUR,5,36,0
ARTHUR,19,18,4
ARTHUR,50,72,0
ARTHUR,86,0,0
ARTHUR,69,51,0
ARTHUR,31,14,0
ARTHUR,47,71,34
ARTHUR,80,0,0
ARTHUR,66,22,0
ARTHUR,62,0,0
ARTHUR,90,62,0
ARTHUR,1,0,0
ARTHUR,63,90,46
ARTHUR,25,86,0
ARTHUR,35,0,0
ARTHUR,96,72,0
ARTHUR,87,0,0
ARTHUR,42,96,0
ARTHUR,54,93,51
ARTHUR,81,0,0
ARTHUR,29,67,19
ARTHUR,84,13,11
ARTHUR,84,17,3
ARTHUR,8,46,0
ARTHUR,41,0,0
ARTHUR,15,51,0
ARTHUR,67,18,3
ARTHUR,89,68,0
ARTHUR,19,89,0
ARTHUR,29,23,12
ARTHUR,2,0,0
ARTHUR,79,94,66
ARTHUR,82,0,0
ARTHUR,6,0,0
ARTHUR,21,0,0
ARTHUR,76,5,0
ARTHUR,86,24,0
ARTHUR,74,5,0
ARTHUR,32,0,0
ARTHUR,14,64,0
ARTHUR,19,42,0
ARTHUR,50,5,0
ARTHUR,17,37,0
ARTHUR,35,0,0
ARTHUR,10,34,0
ARTHUR,86,0,0
ARTHUR,83,17,0
ARTHUR,84,0,0
ARTHUR,7,0,0
ARTHUR,9,94,9
ARTHUR,36,3,0
ARTHUR,99,72,25
ARTHUR,57,54,0
ARTHUR,75,59,0
ARTHUR,6,0,0
ARTHUR,30,0,0
ARTHUR,87,0,0
ARTHUR,26,94,23
ARTHUR,69,0,0
ARTHUR,26,55,4
ARTHUR,47,0,0
ARTHUR,48,79,0
ARTHUR,67,0,0
ARTHUR,74,85,33
ARTHUR,81,0,0
ARTHUR,72,30,0
ARTHUR,9,76,0
ARTHUR,99,37,0
ARTHUR,59,29,6
ARTHUR,63,0,0
ARTHUR,96,0,0
ARTHUR,94,27,0
ARTHUR,27,82,0
ARTHUR,16,0,0
ARTHUR,40,0,0
ARTHUR,92,20,0
ARTHUR,58,36,0
ARTHUR,83,96,0
ARTHUR,44,49,0
ARTHUR,99,50,0
ARTHUR,86,99,0
ARTHUR,50,38,38
ARTHUR,74,98,0
ARTHUR,31,0,0
ARTHUR,9,57,7
ARTHUR,68,48,0
ARTHUR,31,56,0
ARTHUR,38,76,0
ARTHUR,73,92,0
ARTHUR,31,85,0
ARTHUR,72,0,0
ARTHUR,25,19,0
ARTHUR,8,0,0
ARTHUR,89,46,0
ARTHUR,48,76,20
ARTHUR,11,0,0
ARTHUR,4,0,0
ARTHUR,14,0,0
ARTHUR,51,33,0
ARTHUR,16,30,4
ARTHUR,53,90,51
ARTHUR,56,17,8
ARTHUR,46,7,2
ARTHUR,45,89,29
ARTHUR,19,0,0
ARTHUR,55,4,0
ARTHUR,44,18,0
ARTHUR,16,42,8
ARTHUR,3,0,0
ARTHUR,4,94,0
ARTHUR,51,51,33
ARTHUR,28,11,0
ARTHUR,17,11,0
ARTHUR,77,11,5
ARTHUR,27,0,0
ARTHUR,11,35,0
ARTHUR,9,28,0
ARTHUR,24,61,0
ARTHUR,85,0,0
ARTHUR,11,81,0
ARTHUR,94,56,0
ARTHUR,13,0,0
ARTHUR,80,43,0
ARTHUR,55,58,0
ARTHUR,57,0,0
ARTHUR,73,36,1
ARTHUR,18,0,0
ARTHUR,81,0,0
ARTHUR,24,96,1
ARTHUR,3,73,0
ARTHUR,50,67,0
ARTHUR,85,87,0
ARTHUR,38,82,38
ARTHUR,33,0,0
ARTHUR,83,96,0
ARTHUR,44,0,0
ARTHUR,62,3,3
ARTHUR,29,96,0
ARTHUR,51,0,0
ARTHUR,28,13,0
ARTHUR,82,50,26
ARTHUR,26,46,0
ARTHUR,16,71,0
ARTHUR,70,30,0
ARTHUR,67,51,0
ARTHUR,54,0,0
ARTHUR,66,23,20
ARTHUR,66,25,9
ARTHUR,59,18,0
ARTHUR,90,49,0
ARTHUR,83,69,0
ARTHUR,73,0,0
ARTHUR,9,22,0
ARTHUR,9,0,0
ARTHUR,96,0,0
ARTHUR,89,92,0
ARTHUR,93,88,79
ARTHUR,73,34,0
ARTHUR,88,0,0
ARTHUR,59,0,0
ARTHUR,57,36,0
ARTHUR,48,6,3
ARTHUR,49,0,0
ARTHUR,60,21,18
ARTHUR,1,40,0
ARTHUR,38,0,0
ARTHUR,57,66,32
ARTHUR,100,59,0
ARTHUR,40,25,0
ARTHUR,32,4,0
ARTHUR,83,0,0
ARTHUR,99,65,60
ARTHUR,61,0,0
ARTHUR,26,90,0
ARTHUR,75,39,0
ARTHUR,89,34,32
ARTHUR,21,0,0
ARTHUR,76,92,48
ARTHUR,67,56,42
ARTHUR,19,36,0
ARTHUR,91,24,0
ARTHUR,28,0,0
ARTHUR,5,100,0
ARTHUR,67,42,15
ARTHUR,22,0,0
ARTHUR,66,30,0
ARTHUR,53,72,0
ARTHUR,4,0,0
ARTHUR,33,13,0
ARTHUR,82,8,6
ARTHUR,59,0,0
ARTHUR,49,12,7
ARTHUR,8,74,0
ARTHUR,15,0,0
ARTHUR,94,46,1
ARTHUR,67,63,61
ARTHUR,35,0,0
ARTHUR,83,0,0
ARTHUR,100,0,0
ARTHUR,48,0,0
ARTHUR,96,98,88
ARTHUR,27,55,0
ARTHUR,39,0,0
ARTHUR,80,0,0
ARTHUR,81,13,0
ARTHUR,34,81,3
ARTHUR,88,88,60
ARTHUR,21,0,0
ARTHUR,84,42,0
ARTHUR,66,18,17
ARTHUR,73,0,0
ARTHUR,40,72,0
ARTHUR,33,0,0
ARTHUR,95,0,0
ARTHUR,50,0,0
ARTHUR,86,0,0
ARTHUR,48,84,2
ARTHUR,77,75,0
ARTHUR,97,0,0
ARTHUR,98,2,2
ARTHUR,75,66,58
ARTHUR,40,100,0
ARTHUR,92,0,0
ARTHUR,88,66,43
ARTHUR,8,38,0
ARTHUR,99,1,0
ARTHUR,4,21,0
ARTHUR,66,40,0
ARTHUR,32,77,6
ARTHUR,10,0,0
ARTHUR,31,10,0
ARTHUR,31,0,0
ARTHUR,97,35,28
ARTHUR,86,7,4
ARTHUR,24,0,0
ARTHUR,12,2,0
ARTHUR,58,62,17
ARTHUR,98,64,0
ARTHUR,50,0,0
ARTHUR,20,0,0
ARTHUR,21,62,0
ARTHUR,38,50,0
ARTHUR,38,93,0
ARTHUR,78,0,0
ARTHUR,50,0,0
ARTHUR,48,100,22
ARTHUR,39,3,0
ARTHUR,33,27,0
ARTHUR,49,81,0
ARTHUR,30,0,0
ARTHUR,62,0,0
ARTHUR,12,62,0
ARTHUR,33,86,0
ARTHUR,43,0,0
ARTHUR,2,0,0
ARTHUR,46,0,0
ARTHUR,90,10,0
ARTHUR,79,91,0
ARTHUR,3,0,0
ARTHUR,16,25,0
ARTHUR,23,0,0
ARTHUR,82,44,19
ARTHUR,99,0,0
ARTHUR,74,37,14
ARTHUR,46,18,0
ARTHUR,38,14,14
ARTHUR,40,0,0
ARTHUR,73,55,0
ARTHUR,13,79,0
ARTHUR,23,0,0
ARTHUR,63,80,0
ARTHUR,31,37,0
ARTHUR,97,51,0
ARTHUR,36,59,0
ARTHUR,100,0,0
ARTHUR,86,31,27
ARTHUR,47,57,23
ARTHUR,70,0,0
ARTHUR,28,0,0
ARTHUR,55,30,18
ARTHUR,80,85,0
ARTHUR,58,22,0
ARTHUR,59,0,0
ARTHUR,23,0,0
ARTHUR,35,15,4
ARTHUR,73,0,0
ARTHUR,86,90,0
ARTHUR,69,0,0
ARTHUR,35,0,0
ARTHUR,87,89,0
ARTHUR,57,0,0
ARTHUR,9,22,3
ARTHUR,58,47,0
ARTHUR,15,0,0
ARTHUR,36,40,0
ARTHUR,48,0,0
ARTHUR,46,71,44
ARTHUR,8,94,3
ARTHUR,13,58,7
ARTHUR,49,100,44
ARTHUR,58,28,0
ARTHUR,30,0,0
ARTHUR,65,81,0
ARTHUR,89,75,0
ARTHUR,50,0,0
ARTHUR,10,93,9
ARTHUR,86,42,0
ARTHUR,93,41,30
ARTHUR,70,49,39
ARTHUR,23,88,0
ARTHUR,53,90,0
ARTHUR,95,26,6
ARTHUR,55,77,0
ARTHUR,98,71,0
ARTHUR,94,0,0
ARTHUR,86,34,0
ARTHUR,77,48,0
ARTHUR,92,9,0
ARTHUR,38,10,9
ARTHUR,98,60,0
ARTHUR,1,0,0
ARTHUR,59,51,0
ARTHUR,20,25,11
ARTHUR,69,3,0
ARTHUR,15,76,3
ARTHUR,53,40,0
ARTHUR,56,40,0
ARTHUR,25,24,0
ARTHUR,38,0,0
ARTHUR,45,0,0
ARTHUR,80,21,0
ARTHUR,50,7,0
ARTHUR,1,0,0
ARTHUR,25,44,3
ARTHUR,18,24,0
ARTHUR,85,62,18
ARTHUR,62,0,0
ARTHUR,41,0,0
ARTHUR,43,13,0
ARTHUR,89,98,0
ARTHUR,5,65,1
ARTHUR,92,18,0
ARTHUR,77,65,0
ARTHUR,78,23,15
ARTHUR,24,21,16
ARTHUR,81,0,0
ARTHUR,85,85,72
ARTHUR,22,43,0
ARTHUR,58,0,0
ARTHUR,27,35,0
ARTHUR,68,0,0
ARTHUR,41,9,0
ARTHUR,89,14,0
ARTHUR,83,32,4
ARTHUR,4,63,0
ARTHUR,8,0,0
ARTHUR,65,90,0
ARTHUR,67,0,0
ARTHUR,14,90,0
ARTHUR,19,77,0
ARTHUR,68,44,0
ARTHUR,62,5,0
ARTHUR,1,0,0
ARTHUR,87,6,0
ARTHUR,70,10,0
ARTHUR,27,82,0
ARTHUR,46,36,11
ARTHUR,10,17,3
ARTHUR,27,0,0
ARTHUR,35,0,0
ARTHUR,18,20,0
ARTHUR,22,90,0
ARTHUR,92,0,0
ARTHUR,67,0,0
ARTHUR,55,94,0
ARTHUR,99,35,30
ARTHUR,23,0,0
ARTHUR,91,96,13
ARTHUR,87,90,35
ARTHUR,17,36,10
ARTHUR,99,61,0
ARTHUR,94,90,0
ARTHUR,48,74,25
ARTHUR,78,9,1
ARTHUR,60,64,0
ARTHUR,97,0,0
ARTHUR,23,63,17
ARTHUR,80,42,0
ARTHUR,82,71,17
ARTHUR,2,18,0
ARTHUR,50,0,0
ARTHUR,37,0,0
ARTHUR,84,0,0
ARTHUR,41,25,14
ARTHUR,63,0,0
ARTHUR,87,0,0
ARTHUR,98,44,44
ARTHUR,10,86,3
ARTHUR,16,66,0
ARTHUR,37,80,0
ARTHUR,91,11,11
ARTHUR,57,54,10
ARTHUR,97,9,0
ARTHUR,46,0,0
ARTHUR,12,0,0
ARTHUR,74,0,0
ARTHUR,72,0,0
ARTHUR,11,0,0
ARTHUR,96,0,0
ARTHUR,66,9,0
ARTHUR,82,0,0
ARTHUR,85,0,0
ARTHUR,8,55,1
ARTHUR,56,0,0
ARTHUR,29,82,17
ARTHUR,80,79,0
ARTHUR,13,0,0
ARTHUR,14,81,0
ARTHUR,68,56,0
ARTHUR,73,94,7
ARTHUR,12,45,0
ARTHUR,6,0,0
ARTHUR,24,81,0
ARTHUR,34,0,0
ARTHUR,42,93,42
ARTHUR,30,67,9
ARTHUR,60,96,27
ARTHUR,69,24,24
ARTHUR,5,33,2
ARTHUR,75,96,0
ARTHUR,28,34,14
ARTHUR,16,73,7
ARTHUR,99,40,11
ARTHUR,11,0,0
ARTHUR,21,7,3
ARTHUR,20,88,7
ARTHUR,84,93,0
ARTHUR,15,0,0
ARTHUR,82,0,0
ARTHUR,95,37,16
ARTHUR,93,0,0
ARTHUR,67,0,0
ARTHUR,87,52,0
ARTHUR,93,27,0
ARTHUR,28,0,0
ARTHUR,9,75,0
ARTHUR,29,69,0
ARTHUR,29,36,0
ARTHUR,49,70,9
ARTHUR,18,4,3
ARTHUR,100,31,21
ARTHUR,34,83,21
ARTHUR,22,0,0
ARTHUR,11,0,0
ARTHUR,31,8,5
ARTHUR,68,0,0
ARTHUR,55,92,0
ARTHUR,32,83,0
ARTHUR,25,37,16
ARTHUR,24,8,0
ARTHUR,82,46,23
ARTHUR,3,0,0
ARTHUR,21,52,0
ARTHUR,85,0,0
ARTHUR,28,49,15
ARTHUR,41,30,0
ARTHUR,19,0,0
ARTHUR,88,71,70
ARTHUR,85,0,0
ARTHUR,91,0,0
ARTHUR,42,0,0
ARTHUR,56,0,0
ARTHUR,67,69,47
ARTHUR,31,63,4
ARTHUR,46,49,0
ARTHUR,21,36,0
ARTHUR,5,0,0
ARTHUR,41,0,0
ARTHUR,52,100,12
ARTHUR,1,34,0
ARTHUR,80,0,0
ARTHUR,2,71,0
ARTHUR,49,11,0
ARTHUR,75,61,0
ARTHUR,12,59,9
ARTHUR,39,40,0
ARTHUR,9,26,0
ARTHUR,11,53,3
ARTHUR,74,0,0
ARTHUR,69,24,0
ARTHUR,74,0,0
ARTHUR,51,53,0
ARTHUR,24,65,13
ARTHUR,93,0,0
ARTHUR,27,66,0
ARTHUR,18,98,0
ARTHUR,29,22,0
ARTHUR,11,48,11
ARTHUR,79,0,0
ARTHUR,67,0,0
ARTHUR,23,8,1
ARTHUR,97,54,0
ARTHUR,59,60,0
ARTHUR,65,25,2
ARTHUR,85,0,0
ARTHUR,36,44,26
ARTHUR,11,67,0
ARTHUR,95,31,0
ARTHUR,67,84,0
ARTHUR,26,32,4
ARTHUR,96,31,26
ARTHUR,21,0,0
ARTHUR,87,0,0
ARTHUR,96,0,0
ARTHUR,29,60,0
ARTHUR,53,74,0
ARTHUR,65,75,0
ARTHUR,42,38,0
ARTHUR,77,7,0
ARTHUR,31,59,29
ARTHUR,72,25,22
ARTHUR,4,73,3
ARTHUR,39,94,28
ARTHUR,33,0,0
ARTHUR,26,37,25
ARTHUR,86,93,0
ARTHUR,75,35,0
ARTHUR,51,71,27
ARTHUR,75,0,0
ARTHUR,61,0,0
ARTHUR,17,61,0
ARTHUR,62,63,0
ARTHUR,10,0,0
ARTHUR,79,23,0
ARTHUR,39,56,31
ARTHUR,85,0,0
ARTHUR,1,0,0
ARTHUR,99,37,0
ARTHUR,23,34,0
ARTHUR,93,0,0
ARTHUR,31,11,0
ARTHUR,59,5,0
ARTHUR,15,77,0
ARTHUR,13,62,0
ARTHUR,10,98,9
ARTHUR,46,10,7
ARTHUR,87,93,0
ARTHUR,12,0,0
ARTHUR,64,94,31
ARTHUR,42,43,0
ARTHUR,29,22,0
ARTHUR,77,29,0
ARTHUR,24,0,0
ARTHUR,71,0,0
ARTHUR,68,16,0
ARTHUR,85,5,5
ARTHUR,86,85,69
ARTHUR,30,0,0
ARTHUR,98,0,0
ARTHUR,84,44,0
ARTHUR,32,33,0
ARTHUR,14,92,13
ARTHUR,53,0,0
ARTHUR,34,63,0
ARTHUR,56,58,0
ARTHUR,24,73,0
ARTHUR,1,48,0
ARTHUR,3,64,1
ARTHUR,28,41,0
ARTHUR,66,0,0
ARTHUR,64,49,15
ARTHUR,81,47,0
ARTHUR,15,66,0
ARTHUR,99,76,19
ARTHUR,5,0,0
ARTHUR,96,26,12
ARTHUR,76,0,0
ARTHUR,98,34,26
ARTHUR,46,86,0
ARTHUR,48,0,0
ARTHUR,94,55,0
ARTHUR,10,0,0
ARTHUR,86,27,0
ARTHUR,28,30,0
ARTHUR,5,10,3
ARTHUR,91,56,3
ARTHUR,75,6,0
ARTHUR,39,4,0
ARTHUR,29,44,0
ARTHUR,38,0,0
ARTHUR,45,93,0
ARTHUR,13,4,0
ARTHUR,77,90,25
ARTHUR,98,64,0
ARTHUR,1,0,0
ARTHUR,11,36,3
ARTHUR,52,0,0
ARTHUR,34,59,0
ARTHUR,40,40,31
ARTHUR,76,79,73
ARTHUR,16,45,0
ARTHUR,4,0,0
ARTHUR,44,66,23
ARTHUR,65,52,42
ARTHUR,23,61,23
ARTHUR,50,78,0
ARTHUR,1,0,0
ARTHUR,45,0,0
ARTHUR,72,47,0
ARTHUR,80,18,11
ARTHUR,38,30,0
ARTHUR,75,59,0
ARTHUR,46,39,0
ARTHUR,99,67,0
ARTHUR,24,46,0
ARTHUR,79,26,19
ARTHUR,7,34,0
ARTHUR,75,34,0
ARTHUR,36,38,10
ARTHUR,76,89,60
ARTHUR,99,29,26
ARTHUR,20,0,0
ARTHUR,66,64,0
ARTHUR,21,58,0
ARTHUR,96,70,12
ARTHUR,90,99,0
ARTHUR,16,7,5
ARTHUR,24,68,0
ARTHUR,21,95,0
ARTHUR,67,83,0
ARTHUR,90,0,0
ARTHUR,78,62,44
ARTHUR,98,49,0
ARTHUR,44,34,8
ARTHUR,1,0,0
ARTHUR,90,53,0
ARTHUR,80,0,0
ARTHUR,79,43,0
ARTHUR,91,0,0
ARTHUR,34,14,12
ARTHUR,95,92,0
ARTHUR,3,14,0
ARTHUR,50,16,0
ARTHUR,25,76,0
ARTHUR,83,86,0
ARTHUR,42,0,0
ARTHUR,2,47,2
ARTHUR,4,0,0
ARTHUR,34,0,0
ARTHUR,54,100,0
ARTHUR,99,0,0
ARTHUR,16,0,0
ARTHUR,51,43,39
ARTHUR,97,64,0
ARTHUR,11,45,0
ARTHUR,95,40,0
ARTHUR,32,0,0
ARTHUR,6,53,0
ARTHUR,70,71,0
ARTHUR,43,17,0
ARTHUR,18,0,0
ARTHUR,36,54,0
ARTHUR,21,46,0
ARTHUR,53,0,0
ARTHUR,62,56,46
ARTHUR,68,0,0
ARTHUR,39,0,0
ARTHUR,76,86,0
ARTHUR,4,0,0
ARTHUR,9,66,0
ARTHUR,23,37,20
ARTHUR,6,87,0
ARTHUR,76,5,0
ARTHUR,59,74,0
ARTHUR,96,57,0
ARTHUR,66,30,11
ARTHUR,19,55,0
ARTHUR,18,74,7
ARTHUR,14,79,0
ARTHUR,31,87,0
ARTHUR,25,0,0
ARTHUR,74,0,0
ARTHUR,78,35,9
ARTHUR,16,0,0
ARTHUR,18,44,0
ARTHUR,60,61,16
ARTHUR,5,52,0
ARTHUR,83,17,0
ARTHUR,14,0,0
ARTHUR,48,2,2
ARTHUR,26,51,8
ARTHUR,34,83,0
ARTHUR,7,0,0
ARTHUR,43,0,0
ARTHUR,9,0,0
ARTHUR,94,1,0
ARTHUR,47,29,8
ARTHUR,95,0,0
ARTHUR,79,19,15
ARTHUR,66,4,0
ARTHUR,16,1,0
ARTHUR,56,100,0
ARTHUR,37,0,0
ARTHUR,77,47,12
ARTHUR,17,0,0
ARTHUR,15,4,0
ARTHUR,38,5,0
ARTHUR,74,47,0
ARTHUR,83,81,0
ARTHUR,49,19,0
ARTHUR,51,70,0
ARTHUR,71,38,0
ARTHUR,22,0,0
ARTHUR,91,67,26
ARTHUR,71,47,2
ARTHUR,84,55,0
ARTHUR,54,0,0
ARTHUR,39,0,0
ARTHUR,39,0,0
ARTHUR,72,0,0
ARTHUR,23,87,0
ARTHUR,79,0,0
ARTHUR,47,64,0
ARTHUR,66,61,0
ARTHUR,20,14,1
ARTHUR,74,75,0
ARTHUR,22,43,0
ARTHUR,10,0,0
ARTHUR,15,50,0
ARTHUR,27,92,0
ARTHUR,44,54,0
ARTHUR,80,32,0
ARTHUR,66,0,0
ARTHUR,32,87,0
ARTHUR,65,89,0
ARTHUR,74,100,0
ARTHUR,66,0,0
ARTHUR,83,28,0
ARTHUR,10,0,0
ARTHUR,52,0,0
ARTHUR,3,0,0
ARTHUR,95,0,0
ARTHUR,64,88,0
ARTHUR,36,0,0
ARTHUR,79,20,0
ARTHUR,71,0,0
ARTHUR,99,13,0
ARTHUR,16,0,0
ARTHUR,55,78,3
ARTHUR,19,0,0
ARTHUR,96,0,0
ARTHUR,9,37,1
ARTHUR,88,86,0
ARTHUR,7,20,3
ARTHUR,44,56,0
ARTHUR,82,0,0
ARTHUR,77,0,0
ARTHUR,97,0,0
ARTHUR,35,69,0
ARTHUR,36,27,0
ARTHUR,61,0,0
ARTHUR,52,40,0
ARTHUR,55,0,0
ARTHUR,65,43,0
ARTHUR,42,11,0
ARTHUR,16,88,0
ARTHUR,38,91,5
ARTHUR,76,45,11
ARTHUR,56,0,0
ARTHUR,42,12,0
ARTHUR,78,88,0
ARTHUR,15,0,0
ARTHUR,25,0,0
ARTHUR,72,10,5
ARTHUR,47,4,0
ARTHUR,17,48,0
ARTHUR,63,0,0
ARTHUR,35,71,24
ARTHUR,17,77,8
ARTHUR,35,37,0
ARTHUR,98,0,0
ARTHUR,22,51,0
ARTHUR,9,0,0
ARTHUR,27,83,0
ARTHUR,79,100,15
ARTHUR,77,0,0
ARTHUR,46,67,0
ARTHUR,13,74,0
ARTHUR,63,4,1
ARTHUR,42,0,0
ARTHUR,64,90,28
ARTHUR,73,29,0
ARTHUR,98,90,0
ARTHUR,91,70,34
ARTHUR,79,31,0
ARTHUR,36,85,0
ARTHUR,6,0,0
ARTHUR,53,53,51
ARTHUR,81,8,0
ARTHUR,11,32,2
ARTHUR,25,65,4
ARTHUR,48,0,0
ARTHUR,9,18,0
ARTHUR,93,0,0
ARTHUR,87,0,0
ARTHUR,25,38,0
ARTHUR,3,0,0
ARTHUR,83,81,13
ARTHUR,50,0,0
ARTHUR,17,85,0
ARTHUR,42,0,0
ARTHUR,73,66,0
ARTHUR,86,0,0
ARTHUR,28,34,23
ARTHUR,91,66,0
ARTHUR,32,40,11
ARTHUR,34,15,0
ARTHUR,30,0,0
ARTHUR,72,35,26
ARTHUR,87,21,0
ARTHUR,77,21,0
ARTHUR,82,30,0
ARTHUR,65,11,2
ARTHUR,82,57,48
ARTHUR,78,0,0
ARTHUR,19,0,0
ARTHUR,100,62,0
ARTHUR,82,21,5
ARTHUR,78,0,0
ARTHUR,78,91,0
ARTHUR,14,0,0
ARTHUR,30,33,24
ARTHUR,64,47,0
ARTHUR,40,6,4
ARTHUR,90,84,35
ARTHUR,57,93,0
ARTHUR,76,37,13
ARTHUR,54,38,2
ARTHUR,59,26,3
ARTHUR,29,57,0
ARTHUR,60,99,0
ARTHUR,100,0,0
ARTHUR,87,2,1
ARTHUR,71,86,0
ARTHUR,74,16,9
ARTHUR,64,0,0
ARTHUR,36,0,0
ARTHUR,51,41,0
ARTHUR,18,91,0
ARTHUR,9,0,0
ARTHUR,30,9,0
ARTHUR,78,51,0
ARTHUR,57,57,0
ARTHUR,27,0,0
ARTHUR,13,45,2
ARTHUR,1,100,1
ARTHUR,39,0,0
ARTHUR,69,58,0
ARTHUR,65,7,3
ARTHUR,64,0,0
ARTHUR,43,31,0
ARTHUR,27,99,0
ARTHUR,25,65,0
ARTHUR,96,25,0
ARTHUR,97,15,0
ARTHUR,98,81,32
ARTHUR,30,62,15
ARTHUR,3,98,2
ARTHUR,32,39,0
ARTHUR,47,2,1
ARTHUR,55,92,23
ARTHUR,86,0,0
ARTHUR,57,44,0
ARTHUR,77,77,0
ARTHUR,40,0,0
ARTHUR,86,82,27
ARTHUR,60,31,0
ARTHUR,52,92,31
ARTHUR,45,54,0
ARTHUR,86,78,0
ARTHUR,62,18,14
ARTHUR,38,2,0
ARTHUR,22,0,0
ARTHUR,41,41,0
ARTHUR,61,89,20
ARTHUR,99,0,0
ARTHUR,12,26,0
ARTHUR,41,0,0
ARTHUR,76,0,0
ARTHUR,4,61,3
ARTHUR,99,6,0
ARTHUR,36,0,0
ARTHUR,59,38,0
ARTHUR,49,12,5
ARTHUR,36,0,0
ARTHUR,45,51,0
ARTHUR,69,0,0
ARTHUR,100,0,0
ARTHUR,87,99,0
ARTHUR,80,23,0
ARTHUR,85,39,24
ARTHUR,8,25,7
ARTHUR,20,0,0
ARTHUR,55,46,0
ARTHUR,62,21,19
ARTHUR,6,22,0
ARTHUR,15,0,0
ARTHUR,94,26,0
ARTHUR,93,0,0
ARTHUR,34,0,0
ARTHUR,57,0,0
ARTHUR,11,92,0
ARTHUR,23,0,0
ARTHUR,41,74,28
ARTHUR,72,61,30
ARTHUR,61,43,0
ARTHUR,27,0,0
ARTHUR,28,38,24
ARTHUR,68,16,0
ARTHUR,70,78,0
ARTHUR,44,80,23
ARTHUR,55,74,33
ARTHUR,31,88,14
ARTHUR,25,73,6
ARTHUR,73,97,0
ARTHUR,37,34,0
ARTHUR,47,88,45
ARTHUR,39,50,27
ARTHUR,59,0,0
ARTHUR,17,0,0
ARTHUR,89,81,0
ARTHUR,99,88,0
ARTHUR,92,0,0
ARTHUR,62,70,5
ARTHUR,93,0,0
ARTHUR,27,29,0
ARTHUR,81,0,0
ARTHUR,36,85,0
ARTHUR,37,96,17
ARTHUR,4,0,0
ARTHUR,2,59,0
ARTHUR,38,11,10
ARTHUR,37,63,11
ARTHUR,50,40,32
ARTHUR,20,68,15
ARTHUR,73,67,7
ARTHUR,19,78,11
ARTHUR,48,0,0
ARTHUR,12,17,0
ARTHUR,42,18,4
ARTHUR,100,0,0
ARTHUR,49,47,0
ARTHUR,36,0,0
ARTHUR,90,71,35
ARTHUR,71,58,50
ARTHUR,22,80,0
ARTHUR,29,81,0
ARTHUR,71,46,0
ARTHUR,39,0,0
ARTHUR,18,0,0
ARTHUR,2,81,1
ARTHUR,10,51,0
ARTHUR,59,100,0
ARTHUR,48,0,0
ARTHUR,96,0,0
ARTHUR,56,80,0
ARTHUR,17,98,9
ARTHUR,33,0,0
ARTHUR,92,98,0
ARTHUR,50,3,1
ARTHUR,37,0,0
ARTHUR,39,78,33
ARTHUR,4,26,3
ARTHUR,22,99,0
ARTHUR,14,35,0
ARTHUR,72,0,0
ARTHUR,86,92,81
ARTHUR,33,50,0
ARTHUR,4,5,0
ARTHUR,82,97,0
ARTHUR,42,61,28
ARTHUR,58,57,0
ARTHUR,77,81,0
ARTHUR,17,0,0
ARTHUR,85,45,10
