Farmer_Name,Dimension 1,Dimension 2,Dimension 3
arthur,15,49,0
arthur,44,49,37
arthur,40,38,13
arthur,35,1,1
arthur,51,35,13
arthur,32,47,0
arthur,64,46,32
arthur,37,0,0
arthur,85,25,0
arthur,84,50,0
arthur,4,0,0
arthur,37,61,0
arthur,59,6,0
arthur,24,74,0
arthur,11,77,8
arthur,60,0,0
arthur,18,48,0
arthur,79,0,0
arthur,88,0,0
arthur,48,0,0
arthur,80,0,0
arthur,1,47,0
arthur,50,13,1
arthur,85,92,0
arthur,98,71,35
arthur,78,8,0
arthur,87,0,0
arthur,86,49,22
arthur,80,0,0
arthur,73,70,0
arthur,86,99,31
arthur,67,30,0
arthur,9,0,0
arthur,96,26,26
arthur,39,49,1
arthur,88,0,0
arthur,66,73,11
arthur,53,29,23
arthur,76,29,20
arthur,11,0,0
arthur,27,64,22
arthur,10,77,0
arthur,27,0,0
arthur,63,0,0
arthur,96,24,9
arthur,86,36,8
arthur,30,86,17
arthur,86,0,0
arthur,97,88,5
arthur,58,21,17
arthur,70,0,0
arthur,13,7,1
arthur,69,56,0
arthur,57,22,8
arthur,71,33,0
arthur,32,84,0
arthur,97,0,0
arthur,31,44,0
arthur,54,0,0
arthur,28,82,27
arthur,95,0,0
arthur,23,0,0
arthur,73,63,0
arthur,2,1,0
arthur,97,64,0
arthur,20,0,0
arthur,46,15,3
arthur,59,56,0
arthur,92,0,0
arthur,57,0,0
arthur,1,82,0
arthur,2,0,0
arthur,88,0,0
arthur,9,78,0
arthur,92,0,0
arthur,53,0,0
arthur,64,80,0
arthur,16,73,0
arthur,79,96,0
arthur,13,54,0
arthur,67,63,19
arthur,28,0,0
arthur,62,91,0
arthur,59,33,0
arthur,15,47,0
arthur,94,0,0
arthur,31,48,0
arthur,93,96,0
arthur,98,77,45
arthur,10,0,0
arthur,30,0,0
arthur,3,0,0
arthur,91,0,0
arthur,52,90,25
arthur,96,5,3
arthur,53,2,1
arthur,29,0,0
arthur,18,68,0
arthur,4,0,0
arthur,68,0,0
arthur,53,86,0
arthur,72,32,14
arthur,40,28,7
arthur,67,40,8
arthur,60,0,0
arthur,78,82,0
arthur,11,10,4
arthur,76,1,1
arthur,3,0,0
arthur,99,0,0
arthur,95,0,0
arthur,81,59,0
arthur,20,67,10
arthur,11,76,1
arthur,98,61,27
arthur,76,89,12
arthur,88,93,0
arthur,93,30,0
arthur,3,64,0
arthur,45,69,0
arthur,21,89,15
arthur,19,0,0
arthur,72,0,0
arthur,18,100,0
arthur,88,84,0
arthur,82,38,30
arthur,49,71,0
arthur,96,100,90
arthur,94,12,6
arthur,71,7,0
arthur,72,51,48
arthur,86,55,2
arthur,84,44,0
arthur,42,95,0
arthur,53,77,0
arthur,52,0,0
arthur,2,80,0
arthur,64,88,0
arthur,38,81,23
arthur,98,54,0
arthur,40,0,0
arthur,41,31,15
arthur,75,58,0
arthur,63,84,0
arthur,23,33,23
arthur,19,0,0
arthur,51,0,0
arthur,44,0,0
arthur,97,56,32
arthur,84,86,0
arthur,81,79,54
arthur,89,4,0
arthur,18,95,0
arthur,72,27,8
arthur,11,0,0
arthur,75,0,0
arthur,79,68,14
arthur,60,0,0
arthur,16,9,0
arthur,27,0,0
arthur,32,87,0
arthur,66,12,3
arthur,93,82,78
arthur,15,94,0
arthur,71,0,0
arthur,84,0,0
arthur,84,35,26
arthur,92,9,0
arthur,73,0,0
arthur,27,46,0
arthur,71,25,0
arthur,14,57,13
arthur,88,47,0
arthur,48,27,0
arthur,64,6,6
arthur,61,0,0
arthur,2,16,0
arthur,90,64,12
arthur,17,10,9
arthur,75,57,0
arthur,48,0,0
arthur,100,95,0
arthur,38,3,0
arthur,31,68,0
arthur,28,0,0
arthur,55,66,28
arthur,86,6,0
arthur,1,80,1
arthur,2,0,0
arthur,70,94,0
arthur,8,32,0
arthur,58,17,0
arthur,64,9,0
arthur,52,0,0
arthur,63,0,0
arthur,34,5,5
arthur,83,0,0
arthur,43,8,0
arthur,78,0,0
arthur,4,92,1
arthur,69,79,18
arthur,33,0,0
arthur,71,0,0
arthur,61,71,0
arthur,34,77,1
arthur,5,58,1
arthur,52,0,0
arthur,18,85,14
arthur,28,0,0
arthur,43,96,22
arthur,88,41,0
arthur,52,90,12
arthur,41,40,2
arthur,93,0,0
arthur,74,80,0
arthur,18,76,0
arthur,96,64,2
arthur,44,21,10
arthur,19,67,0
arthur,70,66,0
arthur,38,42,17
arthur,71,42,22
arthur,85,88,0
arthur,38,84,0
arthur,2,23,0
arthur,86,0,0
arthur,52,0,0
arthur,67,100,0
arthur,95,10,0
arthur,66,54,24
arthur,63,5,0
arthur,100,71,0
arthur,18,0,0
arthur,4,23,4
arthur,49,5,0
arthur,25,48,0
arthur,20,0,0
arthur,12,53,8
arthur,50,85,22
arthur,39,0,0
arthur,58,0,0
arthur,10,51,0
arthur,31,0,0
arthur,47,0,0
arthur,65,15,0
arthur,69,0,0
arthur,62,12,7
arthur,16,84,1
arthur,79,46,6
arthur,86,87,0
arthur,81,47,0
arthur,98,0,0
arthur,23,14,0
arthur,44,75,0
arthur,81,56,0
arthur,92,0,0
arthur,53,3,0
arthur,46,0,0
arthur,25,44,0
arthur,5,93,0
arthur,91,44,0
arthur,90,87,54
arthur,50,68,49
arthur,77,0,0
arthur,43,93,2
arthur,16,0,0
arthur,16,0,0
arthur,97,98,69
arthur,9,0,0
arthur,72,0,0
arthur,57,0,0
arthur,88,26,0
arthur,90,32,0
arthur,45,53,35
arthur,76,32,12
arthur,23,80,0
arthur,100,17,0
arthur,32,12,10
arthur,87,12,0
arthur,88,48,0
arthur,98,45,39
arthur,38,85,0
arthur,77,83,0
arthur,15,0,0
arthur,84,0,0
arthur,3,48,0
arthur,31,0,0
arthur,83,52,25
arthur,80,13,2
arthur,42,13,9
arthur,7,60,0
arthur,32,29,0
arthur,96,0,0
arthur,13,68,0
arthur,77,63,0
arthur,32,62,23
arthur,50,25,0
arthur,66,80,36
arthur,21,8,8
arthur,48,0,0
arthur,42,12,0
arthur,52,87,0
arthur,21,43,0
arthur,5,58,0
arthur,88,89,12
arthur,7,78,7
arthur,31,54,0
arthur,71,77,0
arthur,5,16,0
arthur,27,0,0
arthur,53,22,6
arthur,97,80,0
arthur,20,45,18
arthur,56,0,0
arthur,17,0,0
arthur,68,0,0
arthur,1,15,0
arthur,38,29,2
arthur,41,34,0
arthur,42,32,28
arthur,94,93,0
arthur,63,0,0
arthur,50,90,18
arthur,58,98,0
arthur,12,51,11
arthur,59,0,0
arthur,5,0,0
arthur,94,63,0
arthur,71,98,0
arthur,41,33,0
arthur,63,1,1
arthur,10,0,0
arthur,15,0,0
arthur,12,29,0
arthur,15,59,10
arthur,59,77,0
arthur,34,14,0
arthur,86,0,0
arthur,21,23,0
arthur,86,99,0
arthur,20,69,17
arthur,66,0,0
arthur,41,55,0
arthur,37,33,0
arthur,62,38,16
arthur,17,94,0
arthur,98,0,0
arthur,50,15,15
arthur,78,0,0
arthur,79,0,0
arthur,23,0,0
arthur,34,0,0
arthur,67,77,0
arthur,98,44,0
arthur,95,90,0
arthur,37,14,14
arthur,48,0,0
arthur,88,18,0
arthur,83,97,0
arthur,34,16,2
arthur,84,0,0
arthur,30,0,0
arthur,30,0,0
arthur,74,61,0
arthur,35,90,0
arthur,2,14,0
arthur,13,0,0
arthur,70,28,0
arthur,77,90,7
arthur,99,22,0
arthur,53,5,0
arthur,78,0,0
arthur,4,79,2
arthur,39,15,5
arthur,35,54,35
arthur,91,81,16
arthur,75,99,68
arthur,2,9,0
arthur,37,82,4
arthur,65,4,0
arthur,58,70,0
arthur,59,77,0
arthur,81,76,44
arthur,93,79,0
arthur,94,18,0
arthur,52,0,0
arthur,21,42,0
arthur,85,16,15
arthur,91,0,0
arthur,49,0,0
arthur,78,4,1
arthur,8,21,0
arthur,48,74,0
arthur,34,0,0
arthur,8,59,0
arthur,36,0,0
arthur,31,25,24
arthur,57,59,0
arthur,74,75,25
arthur,5,14,3
arthur,33,21,0
arthur,90,51,14
arthur,91,0,0
arthur,47,34,25
arthur,94,4,4
arthur,31,1,1
arthur,95,94,82
arthur,61,72,49
arthur,34,32,0
arthur,54,91,0
arthur,70,43,0
arthur,72,0,0
arthur,4,3,0
arthur,27,47,0
arthur,24,39,0
arthur,24,84,0
arthur,36,93,0
arthur,71,28,0
arthur,11,63,6
arthur,95,8,0
arthur,27,0,0
arthur,29,74,3
arthur,48,0,0
arthur,30,0,0
arthur,36,79,27
arthur,73,24,0
arthur,13,39,0
arthur,59,47,0
arthur,80,73,2
arthur,31,40,0
arthur,29,0,0
arthur,75,48,0
arthur,2,60,0
arthur,63,18,8
arthur,11,79,0
arthur,22,96,0
arthur,100,8,0
arthur,19,84,17
arthur,2,0,0
arthur,83,87,0
arthur,64,67,50
arthur,16,80,0
arthur,94,9,8
arthur,86,0,0
arthur,79,28,0
arthur,3,44,0
arthur,55,13,5
arthur,91,28,3
arthur,53,39,0
arthur,44,91,0
arthur,59,0,0
arthur,84,51,4
arthur,53,34,0
arthur,44,0,0
arthur,30,21,0
arthur,29,45,0
arthur,92,0,0
arthur,16,45,8
arthur,35,0,0
arthur,91,31,0
arthur,16,38,0
arthur,25,92,4
arthur,76,0,0
arthur,45,80,0
arthur,70,0,0
arthur,97,15,0
arthur,87,6,6
arthur,69,82,62
arthur,48,0,0
arthur,37,24,0
arthur,88,20,14
arthur,92,92,0
arthur,59,69,0
arthur,80,0,0
arthur,76,67,24
arthur,50,0,0
arthur,26,0,0
arthur,61,7,0
arthur,25,96,0
arthur,6,79,4
arthur,56,28,11
arthur,68,29,10
arthur,81,24,12
arthur,71,0,0
arthur,76,87,0
arthur,24,66,15
arthur,13,36,0
arthur,83,0,0
arthur,24,76,14
arthur,89,3,0
arthur,48,11,4
arthur,58,69,54
arthur,18,0,0
arthur,55,87,52
arthur,76,68,0
arthur,72,83,0
arthur,1,0,0
arthur,86,5,0
arthur,26,41,0
arthur,100,56,0
arthur,27,0,0
arthur,74,32,0
arthur,57,50,50
arthur,22,0,0
arthur,28,37,0
arthur,26,85,0
arthur,80,47,5
arthur,16,44,0
arthur,52,88,0
arthur,57,35,32
arthur,93,30,0
arthur,99,16,8
arthur,87,43,31
arthur,40,45,39
arthur,84,0,0
arthur,30,0,0
arthur,11,0,0
arthur,45,81,0
arthur,61,84,4
arthur,18,21,0
arthur,96,45,0
arthur,1,52,1
arthur,40,29,0
arthur,71,16,0
arthur,67,0,0
arthur,56,65,0
arthur,56,0,0
arthur,41,30,0
arthur,95,0,0
arthur,98,95,49
arthur,32,0,0
arthur,24,100,24
arthur,28,83,0
arthur,18,87,0
arthur,95,93,0
arthur,99,87,0
arthur,94,69,0
arthur,27,93,18
arthur,37,97,0
arthur,32,69,0
arthur,42,19,9
arthur,10,37,0
arthur,11,0,0
arthur,93,32,0
arthur,77,51,46
arthur,51,0,0
arthur,31,0,0
arthur,6,40,6
arthur,16,90,4
arthur,1,44,0
arthur,77,64,22
arthur,73,39,0
arthur,52,89,24
arthur,52,84,16
arthur,77,33,0
arthur,8,0,0
arthur,31,80,23
arthur,91,0,0
arthur,57,86,0
arthur,69,0,0
arthur,96,92,0
arthur,23,31,1
arthur,47,2,0
arthur,41,0,0
arthur,21,0,0
arthur,54,0,0
arthur,77,66,0
arthur,70,41,37
arthur,100,0,0
arthur,36,76,0
arthur,93,70,4
arthur,59,29,0
arthur,63,82,28
arthur,97,95,0
arthur,6,76,0
arthur,28,85,4
arthur,66,0,0
arthur,67,0,0
arthur,97,0,0
arthur,19,86,0
arthur,98,62,0
arthur,46,62,0
arthur,56,0,0
arthur,28,75,0
arthur,39,17,0
arthur,74,0,0
arthur,19,0,0
arthur,81,0,0
arthur,23,27,8
arthur,3,64,0
arthur,3,9,0
arthur,7,0,0
arthur,4,86,0
arthur,9,19,8
arthur,95,85,71
arthur,27,7,0
arthur,80,0,0
arthur,69,0,0
arthur,47,84,0
arthur,56,42,0
arthur,51,54,36
arthur,50,0,0
arthur,7,90,0
arthur,55,48,44
arthur,14,0,0
arthur,19,0,0
arthur,40,0,0
arthur,19,0,0
arthur,65,89,0
arthur,96,50,32
arthur,43,0,0
arthur,32,11,1
arthur,97,0,0
arthur,19,79,0
arthur,91,31,17
arthur,18,0,0
arthur,91,15,0
arthur,69,87,0
arthur,57,77,0
arthur,13,9,0
arthur,7,0,0
arthur,44,0,0
arthur,20,64,9
arthur,41,0,0
arthur,94,0,0
arthur,57,77,2
arthur,49,3,0
arthur,47,83,0
arthur,70,0,0
arthur,13,1,0
arthur,75,17,0
arthur,53,2,0
arthur,6,0,0
arthur,14,0,0
arthur,26,26,0
arthur,18,80,4
arthur,58,7,0
arthur,72,0,0
arthur,76,25,0
arthur,35,0,0
arthur,22,96,3
arthur,48,16,0
arthur,85,0,0
arthur,33,40,30
arthur,60,36,0
arthur,65,95,0
arthur,63,62,12
arthur,54,5,5
arthur,63,9,0
arthur,64,81,0
arthur,10,41,7
arthur,26,83,0
arthur,89,44,15
arthur,74,51,51
arthur,88,72,36
arthur,13,97,3
arthur,14,86,0
arthur,37,42,0
arthur,39,64,0
arthur,98,64,0
arthur,66,6,0
arthur,85,66,33
arthur,46,0,0
arthur,40,21,17
arthur,60,57,30
arthur,55,81,27
arthur,43,0,0
arthur,78,0,0
arthur,32,0,0
arthur,47,16,0
arthur,19,0,0
arthur,49,11,0
arthur,89,5,0
arthur,85,0,0
arthur,71,16,10
arthur,12,44,0
arthur,20,0,0
arthur,99,31,0
arthur,11,36,0
arthur,65,0,0
arthur,79,46,45
arthur,74,72,0
arthur,30,35,0
arthur,2,47,1
arthur,13,0,0
arthur,87,93,41
arthur,76,98,60
arthur,88,0,0
arthur,26,95,0
arthur,38,29,0
arthur,34,65,0
arthur,85,52,0
arthur,82,24,0
arthur,36,47,36
arthur,30,0,0
arthur,53,0,0
arthur,62,25,0
arthur,3,24,0
arthur,59,18,12
arthur,35,0,0
arthur,95,47,0
arthur,50,35,0
arthur,26,36,5
arthur,97,100,3
arthur,73,92,0
arthur,35,30,0
arthur,77,69,67
arthur,9,28,0
arthur,44,28,0
arthur,16,99,0
arthur,81,59,0
arthur,7,48,0
arthur,54,72,51
arthur,46,38,0
arthur,3,44,0
arthur,65,0,0
arthur,27,0,0
arthur,23,6,2
arthur,98,26,0
arthur,57,70,0
arthur,100,0,0
arthur,87,46,0
arthur,45,82,0
arthur,55,0,0
arthur,27,91,27
arthur,57,91,0
arthur,30,0,0
arthur,38,79,35
arthur,24,0,0
arthur,84,54,0
arthur,77,99,16
arthur,22,96,14
arthur,65,99,0
arthur,68,41,35
arthur,5,84,0
arthur,68,41,3
arthur,39,64,20
arthur,88,0,0
arthur,32,60,0
arthur,15,65,0
arthur,65,0,0
arthur,60,28,0
arthur,95,0,0
arthur,75,84,0
arthur,27,95,0
arthur,95,99,9
arthur,69,0,0
arthur,33,11,11
arthur,33,91,0
arthur,93,0,0
arthur,5,0,0
arthur,19,69,5
arthur,50,81,29
arthur,61,83,45
arthur,24,0,0
arthur,80,0,0
arthur,90,34,0
arthur,58,0,0
arthur,50,0,0
arthur,91,0,0
arthur,20,75,0
arthur,44,20,0
arthur,19,15,0
arthur,44,0,0
arthur,15,0,0
arthur,98,84,31
arthur,29,36,0
arthur,70,52,2
arthur,42,13,0
arthur,4,0,0
arthur,100,16,0
arthur,64,82,29
arthur,12,0,0
arthur,20,77,0
arthur,70,75,0
arthur,84,45,0
arthur,46,33,0
arthur,91,72,0
arthur,97,0,0
arthur,64,24,0
arthur,95,0,0
arthur,49,44,0
arthur,51,0,0
arthur,16,0,0
arthur,41,88,0
arthur,48,37,0
arthur,49,70,24
arthur,78,39,37
arthur,53,0,0
arthur,41,0,0
arthur,74,0,0
arthur,28,0,0
arthur,96,0,0
arthur,69,0,0
arthur,65,31,0
arthur,16,47,13
arthur,18,70,0
arthur,81,10,0
arthur,47,46,0
arthur,91,41,18
arthur,85,66,16
arthur,38,0,0
arthur,35,0,0
arthur,46,21,4
arthur,68,0,0
arthur,12,0,0
arthur,92,0,0
arthur,71,7,2
arthur,40,90,35
arthur,82,0,0
arthur,42,25,0
arthur,100,11,0
arthur,70,73,0
arthur,12,34,0
arthur,16,11,5
arthur,3,22,1
arthur,44,0,0
arthur,80,67,0
arthur,50,91,12
arthur,85,50,9
arthur,83,16,0
arthur,46,11,0
arthur,68,38,0
arthur,8,0,0
arthur,79,66,0
arthur,68,42,9
arthur,18,18,16
arthur,89,0,0
arthur,95,42,0
arthur,82,0,0
arthur,58,85,0
arthur,14,89,0
arthur,13,98,0
arthur,23,0,0
arthur,8,0,0
arthur,95,75,48
arthur,69,34,15
arthur,45,63,0
arthur,43,23,3
arthur,29,3,2
arthur,97,17,2
arthur,72,70,0
arthur,47,4,0
arthur,66,48,0
arthur,27,53,5
arthur,69,0,0
arthur,2,47,0
arthur,54,77,16
arthur,31,44,1
arthur,17,88,0
arthur,14,17,0
arthur,8,0,0
arthur,36,38,32
arthur,31,48,0
arthur,35,9,0
arthur,67,80,0
arthur,78,0,0
arthur,12,0,0
arthur,36,13,2
arthur,29,48,1
arthur,89,0,0
arthur,52,42,17
arthur,70,19,4
arthur,83,30,0
arthur,65,94,0
arthur,65,82,0
arthur,70,6,0
arthur,76,0,0
arthur,62,70,18
arthur,56,48,4
arthur,58,0,0
arthur,64,0,0
arthur,6,77,0
arthur,59,73,0
arthur,45,94,0
arthur,47,27,0
arthur,39,43,0
arthur,11,58,0
arthur,18,0,0
arthur,37,40,36
arthur,48,22,12
arthur,96,0,0
arthur,10,7,0
arthur,89,0,0
arthur,79,25,0
arthur,24,64,0
arthur,45,0,0
arthur,81,0,0
arthur,99,2,0
arthur,39,0,0
arthur,60,44,0
arthur,36,77,6
arthur,26,34,0
arthur,31,0,0
arthur,26,91,12
arthur,31,45,0
arthur,7,34,0
arthur,48,0,0
arthur,81,0,0
arthur,3,41,0
arthur,61,16,0
arthur,74,46,0
arthur,76,37,0
arthur,97,14,0
arthur,32,96,14
arthur,8,94,0
arthur,74,46,0
arthur,75,73,0
arthur,57,76,42
arthur,95,0,0
arthur,87,0,0
arthur,74,85,50
arthur,61,98,0
arthur,25,10,0
arthur,62,93,0
arthur,16,54,2
arthur,69,0,0
arthur,92,36,0
arthur,39,0,0
arthur,45,28,0
arthur,5,69,0
arthur,15,3,2
arthur,98,65,0
arthur,25,0,0
arthur,59,0,0
arthur,37,21,0
arthur,12,46,0
arthur,34,40,0
arthur,23,9,2
arthur,34,0,0
arthur,47,36,7
arthur,97,98,10
arthur,38,63,15
arthur,93,42,0
arthur,62,0,0
arthur,56,48,7
arthur,81,39,0
arthur,54,0,0
arthur,100,0,0
arthur,26,0,0
arthur,100,0,0
arthur,15,47,0
arthur,60,80,0
arthur,93,80,13
arthur,40,94,15
arthur,16,11,0
arthur,37,0,0
arthur,30,5,0
arthur,41,4,0
arthur,43,0,0
arthur,75,42,0
arthur,23,0,0
arthur,76,11,0
arthur,76,38,0
arthur,98,33,0
arthur,71,0,0
arthur,55,30,0
arthur,74,0,0
arthur,62,0,0
arthur,90,69,0
arthur,33,0,0
arthur,44,0,0
arthur,73,0,0
arthur,92,61,20
arthur,1,46,0
arthur,92,13,0
arthur,60,57,0
arthur,82,64,0
arthur,67,0,0
arthur,35,93,0
arthur,43,0,0
arthur,58,26,9
arthur,61,0,0
arthur,68,99,48
arthur,12,58,0
arthur,22,0,0
arthur,53,100,38
arthur,98,93,70
arthur,81,73,19
arthur,66,80,11
arthur,74,45,45
arthur,77,98,8
arthur,53,99,0
arthur,78,33,0
arthur,2,0,0
arthur,99,36,0
arthur,28,13,0
arthur,2,20,0
arthur,86,0,0
arthur,5,79,1
arthur,44,0,0
arthur,77,91,0
arthur,97,75,0
arthur,5,1,1
arthur,48,0,0
arthur,51,0,0
arthur,80,57,0
arthur,45,16,0
arthur,43,0,0
arthur,43,58,0
arthur,38,38,0
arthur,14,0,0
arthur,12,99,0
arthur,48,25,0
arthur,28,57,0
arthur,37,88,0
arthur,15,77,12
arthur,22,97,0
arthur,68,64,41
arthur,61,90,0
arthur,10,100,0
arthur,53,52,50
arthur,73,66,18
arthur,29,34,0
arthur,16,24,0
arthur,85,70,0
arthur,48,58,0
arthur,69,67,1
arthur,22,6,0
arthur,15,60,0
arthur,25,66,8
arthur,14,89,0
arthur,24,0,0
arthur,4,90,4
arthur,32,82,0
arthur,74,0,0
arthur,50,27,0
arthur,26,72,0
arthur,80,25,0
arthur,47,0,0
arthur,78,81,0
arthur,92,0,0
arthur,35,74,27
arthur,34,94,2
arthur,22,68,0
arthur,87,51,0
arthur,71,22,0
arthur,64,68,0
arthur,5,48,5
arthur,55,100,24
arthur,81,0,0
arthur,68,57,0
arthur,11,29,0
arthur,65,83,0
arthur,40,43,0
arthur,30,28,13
arthur,59,26,0
arthur,99,43,35
arthur,24,78,10
arthur,68,86,0
arthur,60,0,0
arthur,65,0,0
arthur,88,14,14
arthur,57,32,0
arthur,44,44,0
arthur,58,83,47
arthur,98,0,0
arthur,44,0,0
arthur,71,41,11
arthur,20,36,17
arthur,21,0,0
arthur,80,0,0
arthur,87,0,0
arthur,25,0,0
arthur,72,77,31
arthur,95,0,0
arthur,63,15,0
arthur,72,88,0
arthur,8,26,0
arthur,82,0,0
arthur,48,27,24
arthur,18,79,0
arthur,26,81,0
arthur,68,86,0
arthur,75,100,21
arthur,5,0,0
arthur,54,36,0
arthur,2,80,0
arthur,93,96,0
arthur,100,0,0
arthur,75,0,0
arthur,88,64,0
arthur,78,47,1
arthur,45,26,0
arthur,41,66,0
arthur,72,73,0
arthur,6,53,0
arthur,83,8,0
arthur,41,17,10
arthur,82,71,0
arthur,35,75,0
arthur,29,0,0
arthur,70,0,0
arthur,36,28,12
arthur,63,11,5
arthur,18,50,0
arthur,25,0,0
arthur,27,0,0
arthur,96,0,0
arthur,1,0,0
arthur,60,86,0
arthur,46,61,8
arthur,74,35,0
arthur,87,14,3
arthur,24,89,17
arthur,83,0,0
arthur,40,0,0
arthur,100,56,0
arthur,75,40,0
arthur,83,0,0
arthur,98,0,0
arthur,94,0,0
arthur,78,77,42
arthur,59,25,25
arthur,54,50,0
arthur,65,79,0
arthur,41,0,0
arthur,1,0,0
arthur,83,12,0
arthur,43,74,30
arthur,14,0,0
arthur,9,0,0
arthur,19,0,0
arthur,14,25,4
arthur,28,65,0
arthur,57,0,0
arthur,18,64,16
arthur,57,59,0
arthur,80,33,0
arthur,67,83,0
arthur,33,4,3
arthur,48,30,7
arthur,41,0,0
arthur,85,0,0
arthur,95,15,9
arthur,6,93,0
arthur,32,0,0
arthur,21,14,12
arthur,10,71,6
arthur,84,5,1
arthur,6,61,2
arthur,39,12,0
arthur,91,0,0
arthur,52,0,0
arthur,67,0,0
arthur,69,43,40
arthur,27,90,0
arthur,27,39,0
arthur,89,79,0
arthur,24,73,6
arthur,89,98,48
arthur,85,9,9
arthur,20,21,0
arthur,76,67,0
arthur,56,0,0
arthur,28,64,0
arthur,80,62,0
arthur,29,0,0
arthur,4,28,4
arthur,65,50,0
arthur,9,68,0
arthur,26,69,0
arthur,19,94,6
arthur,12,98,0
arthur,43,0,0
arthur,68,4,0
arthur,42,64,34
arthur,97,0,0
arthur,4,0,0
arthur,11,60,0
arthur,81,6,0
arthur,92,0,0
arthur,92,26,26
arthur,32,100,23
arthur,15,0,0
arthur,89,68,0
arthur,58,0,0
arthur,48,6,5
arthur,40,0,0
arthur,28,86,15
arthur,18,0,0
arthur,54,0,0
arthur,28,13,0
arthur,97,89,0
arthur,56,82,0
arthur,43,56,41
arthur,96,0,0
arthur,78,47,46
arthur,16,5,0
arthur,69,0,0
arthur,37,73,12
arthur,68,42,0
arthur,85,0,0
arthur,66,96,58
arthur,31,0,0
arthur,86,73,0
arthur,43,100,0
arthur,22,2,0
arthur,13,0,0
arthur,44,0,0
arthur,5,83,4
arthur,65,80,0
arthur,39,81,0
arthur,56,0,0
arthur,52,32,6
arthur,74,44,0
arthur,8,0,0
arthur,97,16,0
arthur,75,0,0
arthur,93,88,0
arthur,40,65,0
arthur,1,34,1
arthur,20,0,0
arthur,52,0,0
arthur,77,99,0
arthur,82,90,68
arthur,69,0,0
arthur,7,96,3
arthur,59,4,0
arthur,82,48,30
arthur,7,76,7
arthur,47,89,7
arthur,18,46,0
arthur,63,19,0
arthur,69,75,0
arthur,11,0,0
arthur,64,80,9
arthur,39,96,0
arthur,14,21,0
arthur,97,17,13
arthur,16,91,11
arthur,92,28,0
arthur,14,4,2
arthur,64,66,0
arthur,62,88,5
arthur,98,0,0
arthur,2,0,0
arthur,18,0,0
arthur,71,3,0
arthur,94,0,0
arthur,87,43,0
arthur,52,83,52
arthur,17,0,0
arthur,19,28,18
arthur,3,11,0
arthur,88,76,0
arthur,90,16,3
arthur,97,0,0
arthur,47,0,0
arthur,95,0,0
arthur,25,35,0
arthur,44,0,0
arthur,90,0,0
arthur,66,52,36
arthur,12,75,0
arthur,16,90,12
arthur,32,61,23
arthur,5,24,0
arthur,71,0,0
arthur,10,50,10
arthur,75,39,0
arthur,46,95,0
arthur,25,7,1
arthur,8,24,6
arthur,58,50,41
arthur,53,0,0
arthur,55,83,0
arthur,84,20,0
arthur,30,67,13
arthur,17,60,0
arthur,69,47,0
arthur,41,29,28
arthur,6,29,5
arthur,50,77,0
arthur,53,76,0
arthur,68,0,0
arthur,80,0,0
arthur,25,0,0
arthur,20,0,0
arthur,99,0,0
arthur,64,0,0
arthur,42,37,0
arthur,4,0,0
arthur,9,0,0
arthur,100,80,48
arthur,29,91,0
arthur,42,79,34
arthur,44,41,0
arthur,70,22,7
arthur,42,13,6
arthur,96,33,21
arthur,43,75,4
arthur,84,52,0
arthur,66,80,48
arthur,64,70,0
arthur,68,73,0
arthur,40,81,2
arthur,5,29,3
arthur,47,31,0
arthur,25,44,0
arthur,30,0,0
arthur,19,42,6
arthur,80,48,40
arthur,79,4,3
arthur,92,7,1
arthur,5,0,0
arthur,64,84,0
arthur,98,0,0
arthur,80,0,0
arthur,96,72,0
arthur,48,0,0
arthur,14,86,6
arthur,57,15,12
arthur,83,77,41
arthur,45,0,0
arthur,71,99,0
arthur,44,0,0
arthur,47,56,35
arthur,82,0,0
arthur,78,84,72
arthur,41,54,0
arthur,52,0,0
arthur,92,70,0
arthur,7,58,3
arthur,41,32,0
arthur,46,0,0
arthur,79,57,0
arthur,10,31,7
arthur,76,0,0
arthur,93,0,0
arthur,83,88,70
arthur,87,25,15
arthur,52,0,0
arthur,55,71,22
arthur,34,25,19
arthur,42,12,0
arthur,72,96,0
arthur,99,97,0
arthur,18,0,0
arthur,77,6,6
arthur,11,0,0
arthur,94,0,0
arthur,33,50,0
arthur,30,13,0
arthur,100,11,0
arthur,63,86,32
arthur,53,25,4
arthur,20,6,0
arthur,22,68,0
arthur,72,52,30
arthur,20,0,0
arthur,69,0,0
arthur,81,23,0
arthur,60,0,0
arthur,32,52,18
arthur,50,81,0
arthur,61,0,0
arthur,55,74,0
arthur,28,0,0
arthur,68,0,0
arthur,84,12,0
arthur,79,72,0
arthur,11,67,11
arthur,31,85,20
arthur,99,0,0
arthur,87,80,0
arthur,78,8,0
arthur,4,27,0
arthur,23,12,0
arthur,15,0,0
arthur,11,88,0
arthur,66,0,0
arthur,93,3,2
arthur,94,64,0
arthur,23,73,22
arthur,56,91,23
arthur,2,0,0
arthur,17,85,9
arthur,29,0,0
arthur,81,0,0
arthur,99,31,24
arthur,77,42,0
arthur,40,10,0
arthur,27,83,0
arthur,79,72,64
arthur,7,55,0
arthur,39,20,12
arthur,83,0,0
arthur,99,88,70
arthur,95,0,0
arthur,68,18,0
arthur,51,22,0
arthur,78,26,22
arthur,36,10,4
arthur,76,39,33
arthur,98,0,0
arthur,49,29,5
arthur,70,71,13
arthur,60,83,0
arthur,46,38,18
arthur,91,16,14
arthur,94,63,0
arthur,93,45,0
arthur,87,0,0
arthur,12,49,0
arthur,52,52,14
arthur,18,0,0
arthur,57,0,0
arthur,32,0,0
arthur,41,100,0
arthur,44,0,0
arthur,11,71,7
arthur,5,41,0
arthur,95,90,0
arthur,7,0,0
arthur,79,95,42
arthur,8,49,0
arthur,24,62,0
arthur,74,24,0
arthur,67,75,0
arthur,82,0,0
arthur,38,0,0
arthur,59,93,0
arthur,35,0,0
arthur,45,68,30
arthur,67,0,0
arthur,3,74,0
arthur,33,1,1
arthur,51,78,29
arthur,66,87,0
arthur,64,48,0
arthur,84,2,1
arthur,68,0,0
arthur,33,30,1
arthur,28,38,0
arthur,34,41,19
arthur,7,97,2
arthur,44,99,0
arthur,70,66,0
arthur,27,25,17
arthur,72,36,0
arthur,35,0,0
arthur,27,0,0
arthur,55,0,0
arthur,25,0,0
arthur,68,3,0
arthur,31,73,0
arthur,77,39,0
arthur,35,24,0
arthur,46,0,0
arthur,2,97,0
arthur,54,81,0
arthur,79,35,0
arthur,14,84,0
arthur,48,96,0
arthur,73,17,0
arthur,18,0,0
arthur,21,73,0
arthur,92,55,22
arthur,18,69,17
arthur,10,93,0
arthur,51,75,46
arthur,97,15,11
arthur,20,0,0
arthur,16,0,0
arthur,77,41,0
arthur,65,38,0
arthur,6,24,1
arthur,2,0,0
arthur,32,55,6
arthur,90,37,6
arthur,10,0,0
arthur,22,18,0
arthur,24,63,0
arthur,56,0,0
arthur,92,27,0
arthur,95,86,37
arthur,80,71,4
arthur,75,73,0
arthur,92,0,0
arthur,73,88,11
arthur,29,26,9
arthur,9,42,2
arthur,90,12,0
arthur,89,0,0
arthur,71,20,3
arthur,79,16,0
arthur,83,67,0
arthur,43,0,0
arthur,50,0,0
arthur,6,0,0
arthur,3,76,2
arthur,63,49,0
arthur,45,0,0
arthur,3,6,3
arthur,61,46,0
arthur,6,0,0
arthur,92,0,0
arthur,97,97,91
arthur,81,5,2
arthur,74,0,0
arthur,72,47,0
arthur,23,0,0
arthur,95,0,0
arthur,78,96,16
arthur,42,0,0
arthur,55,10,5
arthur,99,16,0
arthur,99,40,7
arthur,84,11,7
arthur,23,14,0
arthur,24,97,19
arthur,26,50,0
arthur,11,25,0
arthur,91,0,0
arthur,98,0,0
arthur,10,81,0
arthur,9,74,0
arthur,41,70,0
arthur,9,15,0
arthur,35,0,0
arthur,43,51,30
arthur,65,32,0
arthur,91,0,0
arthur,51,38,0
arthur,82,33,20
arthur,66,54,0
arthur,78,30,26
arthur,11,92,8
arthur,88,92,0
arthur,24,3,1
arthur,88,13,0
arthur,83,84,74
arthur,91,2,0
arthur,51,89,12
arthur,50,0,0
arthur,77,26,26
arthur,68,0,0
arthur,88,29,0
arthur,84,0,0
arthur,17,0,0
arthur,43,42,27
arthur,42,0,0
arthur,100,5,5
arthur,84,28,0
arthur,81,85,0
arthur,96,0,0
arthur,90,0,0
arthur,90,0,0
arthur,70,0,0
arthur,13,0,0
arthur,89,0,0
arthur,67,0,0
arthur,87,0,0
arthur,31,9,0
arthur,22,26,0
arthur,70,36,27
arthur,1,0,0
arthur,81,77,0
arthur,55,58,0
arthur,74,0,0
arthur,35,69,31
arthur,9,67,0
arthur,34,47,0
arthur,46,84,0
arthur,17,0,0
arthur,15,0,0
arthur,68,57,49
arthur,20,0,0
arthur,39,0,0
arthur,54,56,0
arthur,72,8,0
arthur,98,10,0
arthur,18,0,0
arthur,81,89,14
arthur,4,63,0
arthur,18,0,0
arthur,74,36,0
arthur,44,1,0
arthur,52,18,0
arthur,45,0,0
arthur,74,0,0
arthur,36,91,0
arthur,33,0,0
arthur,86,0,0
arthur,79,95,0
arthur,69,99,0
arthur,37,0,0
arthur,51,95,41
arthur,31,47,0
arthur,12,34,0
arthur,62,89,0
arthur,23,33,0
arthur,71,9,0
arthur,92,90,0
arthur,31,0,0
arthur,55,84,0
arthur,39,26,0
arthur,42,0,0
arthur,16,71,12
arthur,88,0,0
arthur,5,25,5
arthur,73,73,26
arthur,18,0,0
arthur,54,7,0
arthur,13,47,0
arthur,15,8,0
arthur,38,0,0
arthur,27,80,8
arthur,69,4,0
arthur,47,0,0
arthur,31,52,0
arthur,25,48,2
arthur,11,0,0
arthur,58,35,0
arthur,59,71,20
arthur,7,0,0
arthur,62,50,4
arthur,48,95,7
arthur,31,99,3
arthur,8,7,4
arthur,58,69,0
arthur,49,89,48
arthur,30,4,0
arthur,40,0,0
arthur,20,0,0
arthur,93,73,0
arthur,41,0,0
arthur,74,69,9
arthur,77,61,40
arthur,18,80,0
arthur,94,30,27
arthur,14,53,0
arthur,46,0,0
arthur,100,0,0
arthur,33,6,1
arthur,31,47,5
arthur,73,96,24
arthur,16,35,0
arthur,100,0,0
arthur,97,0,0
arthur,66,0,0
arthur,92,10,0
arthur,91,40,0
arthur,92,54,0
arthur,33,59,3
arthur,50,38,0
arthur,64,0,0
arthur,11,0,0
arthur,7,47,2
arthur,86,0,0
arthur,36,95,0
arthur,80,0,0
arthur,36,91,27
arthur,13,0,0
arthur,25,99,0
arthur,32,0,0
arthur,91,16,16
arthur,100,0,0
arthur,86,51,0
arthur,29,0,0
arthur,72,77,0
arthur,27,0,0
arthur,70,73,0
arthur,87,51,0
arthur,94,88,0
arthur,36,0,0
arthur,32,0,0
arthur,26,71,0
arthur,30,30,14
arthur,98,0,0
arthur,77,16,0
arthur,50,0,0
arthur,90,0,0
arthur,34,5,3
arthur,51,52,0
arthur,3,80,0
arthur,65,46,0
arthur,66,89,0
arthur,67,16,0
arthur,10,25,7
arthur,32,56,24
arthur,65,86,36
arthur,60,83,0
arthur,29,0,0
arthur,75,96,0
arthur,86,0,0
arthur,46,20,0
arthur,19,7,4
arthur,58,0,0
arthur,48,32,3
arthur,59,21,0
arthur,5,0,0
arthur,34,2,0
arthur,41,0,0
arthur,93,0,0
arthur,43,5,0
arthur,50,0,0
arthur,88,14,0
arthur,5,0,0
arthur,51,0,0
arthur,73,31,0
arthur,56,79,33
arthur,12,37,0
arthur,11,78,0
arthur,36,6,0
arthur,35,88,0
arthur,66,0,0
arthur,66,34,22
arthur,46,0,0
arthur,17,17,0
arthur,19,39,0
arthur,49,0,0
arthur,37,17,17
arthur,27,63,14
arthur,95,22,0
arthur,5,97,0
arthur,52,0,0
arthur,64,18,0
arthur,33,51,29
arthur,3,0,0
arthur,32,0,0
arthur,14,78,9
arthur,81,68,0
arthur,34,85,0
arthur,65,84,0
arthur,57,63,32
arthur,64,36,0
arthur,75,0,0
arthur,4,80,0
arthur,1,0,0
arthur,8,0,0
arthur,52,67,0
arthur,33,63,0
arthur,40,61,37
arthur,63,50,0
arthur,82,25,0
arthur,65,52,22
arthur,59,0,0
arthur,63,100,30
arthur,91,0,0
arthur,97,54,0
arthur,88,38,0
arthur,2,76,0
arthur,75,18,0
arthur,13,93,4
arthur,98,87,0
arthur,21,81,0
arthur,43,54,0
arthur,42,46,27
arthur,49,19,0
arthur,30,98,5
arthur,47,41,5
arthur,10,0,0
arthur,4,0,0
arthur,3,44,0
arthur,100,23,0
arthur,59,0,0
arthur,50,0,0
arthur,38,0,0
arthur,94,22,0
arthur,86,31,15
arthur,47,99,45
arthur,24,3,3
arthur,32,30,6
arthur,3,47,3
arthur,9,97,0
arthur,54,0,0
arthur,27,31,0
arthur,65,11,0
arthur,93,29,18
arthur,37,71,29
arthur,88,68,15
arthur,37,44,0
arthur,2,99,1
arthur,99,34,0
arthur,75,37,0
arthur,43,92,26
arthur,26,32,0
arthur,21,28,21
arthur,47,72,9
arthur,7,82,0
arthur,86,84,0
arthur,55,90,0
arthur,77,19,0
arthur,91,31,0
arthur,81,18,9
arthur,65,0,0
arthur,70,0,0
arthur,16,68,0
arthur,1,0,0
arthur,63,70,16
arthur,79,46,14
arthur,37,0,0
arthur,93,7,0
arthur,73,0,0
arthur,86,0,0
arthur,3,0,0
arthur,48,74,18
arthur,82,15,8
arthur,36,45,16
arthur,94,44,0
arthur,62,94,0
arthur,16,0,0
arthur,80,11,0
arthur,96,80,0
arthur,81,10,0
arthur,56,58,0
arthur,16,35,0
arthur,3,62,0
arthur,73,0,0
arthur,62,67,60
arthur,23,0,0
arthur,12,35,2
arthur,35,55,12
arthur,21,82,0
arthur,18,0,0
arthur,95,8,0
arthur,41,37,17
arthur,59,82,0
arthur,85,0,0
arthur,2,28,0
arthur,71,88,0
arthur,96,65,18
arthur,73,36,0
arthur,72,35,23
arthur,38,8,0
arthur,50,68,0
arthur,84,64,0
arthur,7,0,0
arthur,98,50,0
arthur,23,46,0
arthur,22,0,0
arthur,67,0,0
arthur,55,27,0
arthur,44,0,0
arthur,68,0,0
arthur,26,0,0
arthur,34,56,0
arthur,33,0,0
arthur,93,10,10
arthur,1,20,1
arthur,50,19,0
arthur,52,0,0
arthur,79,96,0
arthur,12,0,0
arthur,4,69,0
arthur,43,49,0
arthur,37,82,0
arthur,70,11,3
arthur,85,0,0
arthur,79,49,0
arthur,91,0,0
arthur,68,0,0
arthur,23,38,0
arthur,95,68,43
arthur,100,25,0
arthur,6,10,0
arthur,80,64,52
arthur,71,77,56
arthur,97,0,0
arthur,92,35,12
arthur,70,75,0
arthur,47,15,11
arthur,80,17,7
arthur,17,0,0
arthur,93,39,7
arthur,44,58,34
arthur,78,2,2
arthur,26,77,1
arthur,48,36,8
arthur,49,90,12
arthur,88,12,0
arthur,22,0,0
arthur,57,88,36
arthur,9,0,0
arthur,64,69,57
arthur,80,0,0
arthur,10,19,0
arthur,41,0,0
arthur,89,17,0
arthur,54,38,0
arthur,3,13,0
arthur,95,92,0
arthur,56,17,0
arthur,47,37,0
arthur,84,0,0
arthur,74,93,0
arthur,38,0,0
arthur,75,20,0
arthur,65,7,0
arthur,2,83,0
arthur,10,61,0
arthur,87,97,0
arthur,88,7,0
arthur,58,33,0
arthur,83,62,0
arthur,100,24,24
arthur,88,0,0
arthur,73,99,0
arthur,100,0,0
arthur,13,0,0
arthur,13,46,0
arthur,26,62,0
arthur,74,42,26
arthur,56,13,6
arthur,87,49,9
arthur,92,60,0
arthur,93,0,0
arthur,85,20,5
arthur,56,62,0
arthur,12,39,0
arthur,46,28,1
arthur,83,4,0
arthur,95,0,0
arthur,32,50,0
arthur,53,0,0
arthur,42,0,0
arthur,86,37,0
arthur,26,75,0
arthur,1,100,0
arthur,35,6,0
arthur,94,0,0
arthur,37,0,0
arthur,29,81,22
arthur,5,99,4
arthur,72,0,0
arthur,11,98,0
arthur,74,95,24
arthur,98,34,18
arthur,57,22,0
arthur,30,0,0
arthur,34,0,0
arthur,56,44,0
arthur,77,0,0
arthur,27,61,0
arthur,45,52,16
arthur,38,0,0
arthur,56,92,48
arthur,31,64,0
arthur,39,91,13
arthur,41,0,0
arthur,78,0,0
arthur,38,17,0
arthur,82,67,0
arthur,92,63,0
arthur,70,49,24
arthur,27,0,0
arthur,37,7,5
arthur,78,53,7
arthur,26,60,0
arthur,99,95,0
arthur,28,57,0
arthur,83,34,15
arthur,31,88,26
arthur,90,89,87
arthur,50,79,0
arthur,84,0,0
arthur,11,37,0
arthur,34,0,0
arthur,80,0,0
arthur,29,0,0
arthur,83,0,0
arthur,3,78,3
arthur,94,15,2
arthur,70,85,0
arthur,80,0,0
arthur,85,0,0
arthur,20,0,0
arthur,55,0,0
arthur,32,8,0
arthur,57,46,31
arthur,78,59,7
arthur,56,0,0
arthur,36,80,14
arthur,73,0,0
arthur,3,0,0
arthur,70,90,33
arthur,100,33,0
arthur,84,0,0
arthur,80,49,17
arthur,6,54,0
arthur,30,0,0
arthur,52,94,22
arthur,41,0,0
arthur,46,88,0
arthur,70,0,0
arthur,14,89,3
arthur,62,61,0
arthur,53,0,0
arthur,26,85,0
arthur,89,0,0
arthur,43,0,0
arthur,89,3,0
arthur,53,0,0
arthur,79,81,0
arthur,65,70,0
arthur,84,32,0
arthur,40,35,25
arthur,2,0,0
arthur,9,20,0
arthur,100,0,0
arthur,27,18,0
arthur,32,0,0
arthur,68,56,3
arthur,62,48,27
arthur,50,70,8
arthur,6,70,0
arthur,15,60,0
arthur,2,0,0
arthur,50,49,4
arthur,44,92,0
arthur,72,24,0
arthur,75,24,21
arthur,24,0,0
arthur,94,0,0
arthur,51,52,0
arthur,46,0,0
arthur,40,0,0
arthur,30,42,7
arthur,11,86,3
arthur,39,0,0
arthur,64,58,21
arthur,68,0,0
arthur,62,0,0
arthur,81,0,0
arthur,39,0,0
arthur,62,37,0
arthur,47,91,0
arthur,4,4,0
arthur,3,0,0
arthur,17,0,0
arthur,20,50,6
arthur,31,21,0
arthur,94,7,5
arthur,84,0,0
arthur,48,37,0
arthur,84,0,0
arthur,84,0,0
arthur,36,0,0
arthur,28,0,0
arthur,79,0,0
arthur,1,0,0
arthur,30,57,0
arthur,12,18,2
arthur,63,94,0
arthur,82,0,0
arthur,53,83,2
arthur,64,40,0
arthur,31,0,0
arthur,47,16,0
arthur,100,0,0
arthur,69,0,0
arthur,16,72,0
arthur,59,17,5
arthur,39,98,3
arthur,49,18,0
arthur,24,53,0
arthur,98,47,44
arthur,52,0,0
arthur,56,66,55
arthur,64,15,0
arthur,83,60,27
arthur,50,57,43
arthur,72,63,0
arthur,10,0,0
arthur,67,50,0
arthur,98,17,9
arthur,24,40,0
arthur,61,12,7
arthur,93,98,57
arthur,99,55,12
arthur,25,65,0
arthur,99,71,0
arthur,98,82,0
arthur,90,55,33
arthur,84,36,20
arthur,16,0,0
arthur,32,0,0
arthur,72,90,0
arthur,52,0,0
arthur,56,9,7
arthur,17,66,0
arthur,88,15,8
arthur,17,0,0
arthur,37,43,14
arthur,97,0,0
arthur,54,69,13
arthur,16,43,0
arthur,77,57,17
arthur,97,0,0
arthur,49,70,0
arthur,14,0,0
arthur,13,23,12
arthur,43,0,0
arthur,48,0,0
arthur,41,49,0
arthur,70,73,0
arthur,48,98,41
arthur,10,62,4
arthur,21,98,0
arthur,1,0,0
arthur,57,99,54
arthur,44,67,0
arthur,36,0,0
arthur,33,16,0
arthur,21,9,0
arthur,53,1,0
arthur,39,0,0
arthur,29,0,0
arthur,73,0,0
arthur,44,0,0
arthur,28,85,3
arthur,89,0,0
arthur,100,8,0
arthur,56,95,0
arthur,70,0,0
arthur,22,47,19
arthur,29,18,0
arthur,75,0,0
arthur,86,56,0
arthur,26,7,0
arthur,90,84,0
arthur,82,34,7
arthur,91,96,0
arthur,91,48,0
arthur,12,97,0
arthur,74,0,0
arthur,16,39,0
arthur,39,47,0
arthur,78,20,0
arthur,87,73,2
arthur,49,0,0
arthur,53,0,0
arthur,43,0,0
arthur,92,61,60
arthur,95,0,0
arthur,17,79,10
arthur,83,0,0
arthur,58,0,0
arthur,6,0,0
arthur,89,8,0
arthur,8,35,7
arthur,66,17,0
arthur,52,29,0
arthur,71,19,7
arthur,74,39,33
arthur,53,0,0
arthur,87,58,54
arthur,99,27,9
arthur,59,49,0
arthur,76,99,0
arthur,94,44,0
arthur,80,21,10
arthur,3,5,0
arthur,55,82,0
arthur,98,34,14
arthur,16,30,0
arthur,30,48,27
arthur,92,36,0
arthur,9,0,0
arthur,42,6,1
arthur,49,7,0
arthur,91,0,0
arthur,92,45,17
arthur,20,0,0
arthur,55,83,37
arthur,94,58,0
arthur,45,0,0
arthur,55,0,0
arthur,75,88,0
arthur,67,3,3
arthur,13,0,0
arthur,86,15,9
arthur,27,0,0
arthur,38,80,20
arthur,88,65,0
arthur,4,0,0
arthur,83,67,24
arthur,39,8,0
arthur,66,81,0
arthur,28,0,0
arthur,59,55,0
arthur,67,0,0
arthur,94,61,0
arthur,20,0,0
arthur,11,92,0
arthur,10,62,0
arthur,8,0,0
arthur,73,32,32
arthur,17,0,0
arthur,35,96,24
arthur,14,0,0
arthur,13,93,0
arthur,29,65,0
arthur,45,31,0
arthur,65,69,0
arthur,58,26,6
arthur,89,16,0
arthur,64,0,0
arthur,62,16,8
arthur,4,0,0
arthur,71,8,0
arthur,97,64,0
arthur,22,0,0
arthur,41,0,0
arthur,19,5,5
arthur,61,0,0
arthur,16,8,5
arthur,60,0,0
arthur,18,46,0
arthur,83,92,76
arthur,66,44,26
arthur,33,28,0
arthur,51,30,0
arthur,50,0,0
arthur,88,60,0
arthur,15,28,14
arthur,22,93,0
arthur,44,0,0
arthur,29,0,0
arthur,24,50,21
arthur,12,0,0
arthur,65,0,0
arthur,37,35,0
arthur,55,0,0
arthur,58,88,4
arthur,25,72,0
arthur,89,25,21
arthur,96,0,0
arthur,3,7,0
arthur,80,0,0
arthur,98,0,0
arthur,98,81,0
arthur,20,28,8
arthur,75,0,0
arthur,19,15,5
arthur,56,0,0
arthur,29,0,0
arthur,73,0,0
arthur,50,40,29
arthur,61,0,0
arthur,47,61,24
arthur,88,0,0
arthur,62,31,0
arthur,35,0,0
arthur,6,45,3
arthur,50,91,29
arthur,98,75,0
arthur,78,31,0
arthur,31,0,0
arthur,100,27,0
arthur,75,0,0
arthur,77,37,0
arthur,75,0,0
arthur,94,62,0
arthur,13,74,0
arthur,62,88,0
arthur,97,0,0
arthur,64,6,0
arthur,83,0,0
arthur,42,76,0
arthur,29,71,0
arthur,87,38,0
arthur,63,0,0
arthur,6,0,0
arthur,36,0,0
arthur,38,20,16
arthur,40,14,0
arthur,26,7,1
arthur,6,49,0
arthur,38,57,19
arthur,67,17,7
arthur,31,63,24
arthur,29,31,0
arthur,51,19,0
arthur,71,0,0
arthur,58,88,0
arthur,12,40,3
arthur,30,30,0
arthur,25,9,0
arthur,88,31,0
arthur,36,68,0
arthur,16,62,4
arthur,91,3,0
arthur,49,0,0
arthur,10,77,3
arthur,17,59,10
arthur,93,97,0
arthur,60,71,0
arthur,76,58,23
arthur,16,33,6
arthur,9,0,0
arthur,61,48,0
arthur,29,17,11
arthur,78,68,0
arthur,82,51,0
arthur,68,69,0
arthur,65,4,4
arthur,30,0,0
arthur,51,0,0
arthur,49,0,0
arthur,31,81,0
arthur,66,18,5
arthur,86,0,0
arthur,35,86,0
arthur,76,0,0
arthur,20,24,0
arthur,4,47,0
arthur,24,58,11
arthur,13,5,3
arthur,56,98,55
arthur,69,1,0
arthur,56,3,1
arthur,46,90,0
arthur,14,0,0
arthur,57,0,0
arthur,95,0,0
arthur,16,0,0
arthur,92,0,0
arthur,54,19,0
arthur,61,2,1
arthur,95,46,0
arthur,70,79,0
arthur,62,49,20
arthur,78,0,0
arthur,40,81,5
arthur,98,24,21
arthur,49,75,3
arthur,30,10,0
arthur,96,0,0
arthur,12,41,5
arthur,65,53,47
arthur,67,0,0
arthur,30,55,24
arthur,22,69,13
arthur,55,22,2
arthur,58,89,49
arthur,59,53,0
arthur,67,0,0
arthur,99,64,50
arthur,36,42,0
arthur,61,20,15
arthur,93,0,0
arthur,75,0,0
arthur,66,0,0
arthur,11,0,0
arthur,56,0,0
arthur,80,64,9
arthur,93,0,0
arthur,95,0,0
arthur,63,27,2
arthur,96,28,0
arthur,8,67,1
arthur,53,32,0
arthur,85,86,0
arthur,45,11,9
arthur,69,10,7
arthur,3,52,2
arthur,18,48,1
arthur,82,55,0
arthur,90,2,0
arthur,13,1,1
arthur,62,41,41
arthur,44,45,0
arthur,14,57,8
arthur,57,0,0
arthur,93,80,0
arthur,36,24,0
arthur,58,58,44
arthur,85,31,0
arthur,16,45,0
arthur,35,62,0
arthur,76,5,3
arthur,59,31,0
arthur,4,2,0
arthur,35,59,0
arthur,73,51,6
arthur,52,0,0
arthur,93,0,0
arthur,100,91,0
arthur,75,86,0
arthur,2,0,0
arthur,21,90,17
arthur,13,0,0
arthur,85,43,0
arthur,31,0,0
arthur,78,46,0
arthur,10,0,0
arthur,32,1,0
arthur,76,0,0
arthur,44,0,0
arthur,15,46,0
arthur,60,2,2
arthur,20,86,3
arthur,90,24,0
arthur,64,0,0
arthur,66,19,2
arthur,27,0,0
arthur,91,50,0
arthur,16,98,0
arthur,66,0,0
arthur,92,83,0
arthur,93,35,0
arthur,44,6,0
arthur,32,78,0
arthur,100,63,0
arthur,6,26,3
arthur,22,0,0
arthur,78,61,0
arthur,99,0,0
arthur,5,88,1
arthur,13,52,2
arthur,18,0,0
arthur,55,0,0
arthur,23,0,0
arthur,55,82,0
arthur,40,27,2
arthur,27,0,0
arthur,23,17,5
arthur,24,0,0
arthur,71,52,0
arthur,98,56,2
arthur,62,0,0
arthur,33,55,0
arthur,24,70,11
arthur,1,25,0
arthur,57,58,28
arthur,27,0,0
arthur,48,0,0
arthur,53,0,0
arthur,34,0,0
arthur,89,84,0
arthur,27,48,17
arthur,61,81,4
arthur,19,0,0
arthur,54,19,2
arthur,32,0,0
arthur,16,0,0
arthur,89,51,0
arthur,27,26,0
arthur,78,36,0
arthur,85,0,0
arthur,2,0,0
arthur,76,0,0
arthur,97,7,0
arthur,98,47,27
arthur,74,78,0
arthur,6,33,2
arthur,36,0,0
arthur,74,0,0
arthur,66,92,9
arthur,9,0,0
arthur,99,63,0
arthur,49,0,0
arthur,65,0,0
arthur,51,0,0
arthur,43,0,0
arthur,27,55,8
arthur,85,67,0
arthur,44,59,14
arthur,73,0,0
arthur,89,39,0
arthur,93,11,10
arthur,64,87,36
arthur,94,41,0
arthur,52,0,0
arthur,99,22,17
arthur,63,21,0
arthur,54,0,0
arthur,66,0,0
arthur,64,57,0
arthur,87,0,0
arthur,83,93,4
arthur,56,82,4
arthur,34,0,0
arthur,83,20,16
arthur,63,0,0
arthur,68,91,0
arthur,96,69,0
arthur,53,3,1
arthur,40,46,0
arthur,71,58,0
arthur,80,48,0
arthur,84,64,0
arthur,43,22,0
arthur,14,87,4
arthur,6,3,0
arthur,13,0,0
arthur,41,0,0
arthur,82,65,0
arthur,89,3,0
arthur,1,23,0
arthur,57,51,0
arthur,28,60,11
arthur,92,43,43
arthur,93,40,33
arthur,63,23,0
arthur,33,0,0
arthur,65,23,21
arthur,43,60,17
arthur,46,93,24
arthur,13,27,3
arthur,65,12,0
arthur,6,12,0
arthur,10,0,0
arthur,5,70,0
arthur,95,45,0
arthur,87,15,0
arthur,36,0,0
arthur,66,45,0
arthur,18,0,0
arthur,3,0,0
arthur,4,0,0
arthur,34,0,0
arthur,16,8,0
arthur,39,48,5
arthur,94,0,0
arthur,27,25,11
arthur,20,50,0
arthur,47,69,3
arthur,11,91,7
arthur,83,98,65
arthur,97,62,0
arthur,92,42,27
arthur,2,91,2
arthur,53,0,0
arthur,3,40,0
arthur,42,96,0
arthur,15,0,0
arthur,75,2,0
arthur,97,69,0
arthur,26,75,19
arthur,77,52,0
arthur,53,0,0
arthur,15,43,4
arthur,11,17,1
arthur,53,0,0
arthur,39,61,21
arthur,44,96,34
arthur,40,0,0
arthur,12,100,8
arthur,58,60,0
arthur,48,77,45
arthur,69,16,12
arthur,64,0,0
arthur,86,0,0
arthur,71,69,38
arthur,78,45,13
arthur,12,35,0
arthur,48,84,0
arthur,75,4,4
arthur,71,87,0
arthur,86,40,6
arthur,83,87,30
arthur,69,75,0
arthur,95,0,0
arthur,69,0,0
arthur,67,33,0
arthur,88,88,0
arthur,37,47,18
arthur,21,7,0
arthur,91,7,0
arthur,14,2,0
arthur,42,0,0
arthur,35,61,29
arthur,33,0,0
arthur,13,43,0
arthur,25,0,0
arthur,69,14,0
arthur,13,0,0
arthur,32,0,0
arthur,93,2,2
arthur,40,65,0
arthur,26,0,0
arthur,99,74,50
arthur,59,100,38
arthur,72,24,0
arthur,92,0,0
arthur,94,62,0
arthur,14,0,0
arthur,91,38,0
arthur,56,99,0
arthur,44,58,0
arthur,81,0,0
arthur,21,27,0
arthur,52,0,0
arthur,90,85,0
arthur,7,76,0
arthur,35,25,0
arthur,28,92,0
arthur,34,20,10
arthur,43,14,5
arthur,67,24,3
arthur,72,13,9
arthur,96,0,0
arthur,28,40,13
arthur,85,0,0
arthur,11,0,0
arthur,28,0,0
arthur,20,94,0
arthur,16,99,14
arthur,2,22,0
arthur,29,66,0
arthur,84,95,16
arthur,38,0,0
arthur,88,11,0
arthur,4,82,1
arthur,59,0,0
arthur,83,16,14
arthur,28,4,2
arthur,79,65,0
arthur,49,94,0
arthur,82,40,26
arthur,61,84,26
arthur,90,0,0
arthur,95,22,12
arthur,1,0,0
arthur,79,0,0
arthur,28,67,4
arthur,87,59,15
arthur,41,23,15
arthur,2,5,0
arthur,43,36,0
arthur,40,5,5
arthur,38,62,0
arthur,68,71,0
arthur,93,54,46
arthur,22,0,0
arthur,29,54,0
arthur,21,0,0
arthur,50,48,0
arthur,59,87,37
arthur,81,0,0
arthur,29,3,0
arthur,48,60,0
arthur,12,5,2
arthur,24,0,0
arthur,94,0,0
arthur,7,22,0
arthur,8,59,6
arthur,99,0,0
arthur,15,0,0
arthur,44,70,3
arthur,67,81,0
arthur,65,38,20
arthur,91,33,0
arthur,34,0,0
arthur,37,80,0
arthur,69,82,0
arthur,8,68,0
arthur,62,0,0
arthur,18,0,0
arthur,68,43,0
arthur,88,60,0
arthur,93,86,56
arthur,9,78,7
arthur,18,0,0
arthur,64,0,0
arthur,35,27,22
arthur,9,0,0
arthur,40,32,0
arthur,46,33,0
arthur,5,40,5
arthur,29,90,7
arthur,40,0,0
arthur,37,67,0
arthur,28,0,0
arthur,41,0,0
arthur,89,50,0
arthur,14,58,0
arthur,17,78,0
arthur,8,0,0
arthur,93,12,0
arthur,78,88,0
arthur,47,7,0
arthur,44,0,0
arthur,41,0,0
arthur,24,10,0
arthur,82,49,37
arthur,17,91,1
arthur,48,5,2
arthur,70,92,36
arthur,7,19,0
arthur,33,0,0
arthur,80,76,0
arthur,61,94,0
arthur,20,17,15
arthur,36,17,6
arthur,89,66,0
arthur,93,47,36
arthur,30,0,0
arthur,52,72,0
arthur,49,0,0
arthur,67,0,0
arthur,94,0,0
arthur,72,0,0
arthur,83,99,0
arthur,99,21,19
arthur,76,0,0
arthur,7,95,0
arthur,71,81,0
arthur,4,23,0
arthur,48,20,0
arthur,72,0,0
arthur,51,11,0
arthur,35,85,0
arthur,45,39,0
arthur,73,39,22
arthur,33,14,11
arthur,78,40,25
arthur,34,24,0
arthur,88,47,22
arthur,88,85,0
arthur,39,77,34
arthur,80,38,0
arthur,31,98,0
arthur,43,0,0
arthur,30,0,0
arthur,76,0,0
arthur,5,31,0
arthur,41,19,0
arthur,68,97,19
arthur,86,0,0
arthur,87,39,0
arthur,80,0,0
arthur,7,69,0
arthur,24,38,21
arthur,69,25,0
arthur,94,30,10
arthur,53,70,5
arthur,25,32,20
arthur,22,0,0
arthur,83,42,19
arthur,25,0,0
arthur,78,28,25
arthur,7,44,0
arthur,86,0,0
arthur,24,82,0
arthur,32,14,0
arthur,1,86,0
arthur,7,0,0
arthur,58,81,0
arthur,72,44,0
arthur,99,85,31
arthur,4,70,1
arthur,84,46,0
arthur,51,18,0
arthur,92,0,0
arthur,62,88,0
arthur,84,0,0
arthur,97,25,19
arthur,42,0,0
arthur,35,0,0
arthur,24,84,0
arthur,43,86,15
arthur,31,70,0
arthur,13,59,6
arthur,72,59,0
arthur,44,0,0
arthur,12,0,0
arthur,99,0,0
arthur,8,35,0
arthur,55,0,0
arthur,48,4,0
arthur,72,78,0
arthur,62,24,14
arthur,49,0,0
arthur,41,16,8
arthur,45,0,0
arthur,31,0,0
arthur,22,13,0
arthur,27,80,0
arthur,61,90,18
arthur,99,0,0
arthur,72,61,0
arthur,81,37,17
arthur,22,0,0
arthur,22,0,0
arthur,30,82,25
arthur,94,0,0
arthur,37,32,8
arthur,29,0,0
arthur,81,42,0
arthur,5,6,0
arthur,9,85,0
arthur,33,90,0
arthur,16,63,6
arthur,93,0,0
arthur,21,59,0
arthur,57,0,0
arthur,89,85,0
arthur,34,0,0
arthur,20,45,1
arthur,19,92,0
arthur,71,0,0
arthur,48,50,0
arthur,6,97,0
arthur,72,0,0
arthur,33,80,13
arthur,95,6,0
arthur,84,25,0
arthur,38,83,13
arthur,54,81,42
arthur,49,33,0
arthur,16,70,3
arthur,61,94,0
arthur,16,77,2
arthur,91,82,74
arthur,89,30,18
arthur,34,7,0
arthur,62,42,42
arthur,2,94,0
arthur,87,0,0
arthur,71,0,0
arthur,45,39,31
arthur,55,59,16
arthur,66,42,0
arthur,73,44,17
arthur,36,84,23
arthur,79,61,47
arthur,75,68,0
arthur,17,3,1
arthur,41,32,0
arthur,15,20,8
arthur,76,0,0
arthur,54,8,2
arthur,87,13,0
arthur,11,72,0
arthur,89,73,0
arthur,61,26,0
arthur,84,6,0
arthur,29,80,0
arthur,83,7,3
arthur,53,22,0
arthur,17,18,4
arthur,66,50,0
arthur,34,74,0
arthur,38,56,27
arthur,2,62,0
arthur,74,44,0
arthur,76,66,0
arthur,64,17,0
arthur,87,0,0
arthur,52,8,6
arthur,60,62,26
arthur,15,9,6
arthur,61,0,0
arthur,58,73,0
arthur,53,66,0
arthur,14,42,3
arthur,6,0,0
arthur,29,24,11
arthur,20,0,0
arthur,37,93,0
arthur,23,86,0
arthur,15,83,6
arthur,21,0,0
arthur,39,57,0
arthur,50,95,34
arthur,86,0,0
arthur,7,54,0
arthur,81,35,0
arthur,51,31,0
arthur,51,63,42
arthur,37,69,28
arthur,78,50,0
arthur,86,66,58
arthur,52,65,37
arthur,54,87,0
arthur,11,0,0
arthur,75,0,0
arthur,26,0,0
arthur,99,0,0
arthur,1,0,0
arthur,100,0,0
arthur,97,21,0
arthur,40,7,5
arthur,66,96,0
arthur,29,0,0
arthur,66,0,0
arthur,90,62,32
arthur,56,56,0
arthur,94,0,0
arthur,14,24,0
arthur,61,0,0
arthur,14,0,0
arthur,72,74,2
arthur,93,75,38
arthur,27,78,0
arthur,90,9,0
arthur,47,22,18
arthur,78,18,0
arthur,11,40,0
arthur,86,89,48
arthur,57,55,0
arthur,18,26,0
arthur,93,68,57
arthur,43,67,0
arthur,24,0,0
arthur,30,0,0
arthur,73,0,0
arthur,55,0,0
arthur,99,24,0
arthur,39,57,0
arthur,37,0,0
arthur,48,41,0
arthur,99,11,11
arthur,16,61,0
arthur,51,56,0
arthur,18,64,0
arthur,67,61,0
arthur,92,56,0
arthur,69,0,0
arthur,88,0,0
arthur,88,63,11
arthur,41,10,0
arthur,43,47,43
arthur,77,1,0
arthur,9,0,0
arthur,85,67,0
arthur,76,18,0
arthur,48,91,42
arthur,2,99,0
arthur,14,41,0
arthur,39,29,0
arthur,19,65,0
arthur,29,4,0
arthur,95,0,0
arthur,30,62,0
arthur,41,77,0
arthur,26,35,0
arthur,82,1,0
arthur,37,0,0
arthur,67,9,0
arthur,48,8,3
arthur,57,0,0
arthur,67,1,0
arthur,47,42,25
arthur,26,22,10
arthur,76,68,0
arthur,16,74,3
arthur,40,0,0
arthur,44,25,9
arthur,54,10,0
arthur,75,27,4
arthur,82,52,0
arthur,82,0,0
arthur,91,87,75
arthur,4,81,0
arthur,20,81,0
arthur,89,87,31
arthur,47,2,0
arthur,85,100,52
arthur,65,0,0
arthur,14,95,0
arthur,41,55,24
arthur,12,46,9
arthur,94,67,57
arthur,100,66,19
arthur,78,59,0
arthur,41,87,0
arthur,86,81,75
arthur,68,2,0
arthur,57,0,0
arthur,3,91,3
arthur,57,13,0
arthur,49,86,0
arthur,45,0,0
arthur,91,50,27
arthur,50,0,0
arthur,67,0,0
arthur,14,87,0
arthur,11,0,0
arthur,1,40,0
arthur,100,51,0
arthur,48,98,4
arthur,4,48,0
arthur,59,32,0
arthur,92,0,0
arthur,61,94,5
arthur,72,69,11
arthur,48,20,14
arthur,47,55,27
arthur,79,37,37
arthur,72,55,45
arthur,1,0,0
arthur,100,38,13
arthur,68,39,0
arthur,83,15,0
arthur,54,51,0
arthur,66,86,25
arthur,13,0,0
arthur,43,25,14
arthur,14,0,0
arthur,80,55,14
arthur,1,83,0
arthur,40,0,0
arthur,56,43,0
arthur,99,64,19
arthur,47,98,0
arthur,32,0,0
arthur,26,0,0
arthur,19,0,0
arthur,47,0,0
arthur,8,0,0
arthur,34,0,0
arthur,73,43,24
arthur,64,93,29
arthur,61,87,0
arthur,65,0,0
arthur,94,0,0
arthur,37,18,0
arthur,43,33,0
arthur,8,57,0
arthur,6,0,0
arthur,32,0,0
arthur,79,59,0
arthur,28,9,0
arthur,86,76,19
arthur,25,3,3
arthur,22,0,0
arthur,93,90,0
arthur,64,0,0
arthur,84,94,0
arthur,9,34,3
arthur,42,89,0
arthur,24,90,0
arthur,55,0,0
arthur,81,47,0
arthur,58,72,0
arthur,97,18,0
arthur,11,0,0
arthur,49,70,0
arthur,100,0,0
arthur,23,0,0
arthur,41,86,13
arthur,65,15,0
arthur,16,0,0
arthur,60,100,0
arthur,91,0,0
arthur,66,0,0
arthur,37,0,0
arthur,44,0,0
arthur,23,0,0
arthur,99,82,11
arthur,55,73,0
arthur,4,0,0
arthur,28,85,0
arthur,78,41,2
arthur,24,74,0
arthur,67,86,42
arthur,83,42,0
arthur,12,31,2
arthur,44,25,0
arthur,87,52,18
arthur,7,0,0
arthur,6,84,0
arthur,33,10,0
arthur,67,69,28
arthur,85,4,0
arthur,51,58,0
arthur,20,67,2
arthur,17,28,0
arthur,76,16,0
arthur,49,92,0
arthur,6,23,2
arthur,63,25,12
arthur,39,44,17
arthur,27,91,0
arthur,29,0,0
arthur,80,38,33
arthur,54,0,0
arthur,37,41,3
arthur,91,59,0
arthur,15,0,0
arthur,43,29,0
arthur,78,55,0
arthur,23,68,4
arthur,45,63,2
arthur,9,0,0
arthur,80,27,0
arthur,10,0,0
arthur,19,77,0
arthur,22,15,0
arthur,83,47,41
arthur,58,71,0
arthur,68,90,0
arthur,33,0,0
arthur,61,4,0
arthur,89,17,0
arthur,38,18,0
arthur,36,50,0
arthur,90,10,2
arthur,66,0,0
arthur,48,52,0
arthur,63,0,0
arthur,36,0,0
arthur,7,74,2
arthur,36,35,0
arthur,55,30,0
arthur,72,2,0
arthur,36,21,4
arthur,7,4,0
arthur,58,26,0
arthur,13,0,0
arthur,91,12,5
arthur,50,80,22
arthur,23,97,6
arthur,91,64,0
arthur,98,30,0
arthur,40,47,18
arthur,41,16,0
arthur,34,9,8
arthur,73,31,0
arthur,83,0,0
arthur,14,57,0
arthur,23,30,18
arthur,37,42,0
arthur,80,26,22
arthur,70,0,0
arthur,82,97,0
arthur,93,88,0
arthur,86,59,13
arthur,32,0,0
arthur,85,42,20
arthur,72,0,0
arthur,81,30,0
arthur,83,0,0
arthur,49,0,0
arthur,56,53,19
arthur,61,0,0
arthur,8,90,1
arthur,35,59,0
arthur,98,58,0
arthur,18,0,0
arthur,77,89,0
arthur,15,38,0
arthur,71,59,0
arthur,36,33,10
arthur,29,0,0
arthur,79,37,0
arthur,58,35,0
arthur,24,39,0
arthur,18,0,0
arthur,69,0,0
arthur,10,26,0
arthur,40,21,0
arthur,61,23,0
arthur,98,55,0
arthur,65,0,0
arthur,62,0,0
arthur,39,43,30
arthur,88,69,0
arthur,21,23,0
arthur,67,87,0
arthur,11,0,0
arthur,31,35,24
arthur,33,67,21
arthur,20,82,4
arthur,95,39,0
arthur,5,33,0
arthur,77,0,0
arthur,20,0,0
arthur,45,97,13
arthur,40,31,3
arthur,67,7,0
arthur,8,14,0
arthur,49,0,0
arthur,94,82,67
arthur,1,0,0
arthur,46,64,0
arthur,2,7,0
arthur,99,61,0
arthur,37,47,0
arthur,42,38,0
arthur,69,28,0
arthur,57,75,0
arthur,91,79,34
arthur,65,9,0
arthur,29,33,0
arthur,37,6,0
arthur,5,74,0
arthur,6,76,2
arthur,50,21,0
arthur,51,0,0
arthur,72,57,57
arthur,17,0,0
arthur,61,50,22
arthur,50,0,0
arthur,40,0,0
arthur,15,100,0
arthur,98,0,0
arthur,33,49,29
arthur,8,0,0
arthur,16,0,0
arthur,31,72,14
arthur,16,0,0
arthur,36,0,0
arthur,1,77,0
arthur,88,44,0
arthur,40,44,6
arthur,45,74,0
arthur,95,59,0
arthur,2,47,1
arthur,56,9,0
arthur,2,31,0
arthur,70,70,48
arthur,90,52,0
arthur,77,85,0
arthur,6,85,3
arthur,73,78,0
arthur,69,7,0
arthur,54,33,0
arthur,75,81,0
arthur,65,89,0
arthur,79,36,32
arthur,45,94,25
arthur,79,0,0
arthur,52,33,18
arthur,50,27,19
arthur,58,47,0
arthur,74,12,8
arthur,76,100,45
arthur,60,84,3
arthur,48,37,0
arthur,86,15,0
arthur,47,0,0
arthur,8,0,0
arthur,46,97,0
arthur,3,43,2
arthur,45,99,32
arthur,68,0,0
arthur,80,32,0
arthur,7,22,0
arthur,7,0,0
arthur,77,29,6
arthur,76,75,46
arthur,78,48,0
arthur,10,35,0
arthur,75,23,10
arthur,53,32,0
arthur,96,0,0
arthur,34,50,0
arthur,69,83,6
arthur,14,3,2
arthur,12,0,0
arthur,49,6,0
arthur,23,25,17
arthur,38,89,20
arthur,55,29,0
arthur,94,0,0
arthur,69,42,0
arthur,64,62,28
arthur,42,0,0
arthur,72,0,0
arthur,50,94,0
arthur,6,41,0
arthur,94,0,0
arthur,50,30,27
arthur,34,81,0
arthur,2,62,1
arthur,52,79,0
arthur,92,45,35
arthur,58,0,0
arthur,96,0,0
arthur,53,0,0
arthur,64,30,0
arthur,28,45,0
arthur,2,0,0
arthur,64,0,0
arthur,1,6,0
arthur,91,77,0
arthur,34,61,18
arthur,24,32,1
arthur,44,86,0
arthur,94,63,0
arthur,6,22,0
arthur,86,0,0
arthur,55,77,23
arthur,13,38,0
arthur,97,0,0
arthur,78,82,0
arthur,43,0,0
arthur,75,22,0
arthur,18,46,0
arthur,67,11,0
arthur,30,5,1
arthur,47,9,3
arthur,39,82,4
arthur,17,76,0
arthur,89,0,0
arthur,86,81,17
arthur,77,68,12
arthur,52,0,0
arthur,17,15,0
arthur,78,35,31
arthur,73,67,0
arthur,13,36,0
arthur,75,9,9
arthur,52,41,0
arthur,51,23,0
arthur,61,0,0
arthur,81,59,11
arthur,14,0,0
arthur,35,0,0
arthur,33,0,0
arthur,35,4,0
arthur,47,76,0
arthur,13,0,0
arthur,42,49,0
arthur,31,42,0
arthur,42,0,0
arthur,16,30,11
arthur,92,0,0
arthur,59,56,0
arthur,43,93,0
arthur,90,85,0
arthur,64,0,0
arthur,39,53,19
arthur,7,0,0
arthur,43,0,0
arthur,75,98,0
arthur,52,0,0
arthur,3,34,0
arthur,95,74,21
arthur,37,52,0
arthur,11,63,0
arthur,35,100,0
arthur,64,38,0
arthur,64,58,0
arthur,59,22,0
arthur,55,46,0
arthur,26,41,11
arthur,54,0,0
arthur,85,53,0
arthur,74,38,0
arthur,56,84,55
arthur,66,0,0
arthur,69,70,0
arthur,6,0,0
arthur,20,0,0
arthur,35,16,0
arthur,20,0,0
arthur,15,0,0
arthur,61,0,0
arthur,15,0,0
arthur,97,0,0
arthur,89,14,2
arthur,43,65,0
arthur,24,0,0
arthur,28,85,0
arthur,56,0,0
arthur,11,73,9
arthur,53,55,40
arthur,91,87,0
arthur,20,63,11
arthur,17,52,3
arthur,66,0,0
arthur,64,0,0
arthur,67,0,0
arthur,64,0,0
arthur,67,36,30
arthur,18,0,0
arthur,40,78,0
arthur,86,25,5
arthur,34,0,0
arthur,92,0,0
arthur,39,41,0
arthur,85,0,0
arthur,4,31,0
arthur,82,39,0
arthur,7,78,7
arthur,41,0,0
arthur,39,25,14
arthur,17,9,0
arthur,98,48,17
arthur,61,47,0
arthur,57,0,0
arthur,86,0,0
arthur,93,44,0
arthur,64,0,0
arthur,42,63,0
arthur,7,19,0
arthur,43,91,0
arthur,2,0,0
arthur,94,23,5
arthur,64,0,0
arthur,12,12,0
arthur,63,19,0
arthur,66,77,65
arthur,6,43,0
arthur,19,62,10
arthur,17,66,0
arthur,49,26,0
arthur,60,0,0
arthur,48,92,0
arthur,95,90,85
arthur,45,13,0
arthur,1,0,0
arthur,39,93,0
arthur,44,59,0
arthur,27,7,0
arthur,93,78,0
arthur,54,94,0
arthur,13,0,0
arthur,50,14,0
arthur,23,75,0
arthur,89,46,0
arthur,46,23,2
arthur,69,0,0
arthur,21,24,0
arthur,64,37,0
arthur,81,21,0
arthur,4,50,1
arthur,31,0,0
arthur,47,46,4
arthur,47,0,0
arthur,80,0,0
arthur,95,5,0
arthur,69,49,0
arthur,13,24,0
arthur,28,74,0
arthur,63,88,30
arthur,91,87,0
arthur,14,66,0
arthur,91,6,0
arthur,52,0,0
arthur,6,69,2
arthur,31,0,0
arthur,90,13,0
arthur,83,0,0
arthur,50,84,18
arthur,84,90,0
arthur,25,18,6
arthur,74,0,0
arthur,5,93,5
arthur,41,37,27
arthur,80,89,0
arthur,12,0,0
arthur,24,94,21
arthur,61,0,0
arthur,14,0,0
arthur,3,25,0
arthur,25,55,14
arthur,55,2,0
arthur,95,0,0
arthur,22,33,0
arthur,38,0,0
arthur,55,57,0
arthur,39,0,0
arthur,47,54,0
arthur,24,33,0
arthur,61,5,0
arthur,52,15,0
arthur,13,0,0
arthur,9,28,7
arthur,53,62,0
arthur,25,63,13
arthur,85,0,0
arthur,36,21,0
arthur,76,79,1
arthur,21,47,0
arthur,37,25,0
arthur,49,0,0
arthur,68,34,0
arthur,86,23,0
arthur,10,0,0
arthur,44,0,0
arthur,14,0,0
arthur,2,0,0
arthur,39,0,0
arthur,65,0,0
arthur,54,77,19
arthur,64,90,0
arthur,39,68,0
arthur,67,0,0
arthur,94,0,0
arthur,94,23,0
arthur,18,0,0
arthur,52,0,0
arthur,65,0,0
arthur,15,72,0
arthur,50,37,0
arthur,85,0,0
arthur,54,95,22
arthur,71,0,0
arthur,61,9,0
arthur,98,0,0
arthur,62,6,0
arthur,67,62,0
arthur,49,66,27
arthur,66,0,0
arthur,55,0,0
arthur,95,47,0
arthur,67,52,0
arthur,54,0,0
arthur,22,7,7
arthur,68,0,0
arthur,13,8,8
arthur,12,87,0
arthur,35,45,29
arthur,68,0,0
arthur,4,94,2
arthur,74,0,0
arthur,79,0,0
arthur,49,10,0
arthur,84,32,0
arthur,75,88,0
arthur,61,0,0
arthur,16,50,8
arthur,26,64,0
arthur,49,14,9
arthur,57,72,0
arthur,73,60,0
arthur,68,41,0
arthur,73,0,0
arthur,77,69,25
arthur,50,34,16
arthur,93,55,32
arthur,92,85,59
arthur,10,0,0
arthur,32,0,0
arthur,73,0,0
arthur,63,3,3
arthur,22,0,0
arthur,83,45,41
arthur,51,4,0
arthur,1,46,0
arthur,63,0,0
arthur,25,26,7
arthur,4,0,0
arthur,78,16,0
arthur,34,51,0
arthur,87,70,0
arthur,38,0,0
arthur,97,0,0
arthur,45,17,0
arthur,100,0,0
arthur,41,0,0
arthur,8,100,2
arthur,67,40,0
arthur,57,57,6
arthur,91,0,0
arthur,4,90,0
arthur,88,0,0
arthur,26,87,9
arthur,96,50,0
arthur,46,0,0
arthur,65,85,0
arthur,52,22,0
arthur,3,47,0
arthur,55,67,0
arthur,5,79,0
arthur,10,50,0
arthur,11,69,0
arthur,30,16,14
arthur,54,49,0
arthur,11,28,8
arthur,59,27,4
arthur,69,26,0
arthur,21,66,15
arthur,37,11,11
arthur,1,19,1
arthur,26,1,0
arthur,32,84,32
arthur,83,0,0
arthur,87,58,0
arthur,63,28,0
arthur,77,96,0
arthur,23,93,0
arthur,2,96,0
arthur,76,0,0
arthur,7,38,4
arthur,73,28,0
arthur,99,84,29
arthur,10,0,0
arthur,83,78,0
arthur,45,90,37
arthur,37,45,0
arthur,63,20,19
arthur,10,87,0
arthur,62,25,0
arthur,9,0,0
arthur,70,23,23
arthur,65,49,0
arthur,33,31,0
arthur,100,51,0
arthur,37,86,0
arthur,23,5,1
arthur,21,0,0
arthur,98,0,0
arthur,39,0,0
arthur,74,0,0
arthur,49,0,0
arthur,82,70,64
arthur,95,22,18
arthur,64,0,0
arthur,34,88,17
arthur,87,0,0
arthur,16,0,0
arthur,38,61,15
arthur,42,7,0
arthur,2,86,0
arthur,88,53,0
arthur,99,0,0
arthur,52,12,0
arthur,100,0,0
arthur,62,41,0
arthur,36,0,0
arthur,25,52,0
arthur,19,0,0
arthur,17,81,0
arthur,82,84,0
arthur,38,65,31
arthur,41,0,0
arthur,91,50,0
arthur,65,16,0
arthur,50,79,0
arthur,20,77,0
arthur,9,0,0
arthur,97,13,3
arthur,64,80,61
arthur,39,55,0
arthur,39,18,3
arthur,67,4,0
arthur,80,55,0
arthur,73,0,0
arthur,40,68,34
arthur,55,72,0
arthur,98,35,33
arthur,77,45,0
arthur,86,74,0
arthur,48,0,0
arthur,30,17,0
arthur,80,50,0
arthur,59,0,0
arthur,98,20,0
arthur,32,76,6
arthur,42,77,0
arthur,83,38,5
arthur,91,94,44
arthur,80,0,0
arthur,2,18,2
arthur,62,20,12
arthur,76,93,61
arthur,32,0,0
arthur,38,29,24
arthur,24,11,5
arthur,89,40,8
arthur,41,91,0
arthur,58,27,0
arthur,20,8,5
arthur,97,84,0
arthur,54,93,0
arthur,76,64,0
arthur,39,0,0
arthur,47,38,0
arthur,78,0,0
arthur,87,28,0
arthur,86,96,19
arthur,63,77,0
arthur,74,0,0
arthur,45,63,0
arthur,85,46,0
arthur,83,8,5
arthur,69,87,13
arthur,13,47,0
arthur,72,37,12
arthur,53,0,0
arthur,51,13,9
arthur,20,4,0
arthur,81,0,0
arthur,2,67,2
arthur,27,98,0
arthur,50,9,0
arthur,12,78,8
arthur,73,0,0
arthur,45,20,0
arthur,79,41,12
arthur,100,0,0
arthur,73,9,0
arthur,79,29,0
arthur,73,0,0
arthur,40,54,37
arthur,73,0,0
arthur,97,30,0
arthur,95,0,0
arthur,64,0,0
arthur,44,73,0
arthur,78,0,0
arthur,100,0,0
arthur,83,17,0
arthur,49,0,0
arthur,13,0,0
arthur,29,15,0
arthur,86,75,0
arthur,45,28,0
arthur,33,95,23
arthur,92,0,0
arthur,4,59,0
arthur,75,0,0
arthur,19,0,0
arthur,88,22,13
arthur,44,44,22
arthur,94,67,0
arthur,22,45,18
arthur,25,0,0
arthur,58,15,0
arthur,92,9,0
arthur,26,0,0
arthur,36,0,0
arthur,88,0,0
arthur,37,0,0
arthur,48,37,0
arthur,27,13,0
arthur,38,89,0
arthur,77,0,0
arthur,25,88,0
arthur,7,83,2
arthur,48,0,0
arthur,64,84,6
arthur,25,77,0
arthur,60,25,0
arthur,18,73,0
arthur,92,57,0
arthur,64,47,0
arthur,98,0,0
arthur,95,0,0
arthur,50,15,0
arthur,46,28,0
arthur,65,71,0
arthur,70,0,0
arthur,86,26,19
arthur,21,0,0
arthur,51,95,0
arthur,78,38,0
arthur,1,9,0
arthur,46,33,28
arthur,76,77,0
arthur,12,0,0
arthur,35,58,0
arthur,10,1,1
arthur,15,73,12
arthur,12,1,0
arthur,22,44,0
arthur,6,0,0
arthur,93,50,50
arthur,69,94,0
arthur,72,63,47
arthur,64,35,0
arthur,50,0,0
arthur,31,46,0
arthur,78,23,0
arthur,86,11,0
arthur,37,37,24
arthur,87,59,0
arthur,35,0,0
arthur,64,0,0
arthur,21,14,1
arthur,4,87,4
arthur,35,48,0
arthur,73,17,8
arthur,94,48,0
arthur,21,95,0
arthur,62,55,0
arthur,42,0,0
arthur,60,3,0
arthur,79,89,57
arthur,39,14,0
arthur,79,99,70
arthur,1,75,0
arthur,90,68,0
arthur,22,83,19
arthur,47,25,18
arthur,68,47,36
arthur,68,67,4
arthur,93,17,16
arthur,21,29,9
arthur,85,24,0
arthur,16,89,0
arthur,57,51,22
arthur,78,91,68
arthur,91,14,0
arthur,70,18,0
arthur,55,0,0
arthur,7,0,0
arthur,20,0,0
arthur,12,13,0
arthur,5,90,0
arthur,14,0,0
arthur,22,79,0
arthur,80,85,0
arthur,53,0,0
arthur,22,60,0
arthur,58,60,48
arthur,14,0,0
arthur,53,46,16
arthur,49,39,27
arthur,83,0,0
arthur,73,71,38
arthur,28,80,21
arthur,45,63,0
arthur,54,51,0
arthur,70,86,44
arthur,6,86,0
arthur,40,41,0
arthur,100,29,13
arthur,34,89,0
arthur,78,0,0
arthur,43,99,12
arthur,40,55,0
arthur,36,25,2
arthur,41,66,0
arthur,25,69,0
arthur,10,68,0
arthur,37,13,0
arthur,32,28,3
arthur,98,0,0
arthur,31,75,0
arthur,92,44,0
arthur,73,83,0
arthur,29,0,0
arthur,20,19,0
arthur,82,11,0
arthur,11,0,0
arthur,44,100,0
arthur,8,28,1
arthur,49,15,0
arthur,74,53,0
arthur,10,90,4
arthur,99,82,0
arthur,60,59,36
arthur,3,22,0
arthur,25,31,0
arthur,61,22,0
arthur,10,49,0
arthur,97,64,0
arthur,15,37,0
arthur,99,0,0
arthur,79,27,0
arthur,19,17,11
arthur,83,2,0
arthur,10,0,0
arthur,35,67,19
arthur,16,34,0
arthur,60,73,0
arthur,52,0,0
arthur,4,0,0
arthur,59,59,7
arthur,42,12,0
arthur,32,0,0
arthur,44,68,0
arthur,66,0,0
arthur,89,0,0
arthur,3,48,1
arthur,64,50,18
arthur,43,55,19
arthur,72,34,29
arthur,27,0,0
arthur,46,83,0
arthur,92,73,0
arthur,80,37,11
arthur,56,36,23
arthur,91,0,0
arthur,89,52,0
arthur,99,90,69
arthur,34,11,7
arthur,49,0,0
arthur,21,33,14
arthur,71,0,0
arthur,29,34,4
arthur,38,90,27
arthur,33,0,0
arthur,35,58,13
arthur,100,70,65
arthur,62,89,0
arthur,54,52,0
arthur,41,26,6
arthur,5,0,0
arthur,1,58,1
arthur,17,35,0
arthur,28,16,0
arthur,32,58,11
arthur,9,95,5
arthur,35,14,1
arthur,82,0,0
arthur,47,50,26
arthur,72,90,71
arthur,95,36,35
arthur,76,0,0
arthur,54,0,0
arthur,58,1,1
arthur,95,48,0
arthur,61,0,0
arthur,38,70,20
arthur,50,83,0
arthur,58,0,0
arthur,95,23,0
arthur,13,50,0
arthur,91,0,0
arthur,94,51,4
arthur,38,0,0
arthur,28,88,17
arthur,27,61,0
arthur,37,0,0
arthur,87,11,0
arthur,77,59,0
arthur,27,81,25
arthur,42,45,0
arthur,48,2,2
arthur,88,42,40
arthur,27,12,7
arthur,54,52,49
arthur,75,32,21
arthur,9,28,0
arthur,13,88,4
arthur,76,48,0
arthur,41,71,0
arthur,7,19,0
arthur,27,27,27
arthur,92,10,7
arthur,78,84,0
arthur,91,79,12
arthur,79,10,0
arthur,20,0,0
arthur,71,84,34
arthur,34,21,0
arthur,81,0,0
arthur,39,0,0
arthur,3,95,0
arthur,67,0,0
arthur,39,0,0
arthur,86,47,0
arthur,73,0,0
arthur,15,12,0
arthur,32,30,10
arthur,100,90,54
arthur,94,0,0
arthur,29,0,0
arthur,29,0,0
arthur,36,92,1
arthur,90,34,0
arthur,32,45,0
arthur,63,49,0
arthur,37,0,0
arthur,27,89,7
arthur,54,29,0
arthur,34,23,0
arthur,63,86,16
arthur,63,95,0
arthur,90,0,0
arthur,62,46,0
arthur,93,51,34
arthur,16,51,12
arthur,38,79,24
arthur,21,0,0
arthur,21,15,0
arthur,68,0,0
arthur,47,86,0
arthur,42,0,0
arthur,38,40,0
arthur,99,22,16
arthur,41,67,0
arthur,69,94,0
arthur,60,10,0
arthur,39,86,0
arthur,41,0,0
arthur,64,0,0
arthur,72,46,7
arthur,12,33,9
arthur,25,8,2
arthur,53,83,45
arthur,6,60,0
arthur,7,0,0
arthur,56,46,0
arthur,17,0,0
arthur,75,26,0
arthur,31,84,0
arthur,13,8,0
arthur,88,0,0
arthur,88,70,0
arthur,64,0,0
arthur,14,91,6
arthur,12,67,9
arthur,49,0,0
arthur,81,18,0
arthur,68,0,0
arthur,67,67,0
arthur,73,76,0
arthur,39,0,0
arthur,50,28,0
arthur,16,87,0
arthur,31,59,0
arthur,98,44,0
arthur,70,67,57
arthur,28,0,0
arthur,66,0,0
arthur,3,71,0
arthur,54,0,0
arthur,78,67,51
arthur,13,79,7
arthur,6,0,0
arthur,18,0,0
arthur,79,0,0
arthur,46,76,0
arthur,20,50,0
arthur,41,92,0
arthur,49,1,0
arthur,7,12,6
arthur,74,0,0
arthur,91,95,0
arthur,6,37,0
arthur,99,53,0
arthur,14,51,0
arthur,32,6,5
arthur,58,52,0
arthur,50,74,0
arthur,3,84,0
arthur,33,53,23
arthur,75,0,0
arthur,20,85,0
arthur,41,57,0
arthur,50,33,21
arthur,71,0,0
arthur,50,39,20
arthur,74,69,35
arthur,64,5,0
arthur,75,0,0
arthur,28,83,0
arthur,31,99,0
arthur,95,71,65
arthur,17,0,0
arthur,34,86,0
arthur,77,58,11
arthur,78,38,0
arthur,59,0,0
arthur,41,63,0
arthur,36,74,0
arthur,85,63,0
arthur,4,45,0
arthur,34,64,0
arthur,33,57,6
arthur,2,0,0
arthur,93,0,0
arthur,23,67,0
arthur,28,58,0
arthur,58,74,0
arthur,78,35,19
arthur,89,1,1
arthur,83,67,8
arthur,99,0,0
arthur,22,88,0
arthur,39,84,20
arthur,79,9,4
arthur,14,86,11
arthur,29,0,0
arthur,70,11,2
arthur,84,0,0
arthur,55,69,33
arthur,68,29,0
arthur,44,0,0
arthur,27,44,0
arthur,11,8,0
arthur,34,0,0
arthur,7,87,0
arthur,50,11,0
arthur,67,57,2
arthur,51,0,0
arthur,11,6,0
arthur,74,14,0
arthur,27,0,0
arthur,88,64,41
arthur,40,0,0
arthur,97,69,0
arthur,54,29,12
arthur,35,77,13
arthur,14,14,0
arthur,4,49,2
arthur,86,36,0
arthur,99,54,0
arthur,18,2,0
arthur,75,0,0
arthur,90,62,0
arthur,14,83,0
arthur,50,53,0
arthur,96,21,0
arthur,59,36,0
arthur,70,73,0
arthur,10,22,0
arthur,51,8,1
arthur,42,0,0
arthur,98,47,4
arthur,92,97,0
arthur,10,0,0
arthur,46,40,0
arthur,6,2,0
arthur,68,54,16
arthur,23,89,0
arthur,82,2,0
arthur,85,0,0
arthur,51,0,0
arthur,17,99,5
arthur,4,0,0
arthur,29,23,17
arthur,84,13,0
arthur,94,0,0
arthur,66,67,56
arthur,58,0,0
arthur,45,83,0
arthur,70,59,0
arthur,19,66,4
arthur,19,0,0
arthur,21,33,0
arthur,28,28,0
arthur,39,54,33
arthur,65,56,0
arthur,63,21,0
arthur,18,0,0
arthur,13,87,0
arthur,19,18,0
arthur,65,61,0
arthur,56,54,0
arthur,30,28,15
arthur,22,24,0
arthur,63,78,0
arthur,55,14,14
arthur,94,0,0
arthur,1,0,0
arthur,93,71,0
arthur,67,0,0
arthur,7,0,0
arthur,25,78,6
arthur,65,0,0
arthur,85,0,0
arthur,93,51,0
arthur,96,7,6
arthur,82,11,3
arthur,24,0,0
arthur,77,15,0
arthur,22,3,0
arthur,7,0,0
arthur,64,0,0
arthur,90,0,0
arthur,22,0,0
arthur,62,25,6
arthur,15,80,11
arthur,82,95,28
arthur,3,93,2
arthur,84,62,0
arthur,52,69,0
arthur,91,81,0
arthur,36,0,0
arthur,51,30,20
arthur,80,37,0
arthur,60,74,0
arthur,95,0,0
arthur,10,13,2
arthur,42,92,0
arthur,62,92,10
arthur,84,64,0
arthur,58,42,40
arthur,68,14,4
arthur,100,53,0
arthur,77,66,0
arthur,61,0,0
arthur,15,0,0
arthur,1,0,0
arthur,78,41,0
arthur,87,16,15
arthur,39,60,0
arthur,13,0,0
arthur,57,79,29
arthur,60,0,0
arthur,14,52,0
arthur,35,80,0
arthur,54,0,0
arthur,13,0,0
arthur,85,57,53
arthur,1,46,0
arthur,33,61,0
arthur,51,0,0
arthur,87,99,0
arthur,52,43,26
arthur,1,0,0
arthur,59,72,15
arthur,6,0,0
arthur,51,0,0
arthur,76,99,36
arthur,10,5,2
arthur,1,0,0
arthur,50,35,0
arthur,17,49,14
arthur,68,95,0
arthur,76,47,18
arthur,30,88,0
arthur,41,57,35
arthur,53,38,28
arthur,79,38,0
arthur,9,39,5
arthur,63,4,0
arthur,53,59,0
arthur,94,25,0
arthur,22,42,0
arthur,33,63,0
arthur,77,42,39
arthur,60,23,0
arthur,95,88,55
arthur,76,54,0
arthur,27,83,18
arthur,11,22,10
arthur,73,98,0
arthur,73,10,0
arthur,10,94,1
arthur,98,0,0
arthur,96,66,20
arthur,39,37,37
arthur,22,0,0
arthur,5,12,0
arthur,41,81,26
arthur,32,0,0
arthur,17,96,15
arthur,66,0,0
arthur,11,44,0
arthur,46,79,29
arthur,47,81,0
arthur,1,39,1
arthur,49,45,43
arthur,92,0,0
arthur,64,34,1
arthur,55,22,0
arthur,26,0,0
arthur,55,0,0
arthur,82,72,0
arthur,20,0,0
arthur,19,54,0
arthur,50,56,0
arthur,48,11,0
arthur,55,68,37
arthur,40,84,0
arthur,19,11,0
arthur,56,0,0
arthur,96,22,21
arthur,20,35,0
arthur,23,58,22
arthur,62,21,0
arthur,8,59,0
arthur,66,80,39
arthur,100,0,0
arthur,23,59,20
arthur,81,81,79
arthur,21,88,0
arthur,100,0,0
arthur,94,22,0
arthur,73,95,0
arthur,66,48,33
arthur,86,49,0
arthur,46,38,0
arthur,11,0,0
arthur,10,5,0
arthur,34,79,0
arthur,4,42,0
arthur,77,66,0
arthur,66,0,0
arthur,8,14,0
arthur,48,0,0
arthur,87,75,47
arthur,56,34,0
arthur,15,50,0
arthur,24,86,0
arthur,65,0,0
arthur,12,0,0
arthur,76,0,0
arthur,53,69,0
arthur,93,49,31
arthur,5,0,0
arthur,6,0,0
arthur,4,0,0
arthur,6,0,0
arthur,40,0,0
arthur,77,84,0
arthur,85,24,0
arthur,81,0,0
arthur,95,0,0
arthur,82,0,0
arthur,16,0,0
arthur,24,14,0
arthur,73,0,0
arthur,89,15,10
arthur,100,37,0
arthur,13,65,4
arthur,14,67,2
arthur,44,18,0
arthur,12,99,0
arthur,23,100,0
arthur,33,93,23
arthur,88,42,12
arthur,89,3,1
arthur,92,37,0
arthur,38,39,1
arthur,64,25,0
arthur,61,89,0
arthur,52,37,0
arthur,67,10,0
arthur,40,0,0
arthur,37,75,0
arthur,6,60,0
arthur,44,16,0
arthur,45,65,0
arthur,69,0,0
arthur,4,25,1
arthur,48,65,20
arthur,13,86,0
arthur,100,39,0
arthur,20,0,0
arthur,62,36,0
arthur,41,33,0
arthur,19,0,0
arthur,12,7,0
arthur,41,86,0
arthur,47,3,0
arthur,98,0,0
arthur,75,85,0
arthur,58,0,0
arthur,93,44,0
arthur,96,33,3
arthur,15,0,0
arthur,82,7,0
arthur,14,24,13
arthur,21,98,0
arthur,24,87,23
arthur,71,0,0
arthur,38,91,0
arthur,69,0,0
arthur,83,0,0
arthur,94,38,0
arthur,17,0,0
arthur,42,56,37
arthur,65,34,31
arthur,29,0,0
arthur,27,66,0
arthur,88,22,18
arthur,87,12,0
arthur,8,0,0
arthur,56,95,0
arthur,63,59,0
arthur,9,100,7
arthur,22,17,0
arthur,33,43,0
arthur,96,0,0
arthur,18,19,2
arthur,58,72,14
arthur,55,74,0
arthur,38,0,0
arthur,67,0,0
arthur,14,0,0
arthur,58,77,0
arthur,76,38,0
arthur,95,24,0
arthur,37,0,0
arthur,10,25,6
arthur,95,94,77
arthur,40,53,1
arthur,52,0,0
arthur,92,84,0
arthur,42,26,0
arthur,28,53,22
arthur,31,0,0
arthur,75,0,0
arthur,96,0,0
arthur,5,66,4
arthur,61,0,0
arthur,71,22,7
arthur,48,0,0
arthur,84,66,0
arthur,18,47,6
arthur,26,25,0
arthur,50,76,0
arthur,75,57,0
arthur,45,0,0
arthur,68,0,0
arthur,20,63,0
arthur,66,99,41
arthur,14,31,9
arthur,75,25,1
arthur,6,34,0
arthur,56,59,35
arthur,16,70,0
arthur,54,23,0
arthur,11,22,0
arthur,44,56,0
arthur,96,58,19
arthur,55,0,0
arthur,69,0,0
arthur,47,68,0
arthur,7,31,0
arthur,75,57,0
arthur,13,67,0
arthur,17,87,2
arthur,57,90,29
arthur,19,43,0
arthur,55,0,0
arthur,88,0,0
arthur,33,31,9
arthur,9,68,0
arthur,48,0,0
arthur,93,69,0
arthur,35,80,0
arthur,44,96,14
arthur,32,67,0
arthur,14,84,0
arthur,52,0,0
arthur,100,1,1
arthur,32,0,0
arthur,56,47,9
arthur,79,96,42
arthur,28,56,27
arthur,70,0,0
arthur,32,0,0
arthur,5,98,0
arthur,32,16,0
arthur,76,36,18
arthur,82,50,0
arthur,95,0,0
arthur,99,60,60
arthur,86,50,0
arthur,26,17,10
arthur,6,51,0
arthur,50,17,0
arthur,19,98,0
arthur,64,58,0
arthur,50,0,0
arthur,70,80,70
arthur,9,27,0
arthur,6,0,0
arthur,11,0,0
arthur,30,21,0
arthur,25,60,1
arthur,42,0,0
arthur,69,90,0
arthur,80,100,0
arthur,95,0,0
arthur,80,28,0
arthur,57,97,0
arthur,97,0,0
arthur,35,33,0
arthur,87,40,34
arthur,94,0,0
arthur,70,29,0
arthur,73,57,0
arthur,48,46,0
arthur,17,0,0
arthur,5,11,0
arthur,9,68,1
arthur,40,39,0
arthur,83,66,0
arthur,88,85,0
arthur,53,0,0
arthur,92,56,14
arthur,10,83,0
arthur,29,55,21
arthur,42,0,0
arthur,51,10,9
arthur,45,87,29
arthur,92,0,0
arthur,6,72,3
arthur,59,62,0
arthur,70,0,0
arthur,48,91,0
arthur,64,0,0
arthur,60,44,0
arthur,100,0,0
arthur,75,25,0
arthur,25,0,0
arthur,40,40,21
arthur,62,1,0
arthur,82,0,0
arthur,16,0,0
arthur,55,85,0
arthur,86,30,0
arthur,9,0,0
arthur,80,13,0
arthur,15,37,0
arthur,31,92,18
arthur,87,4,0
arthur,11,0,0
arthur,82,15,0
arthur,55,0,0
arthur,79,0,0
arthur,53,16,0
arthur,14,73,0
arthur,34,37,32
arthur,72,0,0
arthur,24,89,0
arthur,33,0,0
arthur,86,46,14
arthur,56,0,0
arthur,75,35,0
arthur,39,82,23
arthur,6,21,6
arthur,1,46,0
arthur,58,0,0
arthur,43,11,3
arthur,53,9,6
arthur,62,0,0
arthur,87,0,0
arthur,62,93,62
arthur,98,24,0
arthur,41,3,0
arthur,28,87,28
arthur,87,50,23
arthur,5,71,3
arthur,67,32,18
arthur,57,6,0
arthur,3,75,0
arthur,9,0,0
arthur,9,0,0
arthur,1,31,0
arthur,42,8,0
arthur,33,34,9
arthur,79,26,0
arthur,20,0,0
arthur,42,30,0
arthur,65,0,0
arthur,6,40,0
arthur,80,0,0
arthur,49,76,0
arthur,15,85,4
arthur,13,42,1
arthur,9,21,0
arthur,20,9,5
arthur,29,95,0
arthur,91,0,0
arthur,13,18,0
arthur,11,60,0
arthur,94,19,0
arthur,85,84,0
arthur,5,62,0
arthur,96,0,0
arthur,37,55,25
arthur,76,89,68
arthur,72,0,0
arthur,57,0,0
arthur,32,0,0
arthur,4,3,3
arthur,81,80,0
arthur,8,28,0
arthur,6,69,0
arthur,82,10,0
arthur,41,0,0
arthur,28,0,0
arthur,36,32,31
arthur,55,41,0
arthur,54,49,0
arthur,24,58,13
arthur,81,0,0
arthur,46,77,0
arthur,96,91,0
arthur,50,50,0
arthur,53,0,0
arthur,48,18,0
arthur,91,11,9
arthur,80,96,58
arthur,14,0,0
arthur,99,87,7
arthur,4,0,0
arthur,66,29,8
arthur,35,63,0
arthur,95,50,47
arthur,3,30,2
arthur,75,0,0
arthur,77,87,0
arthur,65,2,0
arthur,13,79,0
arthur,98,23,0
arthur,86,0,0
arthur,77,0,0
arthur,57,71,5
arthur,63,42,0
arthur,13,34,0
arthur,41,21,0
arthur,48,0,0
arthur,95,81,0
arthur,61,58,57
arthur,5,15,0
arthur,62,0,0
arthur,52,10,0
arthur,24,63,0
arthur,22,73,0
arthur,55,57,29
arthur,36,0,0
arthur,36,65,0
arthur,98,67,0
arthur,61,61,0
arthur,72,37,11
arthur,34,16,0
arthur,49,0,0
arthur,100,41,0
arthur,77,0,0
arthur,49,0,0
arthur,19,78,0
arthur,68,50,0
arthur,13,86,3
arthur,88,50,0
arthur,3,76,0
arthur,60,81,45
arthur,60,97,0
arthur,70,98,20
arthur,29,0,0
arthur,12,37,0
arthur,36,64,17
arthur,29,33,1
arthur,63,36,0
arthur,20,11,6
arthur,77,0,0
arthur,93,46,21
arthur,17,0,0
arthur,24,0,0
arthur,27,64,0
arthur,41,93,0
arthur,29,0,0
arthur,86,0,0
arthur,68,45,0
arthur,38,21,4
arthur,40,44,0
arthur,98,0,0
arthur,70,0,0
arthur,59,75,30
arthur,71,1,0
arthur,67,1,1
arthur,48,80,0
arthur,46,88,43
arthur,23,85,0
arthur,49,29,23
arthur,55,93,0
arthur,94,0,0
arthur,21,30,0
arthur,10,94,9
arthur,26,2,2
arthur,97,25,2
arthur,74,87,0
arthur,56,67,11
arthur,12,0,0
arthur,2,95,0
arthur,78,42,0
arthur,1,74,0
arthur,68,77,39
arthur,64,28,17
arthur,56,47,0
arthur,74,92,0
arthur,77,76,0
arthur,49,23,0
arthur,68,50,0
arthur,32,63,0
arthur,67,41,0
arthur,92,42,0
arthur,83,0,0
arthur,10,47,0
arthur,1,90,1
arthur,16,13,0
arthur,88,30,0
arthur,99,57,46
arthur,89,58,0
arthur,51,0,0
arthur,67,5,0
arthur,55,25,24
arthur,21,13,0
arthur,6,0,0
arthur,77,24,0
arthur,41,0,0
arthur,93,70,0
arthur,24,58,9
arthur,72,0,0
arthur,41,0,0
arthur,22,28,13
arthur,76,5,0
arthur,7,78,5
arthur,64,44,0
arthur,22,0,0
arthur,66,38,25
arthur,97,16,0
arthur,74,1,0
arthur,75,0,0
arthur,94,19,0
arthur,3,85,1
arthur,99,0,0
arthur,72,0,0
arthur,26,12,0
arthur,61,44,0
arthur,4,97,3
arthur,3,0,0
arthur,42,85,0
arthur,31,11,7
arthur,75,83,0
arthur,73,12,1
arthur,88,29,11
arthur,13,70,1
arthur,3,56,0
arthur,95,32,0
arthur,70,39,0
arthur,60,0,0
arthur,20,0,0
arthur,60,73,54
arthur,30,0,0
arthur,2,61,2
arthur,21,84,0
arthur,57,71,46
arthur,11,33,4
arthur,41,97,0
arthur,92,36,29
arthur,55,0,0
arthur,55,32,0
arthur,36,5,0
arthur,88,100,84
arthur,21,1,1
arthur,47,35,0
arthur,83,91,0
arthur,29,62,29
arthur,53,66,0
arthur,57,0,0
arthur,39,0,0
arthur,51,19,0
arthur,42,35,17
arthur,100,0,0
arthur,6,45,3
arthur,42,70,0
arthur,57,20,0
arthur,90,95,0
arthur,22,20,0
arthur,97,9,0
arthur,19,40,4
arthur,74,54,40
arthur,94,0,0
arthur,64,0,0
arthur,43,35,34
arthur,59,29,24
arthur,96,79,8
arthur,40,0,0
arthur,53,55,0
arthur,56,70,0
arthur,73,13,9
arthur,94,70,64
arthur,67,45,0
arthur,62,75,0
arthur,98,13,2
arthur,3,0,0
arthur,34,51,0
arthur,92,84,40
arthur,36,0,0
arthur,45,31,9
arthur,78,0,0
arthur,33,0,0
arthur,21,80,0
arthur,40,54,0
arthur,96,27,12
arthur,77,14,12
arthur,77,54,0
arthur,78,94,18
arthur,64,53,0
arthur,73,20,0
arthur,100,85,0
arthur,15,31,0
arthur,65,67,0
arthur,20,0,0
arthur,74,0,0
arthur,57,0,0
arthur,97,7,0
arthur,60,0,0
arthur,84,22,5
arthur,62,74,0
arthur,56,89,0
arthur,82,43,0
arthur,26,44,0
arthur,82,0,0
arthur,99,33,2
arthur,32,0,0
arthur,49,0,0
arthur,29,86,0
arthur,49,99,0
arthur,44,86,0
arthur,32,83,17
arthur,8,28,6
arthur,6,0,0
arthur,55,71,0
arthur,19,41,0
arthur,68,50,26
arthur,53,0,0
arthur,94,14,0
arthur,32,12,7
arthur,60,11,11
arthur,62,0,0
arthur,47,72,0
arthur,62,100,32
arthur,91,74,0
arthur,27,63,10
arthur,65,24,0
arthur,33,6,3
arthur,2,0,0
arthur,5,94,2
arthur,1,0,0
arthur,13,11,0
arthur,46,82,0
arthur,61,29,2
arthur,43,0,0
arthur,30,75,5
arthur,60,55,0
arthur,53,20,0
arthur,42,54,0
arthur,69,26,0
arthur,73,0,0
arthur,41,86,19
arthur,9,85,1
arthur,22,3,3
arthur,89,10,0
arthur,1,0,0
arthur,37,45,29
arthur,53,0,0
arthur,2,0,0
arthur,26,0,0
arthur,18,0,0
arthur,56,99,25
arthur,68,91,0
arthur,9,6,2
arthur,74,18,6
arthur,31,0,0
arthur,76,57,13
arthur,93,62,0
arthur,3,41,0
arthur,24,0,0
arthur,97,39,26
arthur,66,0,0
arthur,55,57,0
arthur,89,16,0
arthur,79,45,0
arthur,8,0,0
arthur,55,46,0
arthur,60,65,0
arthur,52,0,0
arthur,15,100,0
arthur,7,59,0
arthur,30,0,0
arthur,86,0,0
arthur,63,0,0
arthur,34,89,0
arthur,78,79,76
arthur,78,0,0
arthur,13,42,0
arthur,12,0,0
arthur,2,86,0
arthur,12,0,0
arthur,11,84,0
arthur,86,32,32
arthur,73,97,48
arthur,82,56,42
arthur,20,80,0
arthur,44,81,0
arthur,60,33,18
arthur,49,16,4
arthur,37,92,11
arthur,51,59,38
arthur,33,20,11
arthur,33,28,0
arthur,22,25,2
arthur,72,46,0
arthur,37,49,28
arthur,97,50,22
arthur,38,21,0
arthur,19,38,0
arthur,70,6,4
arthur,43,92,1
arthur,67,43,0
arthur,90,0,0
arthur,28,73,0
arthur,100,86,0
arthur,45,0,0
arthur,25,0,0
arthur,27,0,0
arthur,14,0,0
arthur,10,36,2
arthur,87,40,0
arthur,75,73,46
arthur,87,67,0
arthur,70,17,9
arthur,75,39,0
arthur,29,47,24
arthur,75,66,29
arthur,31,79,31
arthur,1,43,0
arthur,72,5,0
arthur,96,31,0
arthur,31,62,0
arthur,34,61,0
arthur,90,44,38
arthur,76,0,0
arthur,25,91,0
arthur,31,0,0
arthur,55,8,8
arthur,60,0,0
arthur,75,0,0
arthur,6,3,0
arthur,74,93,0
arthur,52,0,0
arthur,88,0,0
arthur,30,20,0
arthur,10,51,1
arthur,88,0,0
arthur,27,84,27
arthur,18,14,7
arthur,43,0,0
arthur,60,44,13
arthur,33,0,0
arthur,43,98,7
arthur,31,30,0
arthur,6,0,0
arthur,84,0,0
arthur,71,4,1
arthur,18,0,0
arthur,5,50,0
arthur,92,31,23
arthur,53,56,0
arthur,97,76,0
arthur,18,88,8
arthur,87,97,0
arthur,34,86,0
arthur,82,21,0
arthur,40,28,0
arthur,94,15,0
arthur,30,65,28
arthur,15,43,0
arthur,11,26,0
arthur,39,78,0
arthur,15,2,2
arthur,23,0,0
arthur,77,82,32
arthur,89,0,0
arthur,30,0,0
arthur,42,0,0
arthur,66,18,0
arthur,12,64,0
arthur,10,0,0
arthur,19,6,1
arthur,28,44,24
arthur,29,67,0
arthur,48,0,0
arthur,47,95,34
arthur,49,0,0
arthur,21,0,0
arthur,73,46,0
arthur,69,0,0
arthur,3,5,0
arthur,85,0,0
arthur,99,17,0
arthur,88,44,29
arthur,23,43,0
arthur,68,97,0
arthur,94,0,0
arthur,68,99,4
arthur,6,0,0
arthur,35,0,0
arthur,11,53,0
arthur,35,0,0
arthur,65,93,58
arthur,49,47,0
arthur,80,0,0
arthur,89,13,9
arthur,29,63,26
arthur,79,1,1
arthur,19,74,0
arthur,44,96,12
arthur,45,0,0
arthur,82,69,0
arthur,15,0,0
arthur,71,0,0
arthur,98,45,0
arthur,28,46,0
arthur,39,0,0
arthur,99,70,0
arthur,17,12,0
arthur,35,0,0
arthur,60,23,0
arthur,26,0,0
arthur,24,79,0
arthur,22,0,0
arthur,16,77,16
arthur,40,27,10
arthur,72,23,0
arthur,60,0,0
arthur,69,90,0
arthur,79,0,0
arthur,11,0,0
arthur,35,88,13
arthur,74,90,54
arthur,28,0,0
arthur,93,92,0
arthur,95,100,0
arthur,25,99,0
arthur,39,1,1
arthur,36,63,28
arthur,2,5,0
arthur,44,69,0
arthur,2,25,1
arthur,44,0,0
arthur,55,82,0
arthur,62,0,0
arthur,16,84,0
arthur,86,78,33
arthur,27,88,0
arthur,95,92,7
arthur,46,0,0
arthur,10,0,0
arthur,98,0,0
arthur,98,19,12
arthur,85,57,0
arthur,65,0,0
arthur,41,3,0
arthur,45,27,11
arthur,41,0,0
arthur,58,0,0
arthur,12,0,0
arthur,89,0,0
arthur,22,64,0
arthur,64,0,0
arthur,18,74,0
arthur,93,0,0
arthur,10,51,0
arthur,25,73,1
arthur,25,0,0
arthur,74,97,0
arthur,100,78,0
arthur,49,0,0
arthur,75,0,0
arthur,51,68,19
arthur,51,21,4
arthur,10,31,0
arthur,54,0,0
arthur,58,0,0
arthur,15,30,1
arthur,23,70,0
arthur,57,0,0
arthur,76,0,0
arthur,64,0,0
arthur,52,58,5
arthur,78,0,0
arthur,95,7,3
arthur,100,55,0
arthur,96,0,0
arthur,80,12,9
arthur,78,85,0
arthur,30,77,0
arthur,57,59,0
arthur,85,16,6
arthur,18,52,2
arthur,80,30,9
arthur,66,72,21
arthur,8,60,3
arthur,42,84,20
arthur,40,34,0
arthur,97,100,93
arthur,75,97,0
arthur,20,12,0
arthur,50,25,0
arthur,99,27,0
arthur,57,12,10
arthur,51,0,0
arthur,53,31,0
arthur,39,0,0
arthur,72,29,0
arthur,25,18,0
arthur,48,93,0
arthur,8,46,0
arthur,16,70,10
arthur,80,0,0
arthur,15,0,0
arthur,59,54,31
arthur,65,38,0
arthur,77,49,44
arthur,57,7,6
arthur,49,42,0
arthur,61,44,0
arthur,86,14,0
arthur,50,16,0
arthur,69,5,1
arthur,29,11,7
arthur,5,68,0
arthur,12,93,0
arthur,21,10,0
arthur,42,25,3
arthur,31,5,0
arthur,76,18,0
arthur,13,0,0
arthur,13,23,3
arthur,18,56,11
arthur,25,63,25
arthur,25,0,0
arthur,54,100,0
arthur,90,1,0
arthur,56,31,29
arthur,78,77,68
arthur,79,11,8
arthur,41,8,0
arthur,89,62,46
arthur,39,0,0
arthur,100,0,0
arthur,18,0,0
arthur,25,94,18
arthur,63,0,0
arthur,40,82,0
arthur,47,0,0
arthur,19,72,14
arthur,38,0,0
arthur,79,97,67
arthur,21,32,0
arthur,11,56,0
arthur,66,99,0
arthur,21,70,21
arthur,10,100,3
arthur,76,39,0
arthur,41,0,0
arthur,27,5,3
arthur,49,0,0
arthur,11,0,0
arthur,30,45,0
arthur,77,80,0
arthur,95,99,18
arthur,55,3,2
arthur,9,23,0
arthur,100,55,0
arthur,53,48,0
arthur,91,41,4
arthur,66,64,0
arthur,95,49,10
arthur,18,70,0
arthur,55,69,0
arthur,18,28,0
arthur,30,93,0
arthur,13,0,0
arthur,12,75,0
arthur,69,43,0
arthur,83,49,27
arthur,6,18,1
arthur,75,14,0
arthur,30,64,20
arthur,65,84,0
arthur,39,12,7
arthur,50,68,27
arthur,65,12,0
arthur,52,0,0
arthur,29,17,15
arthur,44,0,0
arthur,96,0,0
arthur,84,73,0
arthur,43,0,0
arthur,48,91,0
arthur,44,80,19
arthur,47,35,14
arthur,88,0,0
arthur,77,0,0
arthur,25,73,14
arthur,13,14,13
arthur,40,14,0
arthur,39,24,0
arthur,34,7,5
arthur,43,58,0
arthur,26,77,7
arthur,95,74,34
arthur,87,18,0
arthur,38,32,8
arthur,43,81,0
arthur,3,47,1
arthur,35,19,19
arthur,42,92,0
arthur,2,93,0
arthur,56,57,25
arthur,78,0,0
arthur,26,24,14
arthur,7,51,2
arthur,20,0,0
arthur,96,32,21
arthur,75,99,0
arthur,76,20,0
arthur,88,42,0
arthur,54,67,6
arthur,95,76,41
arthur,67,95,0
arthur,52,92,0
arthur,94,88,47
arthur,36,0,0
arthur,51,5,1
arthur,84,73,0
arthur,31,31,0
arthur,56,0,0
arthur,40,0,0
arthur,14,0,0
arthur,98,32,10
arthur,55,0,0
arthur,84,76,0
arthur,84,8,4
arthur,48,0,0
arthur,68,0,0
arthur,45,42,0
arthur,28,0,0
arthur,22,73,20
arthur,34,0,0
arthur,70,20,12
arthur,3,16,0
arthur,96,100,0
arthur,72,26,0
arthur,78,97,67
arthur,87,0,0
arthur,9,15,0
arthur,95,31,20
arthur,85,9,9
arthur,24,88,0
arthur,31,0,0
arthur,20,81,18
arthur,91,52,0
arthur,37,0,0
arthur,81,34,0
arthur,95,0,0
arthur,92,41,14
arthur,65,83,0
arthur,90,0,0
arthur,53,38,0
arthur,62,95,0
arthur,28,87,14
arthur,21,48,20
arthur,88,51,0
arthur,65,0,0
arthur,92,20,11
arthur,35,68,0
arthur,67,43,18
arthur,59,0,0
arthur,73,5,0
arthur,18,42,15
arthur,98,97,62
arthur,70,38,0
arthur,37,51,0
arthur,47,40,0
arthur,88,0,0
arthur,52,47,0
arthur,71,48,0
arthur,87,27,0
arthur,97,45,0
arthur,72,5,1
arthur,48,0,0
arthur,22,0,0
arthur,30,70,0
arthur,41,0,0
arthur,66,25,0
arthur,93,24,0
arthur,19,47,12
arthur,43,71,18
arthur,95,0,0
arthur,2,0,0
arthur,50,100,43
arthur,73,60,0
arthur,14,21,7
arthur,88,0,0
arthur,18,50,0
arthur,51,0,0
arthur,56,33,7
arthur,81,92,0
arthur,59,39,0
arthur,12,0,0
arthur,93,38,12
arthur,45,32,0
arthur,26,0,0
arthur,100,0,0
arthur,1,17,1
arthur,11,45,0
arthur,68,0,0
arthur,43,0,0
arthur,51,48,27
arthur,7,26,7
arthur,14,0,0
arthur,11,13,0
arthur,27,4,1
arthur,1,67,1
arthur,89,82,32
arthur,23,54,3
arthur,5,32,0
arthur,21,0,0
arthur,14,83,0
arthur,32,0,0
arthur,19,66,0
arthur,73,98,0
arthur,15,0,0
arthur,6,37,5
arthur,17,0,0
arthur,67,82,0
arthur,51,30,5
arthur,71,50,45
arthur,3,0,0
arthur,48,0,0
arthur,65,12,0
arthur,17,0,0
arthur,25,95,1
arthur,39,65,0
arthur,78,0,0
arthur,44,20,0
arthur,93,46,5
arthur,91,35,30
arthur,37,5,0
arthur,93,0,0
arthur,71,0,0
arthur,11,16,5
arthur,96,36,7
arthur,12,0,0
arthur,43,69,0
arthur,40,14,0
arthur,99,93,0
arthur,46,98,0
arthur,45,22,0
arthur,58,0,0
arthur,58,76,0
arthur,70,0,0
arthur,44,0,0
arthur,75,0,0
arthur,56,34,29
arthur,10,31,0
arthur,68,0,0
arthur,82,24,24
arthur,14,0,0
arthur,22,67,0
arthur,89,79,70
arthur,22,57,21
arthur,70,35,0
arthur,4,72,0
arthur,80,3,1
arthur,34,56,12
arthur,8,0,0
arthur,86,26,17
arthur,36,74,1
arthur,35,63,3
arthur,66,88,0
arthur,46,59,27
arthur,83,4,0
arthur,83,100,0
arthur,41,72,0
arthur,68,55,25
arthur,38,81,0
arthur,51,97,0
arthur,10,0,0
arthur,68,0,0
arthur,6,29,0
arthur,74,54,0
arthur,39,42,0
arthur,82,63,0
arthur,8,78,3
arthur,35,44,35
arthur,36,54,15
arthur,31,29,0
arthur,54,66,0
arthur,5,38,0
arthur,87,25,0
arthur,42,0,0
arthur,97,15,0
arthur,24,28,0
arthur,1,37,0
arthur,67,47,6
arthur,15,40,14
arthur,79,0,0
arthur,51,50,27
arthur,14,79,0
arthur,80,43,0
arthur,35,13,3
arthur,43,77,0
arthur,64,70,64
arthur,91,68,21
arthur,78,87,60
arthur,94,51,0
arthur,5,30,2
arthur,50,0,0
arthur,2,0,0
arthur,65,55,47
arthur,90,9,9
arthur,93,12,0
arthur,63,38,0
arthur,3,90,0
arthur,65,0,0
arthur,21,0,0
arthur,82,100,0
arthur,26,0,0
arthur,11,83,11
arthur,53,30,14
arthur,10,0,0
arthur,97,97,47
arthur,22,0,0
arthur,82,0,0
arthur,75,0,0
arthur,80,40,10
arthur,56,0,0
arthur,70,0,0
arthur,75,0,0
arthur,55,0,0
arthur,2,63,0
arthur,53,0,0
arthur,76,29,0
arthur,57,85,0
arthur,16,53,0
arthur,18,33,10
arthur,97,0,0
arthur,99,0,0
arthur,95,84,0
arthur,97,0,0
arthur,86,67,0
arthur,69,89,0
arthur,41,13,0
arthur,6,0,0
arthur,26,0,0
arthur,61,0,0
arthur,58,6,0
arthur,37,0,0
arthur,5,23,2
arthur,17,41,9
arthur,34,58,33
arthur,39,73,0
arthur,28,0,0
arthur,25,48,13
arthur,77,87,41
arthur,67,0,0
arthur,6,47,0
arthur,6,48,4
arthur,84,0,0
arthur,22,19,19
arthur,1,0,0
arthur,66,60,0
arthur,60,57,0
arthur,52,0,0
arthur,46,4,2
arthur,42,0,0
arthur,87,0,0
arthur,51,59,0
arthur,24,72,24
arthur,7,67,0
arthur,14,0,0
arthur,77,52,0
arthur,50,60,0
arthur,61,47,3
arthur,69,36,4
arthur,73,36,19
arthur,28,70,19
arthur,100,4,0
arthur,98,0,0
arthur,82,0,0
arthur,71,55,0
arthur,13,65,0
arthur,88,18,12
arthur,11,86,0
arthur,8,0,0
arthur,89,0,0
arthur,100,53,5
arthur,5,83,1
arthur,24,49,11
arthur,24,0,0
arthur,65,68,0
arthur,42,0,0
arthur,69,0,0
arthur,26,0,0
arthur,10,85,0
arthur,29,73,23
arthur,74,59,0
arthur,71,52,17
arthur,73,54,7
arthur,21,0,0
arthur,96,25,0
arthur,12,0,0
arthur,65,0,0
arthur,65,25,18
arthur,70,63,58
arthur,23,89,6
arthur,24,70,0
arthur,18,33,11
arthur,82,46,0
arthur,25,0,0
arthur,76,27,4
arthur,50,0,0
arthur,42,0,0
arthur,62,0,0
arthur,46,18,13
arthur,57,45,0
arthur,87,41,0
arthur,47,0,0
arthur,1,80,0
arthur,81,34,0
arthur,74,99,46
arthur,75,0,0
arthur,22,60,0
arthur,91,14,0
arthur,58,61,0
arthur,85,95,83
arthur,59,26,12
arthur,25,70,22
arthur,39,60,34
arthur,23,2,0
arthur,79,99,0
arthur,57,51,0
arthur,42,47,0
arthur,51,11,0
arthur,49,53,0
arthur,94,68,60
arthur,50,45,45
arthur,32,26,11
arthur,22,45,0
arthur,92,44,0
arthur,43,34,0
arthur,36,91,0
arthur,100,0,0
arthur,25,78,0
arthur,40,66,15
arthur,99,30,0
arthur,76,0,0
arthur,50,0,0
arthur,31,0,0
arthur,57,31,0
arthur,26,0,0
arthur,84,0,0
arthur,80,54,46
arthur,12,41,7
arthur,62,0,0
arthur,74,66,0
arthur,12,7,2
arthur,87,94,45
arthur,58,30,15
arthur,28,37,28
arthur,57,65,0
arthur,46,90,0
arthur,32,12,0
arthur,99,3,1
arthur,58,37,0
arthur,18,24,0
arthur,13,10,3
arthur,49,9,0
arthur,48,30,0
arthur,16,91,0
arthur,27,0,0
arthur,8,61,0
arthur,18,0,0
arthur,92,63,25
arthur,82,14,0
arthur,21,0,0
arthur,97,0,0
arthur,73,19,0
arthur,32,91,0
arthur,80,18,7
arthur,55,48,44
arthur,74,68,10
arthur,84,34,0
arthur,19,25,6
arthur,84,74,0
arthur,77,87,64
arthur,69,0,0
arthur,58,54,0
arthur,64,49,0
arthur,35,39,0
arthur,4,0,0
arthur,2,83,2
arthur,87,99,0
arthur,39,21,0
arthur,94,52,0
arthur,16,4,0
arthur,37,0,0
arthur,75,0,0
arthur,58,0,0
arthur,76,84,68
arthur,64,46,0
arthur,33,14,0
arthur,8,4,0
arthur,5,58,1
arthur,84,0,0
arthur,19,0,0
arthur,18,0,0
arthur,4,7,2
arthur,77,0,0
arthur,21,6,1
arthur,86,31,19
arthur,86,0,0
arthur,61,51,0
arthur,11,83,0
arthur,67,54,39
arthur,33,67,0
arthur,73,97,0
arthur,93,0,0
arthur,88,0,0
arthur,72,0,0
arthur,93,74,0
arthur,66,0,0
arthur,65,0,0
arthur,93,42,0
arthur,23,96,2
arthur,8,0,0
arthur,71,57,35
arthur,45,47,43
arthur,41,0,0
arthur,44,28,24
arthur,56,27,0
arthur,10,0,0
arthur,46,11,0
arthur,46,4,0
arthur,18,60,0
arthur,65,35,4
arthur,63,0,0
arthur,7,39,6
arthur,87,4,2
arthur,72,65,0
arthur,18,43,13
arthur,89,89,0
arthur,44,72,19
arthur,9,0,0
arthur,94,0,0
arthur,84,34,4
arthur,96,64,21
arthur,5,83,0
arthur,17,94,0
arthur,27,67,0
arthur,98,16,0
arthur,25,61,0
arthur,61,0,0
arthur,26,71,0
arthur,67,0,0
arthur,29,43,0
arthur,22,4,0
arthur,54,10,0
arthur,86,0,0
arthur,39,0,0
arthur,96,7,0
arthur,68,95,40
arthur,20,95,11
arthur,89,42,15
arthur,86,0,0
arthur,46,10,0
arthur,5,25,0
arthur,99,66,0
arthur,57,0,0
arthur,14,97,0
arthur,41,70,0
arthur,87,5,2
arthur,32,0,0
arthur,37,4,4
arthur,70,47,0
arthur,41,12,0
arthur,19,30,5
arthur,16,0,0
arthur,11,47,0
arthur,13,0,0
arthur,20,31,0
arthur,67,0,0
arthur,100,47,25
arthur,13,82,2
arthur,67,98,0
arthur,87,36,0
arthur,51,0,0
arthur,88,32,0
arthur,4,84,1
arthur,70,0,0
arthur,48,98,0
arthur,43,63,33
arthur,90,25,25
arthur,40,45,0
arthur,14,0,0
arthur,83,35,0
arthur,70,41,0
arthur,74,26,0
arthur,34,0,0
arthur,74,60,44
arthur,25,4,0
arthur,30,57,0
arthur,60,0,0
arthur,73,0,0
arthur,21,0,0
arthur,96,92,37
arthur,28,92,0
arthur,10,74,0
arthur,18,29,0
arthur,99,89,0
arthur,97,42,0
arthur,72,87,0
arthur,85,27,0
arthur,87,0,0
arthur,46,35,0
arthur,75,65,0
arthur,32,31,1
arthur,80,36,0
arthur,96,13,4
arthur,37,92,0
arthur,33,0,0
arthur,37,98,0
arthur,65,40,0
arthur,41,3,0
arthur,48,24,0
arthur,96,27,0
arthur,80,61,10
arthur,2,70,0
arthur,72,0,0
arthur,26,51,14
arthur,17,70,0
arthur,63,65,60
arthur,52,7,0
arthur,50,0,0
arthur,64,19,19
arthur,6,55,0
arthur,15,0,0
arthur,90,99,0
arthur,88,0,0
arthur,59,0,0
arthur,19,69,0
arthur,30,72,0
arthur,40,62,27
arthur,99,17,4
arthur,18,27,0
arthur,89,51,0
arthur,28,91,2
arthur,62,77,0
arthur,40,0,0
arthur,66,77,0
arthur,37,59,0
arthur,85,0,0
arthur,35,0,0
arthur,50,8,0
arthur,32,37,0
arthur,8,79,8
arthur,11,0,0
arthur,98,8,0
arthur,23,0,0
arthur,49,0,0
arthur,13,61,12
arthur,23,54,0
arthur,35,19,0
arthur,46,9,0
arthur,17,8,7
arthur,27,10,0
arthur,70,0,0
arthur,14,74,0
arthur,70,90,0
arthur,95,4,0
arthur,46,11,0
arthur,99,0,0
arthur,34,0,0
arthur,64,0,0
arthur,2,0,0
arthur,48,18,0
arthur,100,11,10
arthur,41,0,0
arthur,22,32,0
