Farmer_Name,Dimension 1,Dimension 2,Dimension 3
Galahad,40,79,11
Galahad,84,85,0
Galahad,1,0,0
Galahad,43,0,0
Galahad,20,0,0
Galahad,45,70,0
Galahad,52,95,7
Galahad,99,0,0
Galahad,85,0,0
Galahad,98,0,0
Galahad,87,0,0
Galahad,49,40,17
Galahad,95,28,0
Galahad,17,93,0
Galahad,14,23,0
Galahad,67,0,0
Galahad,44,88,0
Galahad,95,16,0
Galahad,92,15,0
Galahad,76,0,0
Galahad,74,64,6
Galahad,35,0,0
Galahad,58,0,0
Galahad,96,28,0
Galahad,70,0,0
Galahad,92,0,0
Galahad,30,61,28
Galahad,93,35,8
Galahad,89,0,0
Galahad,88,80,0
Galahad,55,20,0
Galahad,68,0,0
Galahad,96,50,45
Galahad,97,78,19
Galahad,13,58,0
Galahad,90,65,0
Galahad,74,1,1
Galahad,31,0,0
Galahad,42,25,16
Galahad,43,25,24
Galahad,43,2,1
Galahad,52,44,25
Galahad,22,91,13
Galahad,56,21,0
Galahad,51,54,0
Galahad,30,0,0
Galahad,67,66,0
Galahad,45,45,0
Galahad,42,0,0
Galahad,80,80,0
Galahad,7,53,2
Galahad,18,68,7
Galahad,56,9,9
Galahad,73,78,0
Galahad,94,92,0
Galahad,31,100,0
Galahad,40,100,21
Galahad,97,0,0
Galahad,75,65,18
Galahad,74,65,0
Galahad,64,0,0
Galahad,32,72,0
Galahad,89,0,0
Galahad,20,0,0
Galahad,17,0,0
Galahad,10,64,0
Galahad,27,86,0
Galahad,90,0,0
Galahad,94,55,10
Galahad,27,0,0
Galahad,45,87,42
Galahad,43,76,16
Galahad,47,88,0
Galahad,59,0,0
Galahad,77,0,0
Galahad,56,17,12
Galahad,78,12,11
Galahad,39,0,0
Galahad,52,0,0
Galahad,95,0,0
Galahad,33,0,0
Galahad,6,56,0
Galahad,90,30,0
Galahad,78,0,0
Galahad,91,94,0
Galahad,84,0,0
Galahad,30,87,0
Galahad,7,0,0
Galahad,27,0,0
Galahad,55,24,0
Galahad,25,0,0
Galahad,99,10,0
Galahad,56,41,6
Galahad,71,0,0
Galahad,93,0,0
Galahad,64,41,7
Galahad,27,93,0
Galahad,58,19,13
Galahad,92,68,0
Galahad,84,96,75
Galahad,83,0,0
Galahad,74,13,7
Galahad,90,91,5
Galahad,7,0,0
Galahad,66,25,0
Galahad,31,0,0
Galahad,75,59,0
Galahad,9,64,0
Galahad,28,58,0
Galahad,95,0,0
Galahad,42,35,0
Galahad,55,23,0
Galahad,39,65,28
Galahad,36,0,0
Galahad,59,0,0
Galahad,59,0,0
Galahad,74,0,0
Galahad,67,83,0
Galahad,57,85,0
Galahad,38,70,32
Galahad,86,68,65
Galahad,55,99,0
Galahad,64,0,0
Galahad,21,0,0
Galahad,1,42,1
Galahad,16,0,0
Galahad,78,0,0
Galahad,18,0,0
Galahad,89,41,0
Galahad,69,99,46
Galahad,63,19,0
Galahad,85,51,0
Galahad,16,40,14
Galahad,21,0,0
Galahad,36,90,33
Galahad,25,100,0
Galahad,65,0,0
Galahad,16,6,0
Galahad,5,0,0
Galahad,63,32,0
Galahad,79,98,0
Galahad,44,0,0
Galahad,26,30,0
Galahad,90,63,0
Galahad,77,12,1
Galahad,83,0,0
Galahad,31,84,0
Galahad,76,100,0
Galahad,18,0,0
Galahad,43,38,0
Galahad,42,50,0
Galahad,88,92,0
Galahad,99,0,0
Galahad,49,60,0
Galahad,26,0,0
Galahad,99,27,0
Galahad,18,18,12
Galahad,87,0,0
Galahad,39,0,0
Galahad,86,19,7
Galahad,20,7,0
Galahad,77,95,13
Galahad,85,7,5
Galahad,49,0,0
Galahad,17,18,0
Galahad,71,48,0
Galahad,26,21,0
Galahad,33,22,19
Galahad,50,54,0
Galahad,43,44,14
Galahad,35,95,0
Galahad,44,65,10
Galahad,10,78,3
Galahad,38,62,0
Galahad,10,84,8
Galahad,97,2,0
Galahad,15,61,0
Galahad,71,0,0
Galahad,77,24,7
Galahad,76,83,8
Galahad,76,81,67
Galahad,40,17,1
Galahad,92,45,35
Galahad,63,73,0
Galahad,93,0,0
Galahad,69,0,0
Galahad,96,0,0
Galahad,85,34,0
Galahad,88,48,0
Galahad,72,64,0
Galahad,97,28,10
Galahad,57,77,13
Galahad,38,34,0
Galahad,86,93,0
Galahad,98,5,0
Galahad,76,62,14
Galahad,22,92,3
Galahad,15,0,0
Galahad,38,30,0
Galahad,60,100,0
Galahad,43,42,0
Galahad,45,0,0
Galahad,45,92,0
Galahad,9,0,0
Galahad,18,8,7
Galahad,70,71,0
Galahad,85,7,0
Galahad,8,30,0
Galahad,88,6,5
Galahad,60,0,0
Galahad,57,0,0
Galahad,88,26,5
Galahad,31,76,0
Galahad,79,50,43
Galahad,56,0,0
Galahad,7,0,0
Galahad,54,0,0
Galahad,11,0,0
Galahad,81,6,0
Galahad,39,13,0
Galahad,90,82,0
Galahad,28,96,0
Galahad,87,83,0
Galahad,81,91,12
Galahad,3,42,1
Galahad,48,0,0
Galahad,76,72,51
Galahad,82,34,0
Galahad,4,42,0
Galahad,24,52,0
Galahad,21,66,0
Galahad,90,15,0
Galahad,73,60,0
Galahad,22,0,0
Galahad,37,0,0
Galahad,19,34,19
Galahad,65,0,0
Galahad,23,0,0
Galahad,33,0,0
Galahad,39,99,0
Galahad,47,0,0
Galahad,1,81,1
Galahad,32,0,0
Galahad,51,71,27
Galahad,52,0,0
Galahad,49,13,2
Galahad,20,0,0
Galahad,77,91,0
Galahad,64,14,0
Galahad,70,58,35
Galahad,54,0,0
Galahad,32,53,0
Galahad,70,92,0
Galahad,23,86,0
Galahad,100,0,0
Galahad,30,18,0
Galahad,64,22,18
Galahad,2,63,1
Galahad,95,0,0
Galahad,48,40,0
Galahad,8,45,2
Galahad,66,0,0
Galahad,95,53,0
Galahad,60,0,0
Galahad,87,21,0
Galahad,40,6,2
Galahad,53,0,0
Galahad,38,62,21
Galahad,37,19,2
Galahad,30,93,0
Galahad,18,29,0
Galahad,44,70,0
Galahad,7,96,0
Galahad,12,0,0
Galahad,35,19,0
Galahad,77,75,0
Galahad,86,49,0
Galahad,100,1,1
Galahad,72,30,2
Galahad,95,69,0
Galahad,44,0,0
Galahad,89,97,70
Galahad,4,0,0
Galahad,7,5,1
Galahad,43,80,0
Galahad,29,98,0
Galahad,65,58,0
Galahad,85,61,0
Galahad,3,26,0
Galahad,3,74,1
Galahad,21,0,0
Galahad,19,68,0
Galahad,66,41,0
Galahad,21,52,12
Galahad,8,0,0
Galahad,13,18,12
Galahad,24,0,0
Galahad,88,0,0
Galahad,44,73,36
Galahad,91,39,0
Galahad,21,50,4
Galahad,25,85,13
Galahad,11,67,8
Galahad,74,0,0
Galahad,42,88,40
Galahad,88,26,9
Galahad,63,0,0
Galahad,79,30,0
Galahad,62,0,0
Galahad,73,62,0
Galahad,54,58,0
Galahad,78,29,0
Galahad,24,48,11
Galahad,86,82,67
Galahad,93,52,14
Galahad,93,0,0
Galahad,94,45,0
Galahad,15,7,0
Galahad,84,98,13
Galahad,28,4,0
Galahad,64,68,0
Galahad,31,0,0
Galahad,47,58,15
Galahad,63,86,12
Galahad,80,81,16
Galahad,26,36,0
Galahad,19,7,0
Galahad,7,0,0
Galahad,33,63,0
Galahad,70,79,0
Galahad,93,16,0
Galahad,45,40,0
Galahad,59,7,0
Galahad,52,47,38
Galahad,70,53,37
Galahad,71,24,0
Galahad,30,0,0
Galahad,34,64,21
Galahad,26,0,0
Galahad,48,75,23
Galahad,24,0,0
Galahad,42,0,0
Galahad,1,59,0
Galahad,20,42,0
Galahad,29,17,12
Galahad,88,55,0
Galahad,80,28,0
Galahad,90,0,0
Galahad,32,0,0
Galahad,90,50,0
Galahad,24,89,5
Galahad,31,46,0
Galahad,52,34,14
Galahad,27,56,0
Galahad,74,0,0
Galahad,78,91,0
Galahad,97,0,0
Galahad,66,0,0
Galahad,3,88,1
Galahad,35,32,23
Galahad,32,78,31
Galahad,23,40,0
Galahad,94,9,5
Galahad,36,38,0
Galahad,3,0,0
Galahad,31,20,0
Galahad,44,25,19
Galahad,18,0,0
Galahad,66,84,0
Galahad,62,49,19
Galahad,17,95,1
Galahad,99,73,37
Galahad,91,0,0
Galahad,55,66,0
Galahad,88,20,0
Galahad,17,34,4
Galahad,2,44,0
Galahad,29,79,14
Galahad,55,25,0
Galahad,6,73,1
Galahad,10,77,1
Galahad,72,95,0
Galahad,84,11,1
Galahad,46,3,0
Galahad,57,96,0
Galahad,92,12,10
Galahad,22,66,0
Galahad,24,0,0
Galahad,31,12,0
Galahad,89,18,0
Galahad,21,69,4
Galahad,69,20,0
Galahad,15,0,0
Galahad,31,0,0
Galahad,9,0,0
Galahad,32,85,30
Galahad,63,0,0
Galahad,94,42,0
Galahad,91,23,0
Galahad,17,9,1
Galahad,3,43,1
Galahad,29,0,0
Galahad,84,0,0
Galahad,66,99,0
Galahad,63,31,0
Galahad,38,17,0
Galahad,44,0,0
Galahad,82,39,0
Galahad,54,97,0
Galahad,91,7,0
Galahad,87,6,0
Galahad,55,66,0
Galahad,16,51,0
Galahad,95,0,0
Galahad,38,71,22
Galahad,97,0,0
Galahad,81,21,4
Galahad,58,72,0
Galahad,63,0,0
Galahad,97,0,0
Galahad,87,56,0
Galahad,32,40,0
Galahad,18,0,0
Galahad,9,88,0
Galahad,71,50,0
Galahad,8,22,6
Galahad,48,96,13
Galahad,75,99,0
Galahad,93,0,0
Galahad,59,0,0
Galahad,98,83,60
Galahad,11,56,0
Galahad,22,0,0
Galahad,84,5,0
Galahad,37,0,0
Galahad,41,49,0
Galahad,12,21,0
Galahad,16,19,2
Galahad,5,0,0
Galahad,67,67,0
Galahad,86,0,0
Galahad,28,78,9
Galahad,61,0,0
Galahad,20,26,0
Galahad,2,0,0
Galahad,87,0,0
Galahad,37,0,0
Galahad,37,0,0
Galahad,12,0,0
Galahad,51,4,4
Galahad,100,81,52
Galahad,70,40,8
Galahad,49,79,0
Galahad,5,99,0
Galahad,70,0,0
Galahad,63,0,0
Galahad,24,0,0
Galahad,49,0,0
Galahad,44,17,4
Galahad,44,100,0
Galahad,89,38,37
Galahad,42,76,0
Galahad,10,82,4
Galahad,63,0,0
Galahad,51,94,48
Galahad,85,67,0
Galahad,65,3,3
Galahad,38,21,1
Galahad,92,27,0
Galahad,43,23,0
Galahad,8,54,0
Galahad,42,0,0
Galahad,4,0,0
Galahad,48,0,0
Galahad,29,1,1
Galahad,63,57,1
Galahad,29,59,0
Galahad,35,59,12
Galahad,37,27,0
Galahad,47,0,0
Galahad,55,0,0
Galahad,80,97,0
Galahad,100,24,0
Galahad,72,90,0
Galahad,55,0,0
Galahad,73,60,0
Galahad,60,87,26
Galahad,51,82,42
Galahad,12,64,0
Galahad,24,0,0
Galahad,85,22,0
Galahad,38,15,2
Galahad,37,0,0
Galahad,8,0,0
Galahad,63,93,0
Galahad,21,2,2
Galahad,19,4,0
Galahad,33,0,0
Galahad,40,0,0
Galahad,87,5,0
Galahad,43,0,0
Galahad,17,7,0
Galahad,82,50,0
Galahad,84,0,0
Galahad,97,0,0
Galahad,46,87,18
Galahad,33,0,0
Galahad,62,40,0
Galahad,51,98,45
Galahad,18,47,0
Galahad,61,98,6
Galahad,97,51,0
Galahad,86,40,33
Galahad,60,83,30
Galahad,71,55,28
Galahad,44,48,9
Galahad,79,0,0
Galahad,23,95,0
Galahad,99,88,0
Galahad,17,87,0
Galahad,67,67,0
Galahad,2,0,0
Galahad,20,85,0
Galahad,36,76,21
Galahad,95,15,7
Galahad,27,55,0
Galahad,55,0,0
Galahad,76,45,23
Galahad,22,0,0
Galahad,11,29,0
Galahad,7,0,0
Galahad,90,0,0
Galahad,27,80,7
Galahad,73,98,0
Galahad,16,39,3
Galahad,96,98,0
Galahad,16,53,0
Galahad,75,98,10
Galahad,63,72,54
Galahad,99,100,0
Galahad,28,38,0
Galahad,18,33,0
Galahad,82,68,0
Galahad,87,83,0
Galahad,100,96,38
Galahad,98,94,47
Galahad,35,50,0
Galahad,32,52,0
Galahad,32,25,18
Galahad,4,97,1
Galahad,48,54,2
Galahad,34,89,19
Galahad,96,0,0
Galahad,23,63,1
Galahad,25,44,0
Galahad,31,20,0
Galahad,90,39,8
Galahad,59,14,0
Galahad,96,35,0
Galahad,72,98,0
Galahad,96,0,0
Galahad,37,0,0
Galahad,2,70,0
Galahad,62,45,0
Galahad,92,0,0
Galahad,83,0,0
Galahad,41,71,0
Galahad,48,0,0
Galahad,33,1,0
Galahad,12,72,0
Galahad,18,0,0
Galahad,12,90,0
Galahad,23,0,0
Galahad,97,0,0
Galahad,97,31,23
Galahad,46,86,0
Galahad,20,62,0
Galahad,31,0,0
Galahad,83,35,9
Galahad,88,0,0
Galahad,69,86,0
Galahad,8,38,0
Galahad,23,65,0
Galahad,86,18,11
Galahad,20,0,0
Galahad,9,30,0
Galahad,87,47,39
Galahad,90,6,0
Galahad,65,85,0
Galahad,78,82,0
Galahad,82,69,27
Galahad,99,71,0
Galahad,63,0,0
Galahad,46,0,0
Galahad,88,32,15
Galahad,31,38,0
Galahad,47,22,1
Galahad,87,94,0
Galahad,67,80,0
Galahad,49,90,0
Galahad,4,29,3
Galahad,2,50,1
Galahad,64,1,0
Galahad,30,69,11
Galahad,1,73,0
Galahad,69,4,0
Galahad,37,92,5
Galahad,26,0,0
Galahad,59,0,0
Galahad,14,0,0
Galahad,76,79,8
Galahad,45,61,35
Galahad,6,97,0
Galahad,51,0,0
Galahad,39,1,0
Galahad,18,75,0
Galahad,83,0,0
Galahad,44,55,37
Galahad,60,0,0
Galahad,62,0,0
Galahad,4,79,1
Galahad,38,55,0
Galahad,72,55,24
Galahad,85,0,0
Galahad,98,20,0
Galahad,68,0,0
Galahad,70,0,0
Galahad,85,35,1
Galahad,58,49,0
Galahad,67,17,0
Galahad,72,53,16
Galahad,37,70,22
Galahad,33,54,0
Galahad,95,24,0
Galahad,12,0,0
Galahad,43,56,0
Galahad,64,0,0
Galahad,83,71,0
Galahad,85,14,0
Galahad,6,69,0
Galahad,53,2,0
Galahad,40,0,0
Galahad,45,0,0
Galahad,80,48,0
Galahad,24,75,0
Galahad,12,0,0
Galahad,96,30,0
Galahad,75,0,0
Galahad,63,39,0
Galahad,51,36,0
Galahad,26,46,0
Galahad,5,24,5
Galahad,62,59,56
Galahad,78,1,0
Galahad,83,63,0
Galahad,86,49,0
Galahad,78,52,7
Galahad,7,0,0
Galahad,56,32,5
Galahad,85,62,0
Galahad,44,16,0
Galahad,36,74,23
Galahad,35,36,0
Galahad,86,36,0
Galahad,23,75,0
Galahad,34,48,27
Galahad,72,0,0
Galahad,51,0,0
Galahad,54,42,9
Galahad,95,58,0
Galahad,5,0,0
Galahad,63,94,26
Galahad,75,24,14
Galahad,41,5,0
Galahad,68,17,8
Galahad,57,5,0
Galahad,61,39,33
Galahad,5,94,0
Galahad,66,69,57
Galahad,60,0,0
Galahad,75,82,0
Galahad,47,34,19
Galahad,10,33,0
Galahad,49,11,6
Galahad,40,0,0
Galahad,31,0,0
Galahad,67,66,0
Galahad,74,0,0
Galahad,45,56,30
Galahad,41,73,26
Galahad,17,0,0
Galahad,58,77,9
Galahad,90,0,0
Galahad,18,0,0
Galahad,56,0,0
Galahad,51,68,5
Galahad,62,0,0
Galahad,67,29,0
Galahad,60,68,0
Galahad,34,0,0
Galahad,4,0,0
Galahad,97,0,0
Galahad,73,0,0
Galahad,30,2,0
Galahad,80,15,0
Galahad,5,0,0
Galahad,63,100,37
Galahad,25,25,14
Galahad,80,0,0
Galahad,32,0,0
Galahad,94,0,0
Galahad,57,0,0
Galahad,49,0,0
Galahad,36,36,0
Galahad,33,0,0
Galahad,5,0,0
Galahad,13,51,0
Galahad,18,95,0
Galahad,28,59,0
Galahad,68,0,0
Galahad,8,84,0
Galahad,40,35,0
Galahad,77,10,0
Galahad,26,21,1
Galahad,75,26,10
Galahad,43,29,3
Galahad,3,0,0
Galahad,56,28,0
Galahad,47,100,0
Galahad,53,3,0
Galahad,5,0,0
Galahad,42,59,0
Galahad,34,100,0
Galahad,27,0,0
Galahad,96,32,0
Galahad,99,90,0
Galahad,30,94,16
Galahad,40,0,0
Galahad,76,0,0
Galahad,55,95,0
Galahad,16,93,12
Galahad,80,0,0
Galahad,37,0,0
Galahad,37,46,32
Galahad,88,48,0
Galahad,86,9,0
Galahad,97,24,0
Galahad,40,0,0
Galahad,54,59,34
Galahad,19,15,6
Galahad,27,0,0
Galahad,18,76,2
Galahad,91,34,0
Galahad,99,77,0
Galahad,23,99,0
Galahad,3,22,0
Galahad,5,47,0
Galahad,40,40,0
Galahad,58,79,0
Galahad,35,68,24
Galahad,100,0,0
Galahad,24,87,14
Galahad,100,47,0
Galahad,29,15,13
Galahad,45,48,28
Galahad,31,62,22
Galahad,64,0,0
Galahad,26,10,0
Galahad,15,67,0
Galahad,8,8,0
Galahad,41,61,39
Galahad,11,0,0
Galahad,15,0,0
Galahad,5,63,0
Galahad,51,13,0
Galahad,40,3,1
Galahad,97,73,44
Galahad,2,78,0
Galahad,80,0,0
Galahad,34,49,0
Galahad,69,4,0
Galahad,45,62,2
Galahad,56,37,1
Galahad,31,78,0
Galahad,34,59,1
Galahad,73,0,0
Galahad,50,67,17
Galahad,41,0,0
Galahad,97,40,31
Galahad,86,0,0
Galahad,73,10,0
Galahad,49,27,0
Galahad,46,84,41
Galahad,5,35,4
Galahad,20,0,0
Galahad,37,52,29
Galahad,26,0,0
Galahad,35,34,5
Galahad,92,4,0
Galahad,10,17,1
Galahad,77,78,52
Galahad,76,0,0
Galahad,43,0,0
Galahad,96,39,21
Galahad,19,0,0
Galahad,100,37,0
Galahad,31,23,0
Galahad,2,53,0
Galahad,50,44,0
Galahad,42,0,0
Galahad,74,0,0
Galahad,32,49,0
Galahad,48,46,0
Galahad,56,12,11
Galahad,45,0,0
Galahad,83,41,13
Galahad,58,73,0
Galahad,95,0,0
Galahad,21,0,0
Galahad,75,65,0
Galahad,51,72,37
Galahad,23,86,0
Galahad,70,67,0
Galahad,31,94,11
Galahad,34,91,0
Galahad,94,91,0
Galahad,7,36,3
Galahad,12,68,5
Galahad,12,0,0
Galahad,85,26,0
Galahad,44,90,42
Galahad,21,76,8
Galahad,90,0,0
Galahad,60,0,0
Galahad,34,0,0
Galahad,52,35,7
Galahad,97,65,41
Galahad,94,38,0
Galahad,87,0,0
Galahad,75,47,0
Galahad,19,0,0
Galahad,17,99,0
Galahad,40,0,0
Galahad,88,93,7
Galahad,55,5,0
Galahad,23,43,0
Galahad,19,0,0
Galahad,44,0,0
Galahad,62,44,0
Galahad,84,94,31
Galahad,48,90,0
Galahad,61,58,14
Galahad,52,23,0
Galahad,58,0,0
Galahad,74,0,0
Galahad,76,0,0
Galahad,85,0,0
Galahad,93,0,0
Galahad,19,11,5
Galahad,28,0,0
Galahad,36,55,0
Galahad,64,60,0
Galahad,40,51,2
Galahad,73,87,4
Galahad,85,82,27
Galahad,13,0,0
Galahad,29,10,0
Galahad,84,11,9
Galahad,50,17,0
Galahad,74,14,0
Galahad,63,7,1
Galahad,36,0,0
Galahad,36,30,28
Galahad,53,3,0
Galahad,37,69,0
Galahad,5,0,0
Galahad,40,86,0
Galahad,2,0,0
Galahad,65,13,0
Galahad,6,42,5
Galahad,46,62,0
Galahad,93,40,4
Galahad,9,30,2
Galahad,23,26,0
Galahad,6,35,0
Galahad,31,0,0
Galahad,56,92,55
Galahad,33,71,16
Galahad,45,0,0
Galahad,15,48,7
Galahad,31,0,0
Galahad,79,48,4
Galahad,31,0,0
Galahad,29,20,0
Galahad,20,79,0
Galahad,52,0,0
Galahad,81,25,0
Galahad,83,0,0
Galahad,51,1,1
Galahad,99,96,0
Galahad,34,56,0
Galahad,82,48,0
Galahad,82,46,0
Galahad,97,98,61
Galahad,5,34,0
Galahad,57,0,0
Galahad,71,40,0
Galahad,22,69,3
Galahad,2,0,0
Galahad,12,38,0
Galahad,95,93,0
Galahad,66,66,0
Galahad,98,55,0
Galahad,82,69,0
Galahad,88,51,0
Galahad,17,13,0
Galahad,19,87,0
Galahad,31,28,0
Galahad,98,6,0
Galahad,53,85,0
Galahad,72,83,70
Galahad,76,0,0
Galahad,66,54,26
Galahad,92,10,4
Galahad,14,67,0
Galahad,58,0,0
Galahad,63,23,0
Galahad,3,60,0
Galahad,59,65,0
Galahad,27,26,0
Galahad,86,59,0
Galahad,2,45,2
Galahad,84,28,0
Galahad,13,0,0
Galahad,85,0,0
Galahad,47,91,40
Galahad,3,0,0
Galahad,70,0,0
Galahad,97,0,0
Galahad,9,38,0
Galahad,86,52,12
Galahad,91,11,0
Galahad,14,89,12
Galahad,97,0,0
Galahad,59,0,0
Galahad,41,79,0
Galahad,89,61,0
Galahad,92,16,0
Galahad,100,0,0
Galahad,90,0,0
Galahad,19,0,0
Galahad,98,85,75
Galahad,58,0,0
Galahad,39,84,1
Galahad,13,0,0
Galahad,56,0,0
Galahad,12,2,2
Galahad,55,2,0
Galahad,57,27,0
Galahad,65,0,0
Galahad,59,90,55
Galahad,83,62,0
Galahad,13,0,0
Galahad,67,72,0
Galahad,11,0,0
Galahad,52,0,0
Galahad,71,0,0
Galahad,83,0,0
Galahad,28,70,0
Galahad,73,0,0
Galahad,35,93,4
Galahad,73,26,0
Galahad,64,0,0
Galahad,28,18,0
Galahad,84,0,0
Galahad,77,0,0
Galahad,99,0,0
Galahad,27,69,0
Galahad,69,60,0
Galahad,80,85,56
Galahad,79,0,0
Galahad,47,0,0
Galahad,25,28,0
Galahad,63,92,8
Galahad,99,82,0
Galahad,79,24,0
Galahad,74,88,40
Galahad,1,34,0
Galahad,20,0,0
Galahad,41,0,0
Galahad,49,24,19
Galahad,37,0,0
Galahad,42,0,0
Galahad,88,71,0
Galahad,84,63,0
Galahad,62,54,39
Galahad,51,76,0
Galahad,96,0,0
Galahad,87,78,0
Galahad,76,14,7
Galahad,94,84,0
Galahad,63,77,0
Galahad,53,70,6
Galahad,57,99,33
Galahad,40,26,0
Galahad,40,0,0
Galahad,94,9,7
Galahad,38,85,0
Galahad,75,0,0
Galahad,82,65,0
Galahad,23,36,0
Galahad,36,77,0
Galahad,4,52,1
Galahad,57,52,1
Galahad,94,95,72
Galahad,39,65,37
Galahad,17,0,0
Galahad,98,39,0
Galahad,82,91,77
Galahad,88,73,46
Galahad,15,38,0
Galahad,15,56,12
Galahad,37,87,0
Galahad,41,67,0
Galahad,20,19,0
Galahad,18,0,0
Galahad,20,0,0
Galahad,29,0,0
Galahad,83,11,0
Galahad,35,0,0
Galahad,46,33,13
Galahad,45,21,0
Galahad,73,11,0
Galahad,10,15,0
Galahad,10,92,1
Galahad,83,0,0
Galahad,23,1,0
Galahad,10,49,0
Galahad,90,44,0
Galahad,35,74,11
Galahad,37,79,16
Galahad,46,0,0
Galahad,17,61,14
Galahad,98,3,0
Galahad,10,83,10
Galahad,76,17,15
Galahad,25,59,0
Galahad,66,94,0
Galahad,96,3,0
Galahad,85,0,0
Galahad,67,79,19
Galahad,88,0,0
Galahad,91,40,0
Galahad,7,53,2
Galahad,23,74,20
Galahad,46,54,0
Galahad,99,1,0
Galahad,14,29,0
Galahad,46,0,0
Galahad,94,14,0
Galahad,58,0,0
Galahad,41,19,14
Galahad,73,0,0
Galahad,83,0,0
Galahad,68,0,0
Galahad,86,1,0
Galahad,14,0,0
Galahad,77,0,0
Galahad,47,41,0
Galahad,25,95,0
Galahad,64,25,2
Galahad,9,84,9
Galahad,77,87,0
Galahad,94,38,16
Galahad,76,71,0
Galahad,72,0,0
Galahad,82,89,0
Galahad,41,0,0
Galahad,61,47,0
Galahad,64,87,52
Galahad,91,76,72
Galahad,82,98,37
Galahad,64,0,0
Galahad,70,99,33
Galahad,45,61,0
Galahad,94,73,0
Galahad,22,26,0
Galahad,79,6,0
Galahad,39,0,0
Galahad,3,84,0
Galahad,14,44,0
Galahad,51,74,0
Galahad,87,0,0
Galahad,92,68,0
Galahad,47,11,0
Galahad,29,0,0
Galahad,78,46,1
Galahad,2,50,0
Galahad,33,0,0
Galahad,13,2,2
Galahad,59,10,0
Galahad,80,31,17
Galahad,62,0,0
Galahad,65,93,0
Galahad,71,76,0
Galahad,83,38,0
Galahad,74,0,0
Galahad,36,79,0
Galahad,28,17,12
Galahad,33,0,0
Galahad,77,43,0
Galahad,12,0,0
Galahad,6,58,1
Galahad,77,26,0
Galahad,14,0,0
Galahad,60,59,3
Galahad,87,71,0
Galahad,98,94,0
Galahad,65,55,25
Galahad,1,88,0
Galahad,85,0,0
Galahad,99,11,9
Galahad,77,0,0
Galahad,57,73,0
Galahad,12,0,0
Galahad,47,28,0
Galahad,48,93,0
Galahad,100,0,0
Galahad,46,10,0
Galahad,50,46,0
Galahad,100,46,46
Galahad,17,45,0
Galahad,64,0,0
Galahad,98,18,0
Galahad,17,28,0
Galahad,99,15,7
Galahad,58,6,0
Galahad,16,48,0
Galahad,62,0,0
Galahad,37,0,0
Galahad,62,78,54
Galahad,17,28,6
Galahad,60,100,11
Galahad,94,0,0
Galahad,46,0,0
Galahad,77,0,0
Galahad,55,0,0
Galahad,100,28,0
Galahad,88,0,0
Galahad,55,60,38
Galahad,61,71,20
Galahad,26,44,0
Galahad,80,21,14
Galahad,35,31,0
Galahad,44,84,19
Galahad,48,0,0
Galahad,45,86,0
Galahad,31,23,0
Galahad,32,85,6
Galahad,93,92,0
Galahad,52,53,0
Galahad,80,88,34
Galahad,72,99,0
Galahad,44,67,19
Galahad,17,0,0
Galahad,76,44,0
Galahad,49,78,27
Galahad,84,0,0
Galahad,98,92,0
Galahad,87,24,14
Galahad,75,0,0
Galahad,78,16,0
Galahad,85,59,0
Galahad,72,0,0
Galahad,68,98,0
Galahad,60,0,0
Galahad,26,0,0
Galahad,65,35,0
Galahad,92,0,0
Galahad,53,0,0
Galahad,78,23,0
Galahad,5,59,4
Galahad,77,85,7
Galahad,4,64,2
Galahad,48,13,11
Galahad,83,34,0
Galahad,89,53,0
Galahad,62,0,0
Galahad,41,42,0
Galahad,71,0,0
Galahad,52,36,0
Galahad,73,0,0
Galahad,25,100,0
Galahad,9,38,0
Galahad,91,98,0
Galahad,45,13,7
Galahad,1,43,1
Galahad,31,19,6
Galahad,84,0,0
Galahad,96,67,16
Galahad,52,0,0
Galahad,39,49,0
Galahad,11,96,0
Galahad,48,34,0
Galahad,51,55,0
Galahad,8,0,0
Galahad,76,55,0
Galahad,10,43,0
Galahad,68,0,0
Galahad,91,86,0
Galahad,61,6,6
Galahad,97,0,0
Galahad,55,25,0
Galahad,14,0,0
Galahad,34,92,0
Galahad,71,0,0
Galahad,28,0,0
Galahad,41,84,30
Galahad,19,68,0
Galahad,41,0,0
Galahad,16,67,0
Galahad,6,0,0
Galahad,13,0,0
Galahad,63,0,0
Galahad,83,6,0
Galahad,95,0,0
Galahad,38,98,35
Galahad,72,100,1
Galahad,39,0,0
Galahad,6,0,0
Galahad,51,13,0
Galahad,60,0,0
Galahad,45,81,15
Galahad,71,59,0
Galahad,6,0,0
Galahad,69,0,0
Galahad,76,12,0
Galahad,64,65,0
Galahad,73,8,0
Galahad,22,52,8
Galahad,73,84,17
Galahad,67,57,0
Galahad,5,90,0
Galahad,34,17,0
Galahad,69,2,2
Galahad,68,94,57
Galahad,23,83,0
Galahad,21,77,0
Galahad,92,75,35
Galahad,9,42,0
Galahad,47,0,0
Galahad,32,73,12
Galahad,93,0,0
Galahad,40,74,0
Galahad,90,88,0
Galahad,80,59,0
Galahad,30,44,13
Galahad,98,49,0
Galahad,32,53,0
Galahad,72,46,26
Galahad,9,65,2
Galahad,70,70,0
Galahad,7,39,0
Galahad,44,80,0
Galahad,15,90,0
Galahad,54,76,5
Galahad,44,92,0
Galahad,98,28,2
Galahad,19,6,0
Galahad,42,49,0
Galahad,73,0,0
Galahad,65,69,19
Galahad,47,44,34
Galahad,65,75,0
Galahad,50,0,0
Galahad,42,34,0
Galahad,52,25,0
Galahad,15,8,0
Galahad,6,30,0
Galahad,79,4,0
Galahad,26,42,20
Galahad,5,29,5
Galahad,40,0,0
Galahad,96,0,0
Galahad,44,0,0
Galahad,56,39,0
Galahad,70,81,36
Galahad,27,0,0
Galahad,14,60,0
Galahad,91,77,0
Galahad,86,85,20
Galahad,56,0,0
Galahad,75,38,0
Galahad,25,35,0
Galahad,70,58,0
Galahad,68,30,0
Galahad,71,30,0
Galahad,54,45,0
Galahad,98,0,0
Galahad,40,0,0
Galahad,19,70,0
Galahad,85,16,3
Galahad,89,95,0
Galahad,91,94,0
Galahad,95,37,18
Galahad,79,0,0
Galahad,54,29,0
Galahad,22,0,0
Galahad,23,24,0
Galahad,9,47,0
Galahad,38,0,0
Galahad,36,74,8
Galahad,89,43,43
Galahad,13,0,0
Galahad,85,13,4
Galahad,76,1,1
Galahad,72,0,0
Galahad,51,0,0
Galahad,94,90,21
Galahad,80,57,22
Galahad,11,0,0
Galahad,27,77,0
Galahad,33,0,0
Galahad,12,64,7
Galahad,40,92,24
Galahad,53,16,12
Galahad,77,85,0
Galahad,56,56,14
Galahad,73,63,0
Galahad,65,94,14
Galahad,13,5,0
Galahad,68,0,0
Galahad,88,0,0
Galahad,83,27,0
Galahad,66,0,0
Galahad,50,76,27
Galahad,14,46,0
Galahad,16,80,0
Galahad,86,10,0
Galahad,37,0,0
Galahad,70,49,20
Galahad,12,74,6
Galahad,73,75,24
Galahad,100,0,0
Galahad,34,40,18
Galahad,71,0,0
Galahad,20,0,0
Galahad,87,0,0
Galahad,2,3,0
Galahad,19,0,0
Galahad,14,0,0
Galahad,5,37,0
Galahad,41,55,0
Galahad,62,28,27
Galahad,3,56,0
Galahad,85,60,0
Galahad,91,19,0
Galahad,17,58,0
Galahad,18,45,0
Galahad,97,0,0
Galahad,57,85,0
Galahad,11,37,8
Galahad,26,0,0
Galahad,8,0,0
Galahad,96,58,0
Galahad,23,0,0
Galahad,8,29,0
Galahad,5,63,3
Galahad,83,82,0
Galahad,99,57,21
Galahad,45,31,0
Galahad,21,74,0
Galahad,82,0,0
Galahad,21,68,0
Galahad,23,1,0
Galahad,71,40,0
Galahad,5,0,0
Galahad,29,95,0
Galahad,14,44,11
Galahad,52,30,0
Galahad,25,64,0
Galahad,5,78,1
Galahad,66,33,24
Galahad,32,84,14
Galahad,86,80,0
Galahad,57,33,0
Galahad,93,15,11
Galahad,7,62,0
Galahad,44,71,0
Galahad,6,52,0
Galahad,46,0,0
Galahad,38,19,0
Galahad,32,0,0
Galahad,60,72,0
Galahad,13,73,12
Galahad,59,0,0
Galahad,28,0,0
Galahad,60,66,0
Galahad,32,0,0
Galahad,55,0,0
Galahad,71,2,0
Galahad,88,34,0
Galahad,46,0,0
Galahad,19,47,0
Galahad,45,85,0
Galahad,46,0,0
Galahad,30,0,0
Galahad,50,80,0
Galahad,72,65,0
Galahad,92,34,0
Galahad,73,42,26
Galahad,65,0,0
Galahad,100,0,0
Galahad,19,65,1
Galahad,15,0,0
Galahad,16,91,0
Galahad,39,41,38
Galahad,17,87,2
Galahad,94,29,6
Galahad,71,0,0
Galahad,56,0,0
Galahad,46,94,0
Galahad,22,46,0
Galahad,67,36,0
Galahad,59,19,0
Galahad,55,0,0
Galahad,37,57,18
Galahad,55,92,0
Galahad,42,71,0
Galahad,28,69,20
Galahad,20,11,0
Galahad,20,65,0
Galahad,41,92,0
Galahad,89,22,0
Galahad,47,40,23
Galahad,50,47,42
Galahad,63,28,0
Galahad,55,13,0
Galahad,32,19,5
Galahad,61,3,3
Galahad,72,67,0
Galahad,37,15,5
Galahad,56,49,35
Galahad,75,0,0
Galahad,25,52,0
Galahad,43,0,0
Galahad,25,91,4
Galahad,90,11,5
Galahad,93,0,0
Galahad,43,53,0
Galahad,23,7,5
Galahad,42,0,0
Galahad,88,65,0
Galahad,45,21,18
Galahad,79,0,0
Galahad,70,97,0
Galahad,10,48,9
Galahad,37,88,30
Galahad,82,0,0
Galahad,52,75,25
Galahad,71,99,0
Galahad,6,58,0
Galahad,20,85,15
Galahad,10,0,0
Galahad,35,0,0
Galahad,67,25,5
Galahad,89,0,0
Galahad,79,83,0
Galahad,70,69,0
Galahad,50,38,38
Galahad,57,20,0
Galahad,16,0,0
Galahad,58,0,0
Galahad,94,98,0
Galahad,50,0,0
Galahad,65,95,0
Galahad,12,12,0
Galahad,44,26,3
Galahad,42,77,15
Galahad,45,52,0
Galahad,46,80,0
Galahad,43,67,11
Galahad,25,42,0
Galahad,73,43,0
Galahad,95,54,31
Galahad,28,45,0
Galahad,52,95,0
Galahad,11,93,0
Galahad,42,49,0
Galahad,20,13,10
Galahad,55,58,3
Galahad,35,21,0
Galahad,76,20,6
Galahad,86,0,0
Galahad,93,0,0
Galahad,63,78,0
Galahad,95,0,0
Galahad,15,27,3
Galahad,10,4,0
Galahad,5,5,2
Galahad,87,84,0
Galahad,45,43,0
Galahad,82,5,0
Galahad,21,0,0
Galahad,91,44,3
Galahad,55,21,13
Galahad,13,99,0
Galahad,74,86,0
Galahad,90,89,0
Galahad,5,21,3
Galahad,94,0,0
Galahad,58,14,0
Galahad,84,5,0
Galahad,90,0,0
Galahad,20,41,0
Galahad,98,20,0
Galahad,53,0,0
Galahad,89,52,32
Galahad,22,92,0
Galahad,55,94,0
Galahad,2,79,2
Galahad,48,49,0
Galahad,29,62,0
Galahad,20,0,0
Galahad,59,0,0
Galahad,66,0,0
Galahad,79,75,0
Galahad,50,41,0
Galahad,6,44,0
Galahad,59,15,0
Galahad,48,0,0
Galahad,95,17,0
Galahad,45,35,5
Galahad,92,25,10
Galahad,69,56,0
Galahad,24,100,24
Galahad,29,53,22
Galahad,92,0,0
Galahad,2,56,0
Galahad,61,17,8
Galahad,5,43,5
Galahad,100,99,18
Galahad,52,50,0
Galahad,89,0,0
Galahad,74,88,34
Galahad,96,39,0
Galahad,50,86,21
Galahad,9,0,0
Galahad,88,26,0
Galahad,86,62,0
Galahad,48,0,0
Galahad,57,12,0
Galahad,19,59,0
Galahad,84,0,0
Galahad,73,31,17
Galahad,66,1,0
Galahad,17,99,0
Galahad,71,46,0
Galahad,73,25,0
Galahad,50,69,27
Galahad,37,37,0
Galahad,56,2,0
Galahad,71,20,0
Galahad,89,0,0
Galahad,39,36,0
Galahad,76,14,7
Galahad,88,73,29
Galahad,54,68,22
Galahad,67,31,21
Galahad,72,68,0
Galahad,86,58,0
Galahad,5,40,0
Galahad,55,95,52
Galahad,85,69,54
Galahad,1,0,0
Galahad,60,44,0
Galahad,98,100,0
Galahad,87,0,0
Galahad,50,0,0
Galahad,14,33,0
Galahad,44,0,0
Galahad,79,11,0
Galahad,88,2,0
Galahad,82,43,0
Galahad,96,18,12
Galahad,58,0,0
Galahad,32,13,0
Galahad,84,51,0
Galahad,95,38,30
Galahad,86,0,0
Galahad,78,0,0
Galahad,35,68,0
Galahad,63,17,12
Galahad,72,49,0
Galahad,20,87,3
Galahad,37,59,0
Galahad,19,86,15
Galahad,73,67,0
Galahad,20,0,0
Galahad,4,0,0
Galahad,85,0,0
Galahad,33,0,0
Galahad,81,0,0
Galahad,87,95,0
Galahad,99,38,0
Galahad,72,38,0
Galahad,88,22,7
Galahad,16,28,0
Galahad,70,64,0
Galahad,11,13,5
Galahad,44,0,0
Galahad,17,57,0
Galahad,39,71,0
Galahad,4,61,0
Galahad,13,0,0
Galahad,30,0,0
Galahad,4,0,0
Galahad,3,48,2
Galahad,73,65,0
Galahad,76,0,0
Galahad,88,0,0
Galahad,22,52,0
Galahad,38,8,0
Galahad,84,40,0
Galahad,50,0,0
Galahad,96,0,0
Galahad,6,96,2
Galahad,34,0,0
Galahad,54,77,0
Galahad,71,0,0
Galahad,55,0,0
Galahad,22,0,0
Galahad,46,26,17
Galahad,15,76,0
Galahad,86,96,0
Galahad,2,76,0
Galahad,76,0,0
Galahad,7,100,3
Galahad,78,0,0
Galahad,86,0,0
Galahad,85,43,0
Galahad,9,71,1
Galahad,48,88,0
Galahad,87,75,0
Galahad,73,63,0
Galahad,20,83,0
Galahad,17,14,0
Galahad,73,0,0
Galahad,50,0,0
Galahad,23,32,19
Galahad,100,0,0
Galahad,14,1,0
Galahad,50,15,5
Galahad,41,0,0
Galahad,94,84,51
Galahad,49,93,40
Galahad,69,40,25
Galahad,73,0,0
Galahad,50,0,0
Galahad,57,25,23
Galahad,67,57,25
Galahad,44,93,0
Galahad,97,72,43
Galahad,46,0,0
Galahad,88,96,0
Galahad,1,43,0
Galahad,67,0,0
Galahad,82,53,0
Galahad,19,82,0
Galahad,82,96,0
Galahad,76,25,0
Galahad,74,6,4
Galahad,53,49,1
Galahad,34,0,0
Galahad,73,44,11
Galahad,37,28,23
Galahad,69,88,0
Galahad,16,29,0
Galahad,78,0,0
Galahad,61,80,51
Galahad,72,15,1
Galahad,66,1,1
Galahad,97,0,0
Galahad,29,81,0
Galahad,59,21,0
Galahad,4,49,0
Galahad,7,0,0
Galahad,23,85,0
Galahad,55,86,0
Galahad,51,0,0
Galahad,45,0,0
Galahad,99,34,2
Galahad,44,72,26
Galahad,3,97,0
Galahad,33,53,0
Galahad,89,0,0
Galahad,11,69,5
Galahad,64,8,7
Galahad,79,2,0
Galahad,11,97,0
Galahad,74,100,0
Galahad,49,48,0
Galahad,28,89,0
Galahad,42,59,18
Galahad,42,22,1
Galahad,41,91,0
Galahad,51,7,0
Galahad,40,0,0
Galahad,29,51,0
Galahad,15,66,0
Galahad,61,0,0
Galahad,54,98,0
Galahad,32,70,12
Galahad,91,16,0
Galahad,93,0,0
Galahad,98,27,7
Galahad,17,0,0
Galahad,7,0,0
Galahad,85,6,0
Galahad,54,0,0
Galahad,8,17,0
Galahad,88,30,0
Galahad,77,0,0
Galahad,92,1,0
Galahad,19,78,0
Galahad,80,55,0
Galahad,37,0,0
Galahad,55,26,0
Galahad,34,2,0
Galahad,63,93,0
Galahad,91,2,0
Galahad,88,93,0
Galahad,43,25,0
Galahad,77,7,6
Galahad,70,0,0
Galahad,36,0,0
Galahad,78,50,3
Galahad,52,0,0
Galahad,86,37,0
Galahad,19,35,0
Galahad,53,6,0
Galahad,17,35,12
Galahad,66,91,33
Galahad,80,61,3
Galahad,55,0,0
Galahad,51,0,0
Galahad,73,67,0
Galahad,93,78,38
Galahad,71,41,1
Galahad,46,86,0
Galahad,33,59,29
Galahad,75,69,0
Galahad,36,95,0
Galahad,47,17,16
Galahad,79,11,6
Galahad,53,0,0
Galahad,68,71,49
Galahad,96,53,29
Galahad,37,63,37
Galahad,26,0,0
Galahad,6,0,0
Galahad,62,0,0
Galahad,76,21,18
Galahad,58,28,0
Galahad,12,38,2
Galahad,59,0,0
Galahad,93,2,0
Galahad,95,24,23
Galahad,41,95,17
Galahad,23,14,0
Galahad,20,0,0
Galahad,13,38,5
Galahad,44,37,0
Galahad,32,25,0
Galahad,58,83,16
Galahad,71,77,0
Galahad,61,0,0
Galahad,14,54,2
Galahad,6,30,5
Galahad,99,3,2
Galahad,62,36,23
Galahad,22,64,0
Galahad,17,0,0
Galahad,77,0,0
Galahad,18,89,15
Galahad,34,59,0
Galahad,27,0,0
Galahad,25,0,0
Galahad,93,0,0
Galahad,92,41,0
Galahad,17,3,2
Galahad,22,63,0
Galahad,40,88,0
Galahad,74,14,0
Galahad,19,88,0
Galahad,45,79,25
Galahad,72,24,0
Galahad,25,0,0
Galahad,69,68,0
Galahad,22,0,0
Galahad,60,95,20
Galahad,73,0,0
Galahad,53,3,1
Galahad,3,71,1
Galahad,71,0,0
Galahad,87,0,0
Galahad,21,65,12
Galahad,55,82,0
Galahad,13,71,9
Galahad,48,0,0
Galahad,61,40,0
Galahad,33,49,0
Galahad,90,0,0
Galahad,34,59,0
Galahad,7,0,0
Galahad,87,0,0
Galahad,73,0,0
Galahad,31,23,0
Galahad,9,0,0
Galahad,77,35,0
Galahad,3,34,1
Galahad,13,87,11
Galahad,46,10,0
Galahad,82,33,31
Galahad,53,20,0
Galahad,14,7,7
Galahad,44,0,0
Galahad,11,91,4
Galahad,50,27,10
Galahad,98,97,0
Galahad,7,37,0
Galahad,78,37,18
Galahad,6,96,0
Galahad,56,32,0
Galahad,88,0,0
Galahad,15,0,0
Galahad,3,0,0
Galahad,50,46,0
Galahad,22,11,0
Galahad,40,83,2
Galahad,40,0,0
Galahad,63,14,0
Galahad,57,0,0
Galahad,53,0,0
Galahad,15,17,0
Galahad,61,0,0
Galahad,82,71,3
Galahad,24,76,19
Galahad,67,40,0
Galahad,66,0,0
Galahad,67,33,0
Galahad,4,65,0
Galahad,89,36,0
Galahad,43,91,0
Galahad,17,98,0
Galahad,9,0,0
Galahad,52,32,25
Galahad,59,41,26
Galahad,98,44,0
Galahad,65,96,0
Galahad,92,53,0
Galahad,61,4,0
Galahad,100,8,0
Galahad,55,58,0
Galahad,45,0,0
Galahad,92,21,0
Galahad,82,0,0
Galahad,63,0,0
Galahad,25,7,0
Galahad,30,60,9
Galahad,96,73,0
Galahad,60,90,0
Galahad,48,91,0
Galahad,41,0,0
Galahad,95,51,0
Galahad,77,63,0
Galahad,62,69,38
Galahad,3,0,0
Galahad,23,0,0
Galahad,17,10,0
Galahad,31,0,0
Galahad,95,0,0
Galahad,90,0,0
Galahad,27,0,0
Galahad,21,9,0
Galahad,16,21,0
Galahad,69,39,0
Galahad,23,38,0
Galahad,65,0,0
Galahad,33,0,0
Galahad,83,16,6
Galahad,2,0,0
Galahad,42,81,23
Galahad,46,47,0
Galahad,21,0,0
Galahad,70,52,0
Galahad,61,72,0
Galahad,47,63,36
Galahad,28,0,0
Galahad,83,20,0
Galahad,42,0,0
Galahad,65,81,0
Galahad,58,21,0
Galahad,89,25,10
Galahad,18,94,0
Galahad,2,40,2
Galahad,33,71,0
Galahad,94,27,0
Galahad,78,83,0
Galahad,71,59,0
Galahad,96,21,0
Galahad,71,2,0
Galahad,44,61,0
Galahad,12,0,0
Galahad,22,0,0
Galahad,83,0,0
Galahad,10,0,0
Galahad,65,0,0
Galahad,100,81,0
Galahad,86,0,0
Galahad,63,21,0
Galahad,81,4,0
Galahad,99,98,0
Galahad,73,5,0
Galahad,54,82,33
Galahad,100,88,0
Galahad,21,83,8
Galahad,44,52,0
Galahad,98,72,21
Galahad,10,32,0
Galahad,15,0,0
Galahad,37,27,1
Galahad,16,70,0
Galahad,87,26,5
Galahad,31,87,4
Galahad,40,0,0
Galahad,88,0,0
Galahad,77,0,0
Galahad,84,95,43
Galahad,98,0,0
Galahad,26,47,0
Galahad,49,7,3
Galahad,51,0,0
Galahad,98,8,0
Galahad,57,78,0
Galahad,16,58,16
Galahad,56,74,0
Galahad,55,49,0
Galahad,58,0,0
Galahad,27,0,0
Galahad,81,41,11
Galahad,25,10,2
Galahad,45,36,0
Galahad,100,18,3
Galahad,2,19,1
Galahad,35,0,0
Galahad,38,93,0
Galahad,7,13,0
Galahad,25,0,0
Galahad,72,11,3
Galahad,75,0,0
Galahad,15,0,0
Galahad,65,80,0
Galahad,31,45,0
Galahad,15,0,0
Galahad,29,2,0
Galahad,95,90,65
Galahad,57,31,0
Galahad,91,15,0
Galahad,96,0,0
Galahad,94,2,0
Galahad,61,0,0
Galahad,36,0,0
Galahad,3,84,0
Galahad,6,83,3
Galahad,7,0,0
Galahad,87,0,0
Galahad,12,63,4
Galahad,56,13,12
Galahad,53,83,29
Galahad,24,0,0
Galahad,14,19,0
Galahad,87,3,0
Galahad,61,34,0
Galahad,51,52,20
Galahad,4,48,3
Galahad,73,20,0
Galahad,29,70,0
Galahad,65,7,0
Galahad,71,92,0
Galahad,34,55,0
Galahad,71,0,0
Galahad,49,49,25
Galahad,66,62,0
Galahad,2,0,0
Galahad,26,57,25
Galahad,2,90,0
Galahad,67,48,0
Galahad,48,97,0
Galahad,52,57,0
Galahad,80,0,0
Galahad,3,18,0
Galahad,19,73,0
Galahad,96,77,0
Galahad,97,0,0
Galahad,82,53,0
Galahad,62,0,0
Galahad,20,58,0
Galahad,94,40,0
Galahad,87,36,0
Galahad,52,0,0
Galahad,61,62,0
Galahad,12,100,0
Galahad,79,0,0
Galahad,84,70,47
Galahad,77,0,0
Galahad,6,43,6
Galahad,13,61,7
Galahad,43,0,0
Galahad,68,45,7
Galahad,98,0,0
Galahad,10,0,0
Galahad,46,0,0
Galahad,41,98,2
Galahad,22,0,0
Galahad,100,96,32
Galahad,9,4,4
Galahad,11,50,0
Galahad,54,0,0
Galahad,64,0,0
Galahad,83,0,0
Galahad,9,71,2
Galahad,56,93,17
Galahad,86,5,0
Galahad,6,74,0
Galahad,52,0,0
Galahad,77,0,0
Galahad,28,6,0
Galahad,47,8,0
Galahad,81,0,0
Galahad,59,38,26
Galahad,3,62,0
Galahad,64,0,0
Galahad,3,10,0
Galahad,55,0,0
Galahad,17,74,0
Galahad,3,10,2
Galahad,84,3,0
Galahad,55,0,0
Galahad,59,42,22
Galahad,19,0,0
Galahad,8,0,0
Galahad,60,99,39
Galahad,30,14,2
Galahad,17,39,0
Galahad,53,19,3
Galahad,66,80,0
Galahad,23,3,1
Galahad,30,95,0
Galahad,48,69,44
Galahad,14,92,0
Galahad,49,85,43
Galahad,80,30,30
Galahad,31,0,0
Galahad,23,45,0
Galahad,26,40,0
Galahad,15,0,0
Galahad,59,90,13
Galahad,69,83,41
Galahad,53,17,0
Galahad,46,23,19
Galahad,35,0,0
Galahad,77,0,0
Galahad,12,82,0
Galahad,86,14,0
Galahad,89,37,0
Galahad,47,0,0
Galahad,84,83,25
Galahad,85,99,0
Galahad,91,90,23
Galahad,85,65,0
Galahad,40,6,0
Galahad,18,64,0
Galahad,91,64,0
Galahad,73,63,50
Galahad,78,22,0
Galahad,89,0,0
Galahad,60,11,0
Galahad,62,44,0
Galahad,85,41,0
Galahad,40,0,0
Galahad,82,0,0
Galahad,24,38,0
Galahad,15,0,0
Galahad,66,62,0
Galahad,7,0,0
Galahad,65,31,23
Galahad,16,67,0
Galahad,19,76,0
Galahad,99,71,0
Galahad,34,95,0
Galahad,17,0,0
Galahad,80,61,0
Galahad,76,48,0
Galahad,2,0,0
Galahad,29,0,0
Galahad,49,30,0
Galahad,50,9,0
Galahad,75,75,0
Galahad,39,20,0
Galahad,72,25,0
Galahad,95,62,0
Galahad,25,68,9
Galahad,92,1,1
Galahad,58,36,0
Galahad,5,8,5
Galahad,19,6,0
Galahad,73,0,0
Galahad,14,38,9
Galahad,64,49,15
Galahad,95,9,0
Galahad,66,78,13
Galahad,73,19,0
Galahad,47,2,1
Galahad,95,0,0
Galahad,75,0,0
Galahad,24,32,5
Galahad,70,40,19
Galahad,21,12,0
Galahad,12,99,4
Galahad,81,15,0
Galahad,88,26,2
Galahad,78,0,0
Galahad,33,48,2
Galahad,66,0,0
Galahad,6,91,0
Galahad,23,85,0
Galahad,17,72,0
Galahad,52,0,0
Galahad,58,0,0
Galahad,38,0,0
Galahad,83,84,0
Galahad,67,0,0
Galahad,15,0,0
Galahad,52,42,33
Galahad,100,13,1
Galahad,56,0,0
Galahad,67,10,0
Galahad,53,89,0
Galahad,79,30,19
Galahad,29,0,0
Galahad,88,21,0
Galahad,71,65,0
Galahad,27,46,0
Galahad,42,48,0
Galahad,84,89,0
Galahad,92,0,0
Galahad,83,43,0
Galahad,75,14,0
Galahad,36,3,0
Galahad,52,0,0
Galahad,37,87,0
Galahad,8,48,0
Galahad,73,91,0
Galahad,59,0,0
Galahad,40,98,0
Galahad,97,70,0
Galahad,56,57,0
Galahad,59,51,0
Galahad,64,3,0
Galahad,84,0,0
Galahad,18,99,0
Galahad,36,41,34
Galahad,23,5,0
Galahad,2,77,1
Galahad,30,70,17
Galahad,97,51,0
Galahad,59,31,0
Galahad,74,84,5
Galahad,92,0,0
Galahad,83,0,0
Galahad,44,93,0
Galahad,58,26,0
Galahad,52,75,17
Galahad,70,19,0
Galahad,90,0,0
Galahad,31,0,0
Galahad,18,0,0
Galahad,7,79,1
Galahad,27,95,0
Galahad,62,0,0
Galahad,56,35,4
Galahad,84,44,0
Galahad,29,46,0
Galahad,45,67,0
Galahad,39,92,17
Galahad,26,78,0
Galahad,57,0,0
Galahad,30,49,22
Galahad,33,0,0
Galahad,92,87,0
Galahad,95,0,0
Galahad,78,25,0
Galahad,57,100,0
Galahad,83,21,0
Galahad,57,85,0
Galahad,72,28,26
Galahad,20,97,13
Galahad,66,26,0
Galahad,64,57,24
Galahad,32,75,0
Galahad,34,0,0
Galahad,83,46,0
Galahad,30,29,0
Galahad,86,74,0
Galahad,29,95,29
Galahad,1,0,0
Galahad,95,85,0
Galahad,31,9,9
Galahad,46,4,0
Galahad,58,0,0
Galahad,75,0,0
Galahad,56,0,0
Galahad,19,0,0
Galahad,78,77,0
Galahad,91,65,5
Galahad,52,6,2
Galahad,59,0,0
Galahad,71,0,0
Galahad,12,33,5
Galahad,86,0,0
Galahad,40,0,0
Galahad,4,0,0
Galahad,71,45,4
Galahad,56,0,0
Galahad,21,19,0
Galahad,5,0,0
Galahad,83,50,0
Galahad,91,76,0
Galahad,12,68,0
Galahad,32,57,0
Galahad,1,31,0
Galahad,37,44,21
Galahad,2,0,0
Galahad,54,21,0
Galahad,6,96,0
Galahad,2,55,0
Galahad,76,46,46
Galahad,80,0,0
Galahad,61,24,3
Galahad,51,34,0
Galahad,52,57,0
Galahad,13,96,10
Galahad,93,40,40
Galahad,21,0,0
Galahad,80,59,0
Galahad,56,61,0
Galahad,40,95,0
Galahad,59,0,0
Galahad,66,0,0
Galahad,48,51,12
Galahad,67,0,0
Galahad,17,74,0
Galahad,37,0,0
Galahad,75,98,42
Galahad,45,64,0
Galahad,4,0,0
Galahad,51,40,1
Galahad,33,68,0
Galahad,75,22,0
Galahad,57,26,0
Galahad,36,63,0
Galahad,69,93,24
Galahad,41,49,0
Galahad,38,0,0
Galahad,82,75,0
Galahad,81,72,34
Galahad,34,64,0
Galahad,61,24,0
Galahad,68,8,0
Galahad,20,0,0
Galahad,98,1,0
Galahad,75,0,0
Galahad,68,91,0
Galahad,100,88,0
Galahad,6,40,0
Galahad,77,0,0
Galahad,92,85,0
Galahad,55,0,0
Galahad,21,83,13
Galahad,15,77,0
Galahad,87,52,24
Galahad,95,21,15
Galahad,12,0,0
Galahad,3,38,3
Galahad,57,85,1
Galahad,76,58,54
Galahad,71,20,0
Galahad,69,99,0
Galahad,6,0,0
Galahad,69,56,0
Galahad,61,0,0
Galahad,46,0,0
Galahad,80,75,0
Galahad,17,94,8
Galahad,57,0,0
Galahad,53,15,0
Galahad,80,0,0
Galahad,86,0,0
Galahad,78,84,0
Galahad,90,41,0
Galahad,63,49,0
Galahad,62,26,9
Galahad,25,0,0
Galahad,70,39,13
Galahad,78,0,0
Galahad,60,0,0
Galahad,44,0,0
Galahad,64,45,0
Galahad,89,0,0
Galahad,21,0,0
Galahad,66,52,34
Galahad,64,91,0
Galahad,8,0,0
Galahad,48,2,1
Galahad,11,69,0
Galahad,3,0,0
Galahad,4,88,0
Galahad,24,0,0
Galahad,7,37,7
Galahad,53,80,0
Galahad,74,0,0
Galahad,90,97,13
Galahad,39,22,0
Galahad,20,0,0
Galahad,2,59,1
Galahad,50,32,10
Galahad,89,37,15
Galahad,22,74,13
Galahad,50,33,25
Galahad,98,25,9
Galahad,90,84,72
Galahad,93,25,0
Galahad,69,0,0
Galahad,46,7,7
Galahad,46,74,0
Galahad,6,51,0
Galahad,52,96,0
Galahad,74,0,0
Galahad,77,86,0
Galahad,77,95,18
Galahad,20,81,8
Galahad,28,30,3
Galahad,72,0,0
Galahad,30,0,0
Galahad,93,0,0
Galahad,58,95,0
Galahad,27,0,0
Galahad,36,75,8
Galahad,2,0,0
Galahad,48,12,8
Galahad,29,0,0
Galahad,38,21,0
Galahad,90,0,0
Galahad,48,65,47
Galahad,3,0,0
Galahad,67,0,0
Galahad,5,40,0
Galahad,4,52,4
Galahad,27,32,11
Galahad,76,9,0
Galahad,69,0,0
Galahad,91,10,4
Galahad,54,6,0
Galahad,72,0,0
Galahad,75,0,0
Galahad,43,43,19
Galahad,60,8,0
Galahad,20,90,0
Galahad,97,35,0
Galahad,53,0,0
Galahad,67,37,0
Galahad,69,0,0
Galahad,100,57,27
Galahad,62,41,0
Galahad,23,21,0
Galahad,13,79,0
Galahad,36,25,0
Galahad,89,97,0
Galahad,96,98,0
Galahad,92,49,0
Galahad,92,4,0
Galahad,70,0,0
Galahad,88,51,13
Galahad,50,0,0
Galahad,56,7,0
Galahad,85,0,0
Galahad,26,0,0
Galahad,18,0,0
Galahad,74,0,0
Galahad,69,42,8
Galahad,10,82,3
Galahad,7,78,6
Galahad,98,97,23
Galahad,1,95,1
Galahad,64,99,32
Galahad,2,38,2
Galahad,57,0,0
Galahad,35,77,0
Galahad,80,91,0
Galahad,90,98,0
Galahad,45,44,13
Galahad,88,22,0
Galahad,16,48,9
Galahad,14,78,9
Galahad,54,76,20
Galahad,7,0,0
Galahad,72,0,0
Galahad,29,73,0
Galahad,67,8,0
Galahad,32,88,0
Galahad,20,80,14
Galahad,19,87,0
Galahad,8,0,0
Galahad,37,24,0
Galahad,61,70,0
Galahad,17,85,0
Galahad,83,0,0
Galahad,85,47,0
Galahad,43,87,0
Galahad,54,71,0
Galahad,69,24,0
Galahad,22,31,18
Galahad,16,81,0
Galahad,98,26,10
Galahad,42,78,0
Galahad,66,0,0
Galahad,69,2,2
Galahad,86,91,0
Galahad,68,0,0
Galahad,45,44,0
Galahad,82,63,60
Galahad,74,0,0
Galahad,2,91,0
Galahad,84,15,8
Galahad,29,69,0
Galahad,33,72,19
Galahad,27,90,0
Galahad,12,1,0
Galahad,55,6,0
Galahad,22,75,0
Galahad,72,0,0
Galahad,48,0,0
Galahad,97,81,0
Galahad,27,55,4
Galahad,18,63,0
Galahad,63,95,0
Galahad,13,1,1
Galahad,86,34,0
Galahad,4,50,0
Galahad,1,38,1
Galahad,33,94,22
Galahad,58,71,57
Galahad,15,66,0
Galahad,77,4,0
Galahad,90,10,0
Galahad,71,0,0
Galahad,77,44,0
Galahad,86,25,0
Galahad,36,2,0
Galahad,79,40,39
Galahad,15,0,0
Galahad,26,30,4
Galahad,97,24,13
Galahad,100,21,0
Galahad,29,48,0
Galahad,88,0,0
Galahad,82,5,3
Galahad,85,93,19
Galahad,84,83,0
Galahad,96,10,0
Galahad,93,79,0
Galahad,31,41,21
Galahad,57,0,0
Galahad,34,72,0
Galahad,7,1,0
Galahad,80,68,0
Galahad,1,65,1
Galahad,87,0,0
Galahad,88,63,12
Galahad,22,62,0
Galahad,27,20,17
Galahad,38,11,0
Galahad,80,0,0
Galahad,36,39,9
Galahad,91,12,3
Galahad,85,0,0
Galahad,81,0,0
Galahad,44,71,2
Galahad,80,96,22
Galahad,94,32,26
Galahad,54,69,0
Galahad,60,48,0
Galahad,16,54,13
Galahad,93,26,19
Galahad,28,56,2
Galahad,61,82,8
Galahad,30,59,0
Galahad,29,4,3
Galahad,100,26,26
Galahad,7,0,0
Galahad,10,10,9
Galahad,41,0,0
Galahad,46,35,0
Galahad,64,5,0
Galahad,65,99,0
Galahad,31,0,0
Galahad,97,0,0
Galahad,88,97,0
Galahad,49,0,0
Galahad,98,0,0
Galahad,93,57,0
Galahad,83,45,0
Galahad,52,46,22
Galahad,88,89,7
Galahad,41,68,13
Galahad,46,0,0
Galahad,93,19,11
Galahad,47,3,0
Galahad,61,57,0
Galahad,86,0,0
Galahad,75,44,15
Galahad,9,88,0
Galahad,90,30,0
Galahad,84,0,0
Galahad,80,47,0
Galahad,72,45,0
Galahad,39,88,34
Galahad,32,50,2
Galahad,18,86,5
Galahad,21,0,0
Galahad,86,97,0
Galahad,37,70,23
Galahad,93,0,0
Galahad,89,17,0
Galahad,38,33,0
Galahad,25,55,0
Galahad,13,0,0
Galahad,37,9,4
Galahad,54,2,1
Galahad,64,68,0
Galahad,46,36,0
Galahad,5,90,0
Galahad,6,0,0
Galahad,27,94,19
Galahad,12,0,0
Galahad,11,0,0
Galahad,74,100,0
Galahad,92,53,48
Galahad,6,56,0
Galahad,59,32,21
Galahad,20,65,0
Galahad,48,34,17
Galahad,37,38,1
Galahad,82,82,0
Galahad,30,64,0
Galahad,34,46,0
Galahad,8,0,0
Galahad,76,87,50
Galahad,31,68,0
Galahad,25,20,2
Galahad,35,40,0
Galahad,9,14,7
Galahad,54,53,0
Galahad,40,74,0
Galahad,29,0,0
Galahad,10,0,0
Galahad,32,58,0
Galahad,54,0,0
Galahad,6,77,6
Galahad,2,8,2
Galahad,23,39,0
Galahad,98,91,0
Galahad,94,59,0
Galahad,34,31,0
Galahad,49,29,13
Galahad,60,74,0
Galahad,59,10,0
Galahad,6,2,2
Galahad,79,35,0
Galahad,34,58,18
Galahad,38,68,0
Galahad,56,25,7
Galahad,9,89,0
Galahad,84,0,0
Galahad,95,0,0
Galahad,33,25,0
Galahad,80,27,0
Galahad,6,19,0
Galahad,57,0,0
Galahad,56,0,0
Galahad,73,23,10
Galahad,31,0,0
Galahad,7,19,2
Galahad,25,17,0
Galahad,62,56,47
Galahad,100,53,43
Galahad,42,79,42
Galahad,11,32,0
Galahad,81,7,0
Galahad,45,5,1
Galahad,80,59,0
Galahad,31,61,7
Galahad,19,27,14
Galahad,44,56,0
Galahad,7,98,0
Galahad,99,0,0
Galahad,5,82,2
Galahad,37,27,0
Galahad,91,46,0
Galahad,99,0,0
Galahad,88,82,32
Galahad,21,3,0
Galahad,59,13,0
Galahad,31,74,30
Galahad,16,0,0
Galahad,12,12,0
Galahad,26,84,0
Galahad,17,66,0
Galahad,28,1,0
Galahad,57,0,0
Galahad,66,60,0
Galahad,15,82,0
Galahad,99,0,0
Galahad,51,62,48
Galahad,50,33,14
Galahad,7,25,0
Galahad,100,61,0
Galahad,65,0,0
Galahad,93,0,0
Galahad,70,29,1
Galahad,36,45,0
Galahad,96,0,0
Galahad,21,84,0
Galahad,72,0,0
Galahad,55,92,0
Galahad,45,0,0
Galahad,44,41,0
Galahad,58,0,0
Galahad,64,20,0
Galahad,69,71,42
Galahad,83,21,13
Galahad,93,52,0
Galahad,5,79,4
Galahad,11,54,0
Galahad,16,0,0
Galahad,32,18,0
Galahad,72,22,4
Galahad,13,42,0
Galahad,100,50,28
Galahad,9,61,6
Galahad,61,0,0
Galahad,44,52,13
Galahad,60,0,0
Galahad,45,97,23
Galahad,91,95,56
Galahad,84,0,0
Galahad,93,0,0
Galahad,40,3,1
Galahad,95,90,0
Galahad,66,92,0
Galahad,76,0,0
Galahad,21,0,0
Galahad,88,76,0
Galahad,25,0,0
Galahad,2,4,0
Galahad,76,0,0
Galahad,20,35,4
Galahad,60,0,0
Galahad,77,0,0
Galahad,10,58,0
Galahad,67,0,0
Galahad,67,0,0
Galahad,64,0,0
Galahad,90,0,0
Galahad,27,44,15
Galahad,33,92,0
Galahad,12,0,0
Galahad,68,0,0
Galahad,15,8,0
Galahad,52,72,0
Galahad,27,78,0
Galahad,51,35,0
Galahad,3,64,2
Galahad,51,0,0
Galahad,89,56,39
Galahad,81,39,0
Galahad,14,53,0
Galahad,14,2,0
Galahad,82,0,0
Galahad,47,30,28
Galahad,76,92,0
Galahad,69,51,0
Galahad,66,58,16
Galahad,11,0,0
Galahad,7,2,0
Galahad,55,78,0
Galahad,5,0,0
Galahad,37,55,0
Galahad,16,95,0
Galahad,49,34,9
Galahad,5,22,2
Galahad,91,100,0
Galahad,11,0,0
Galahad,77,0,0
Galahad,3,0,0
Galahad,88,20,0
Galahad,26,27,0
Galahad,46,13,6
Galahad,43,3,1
Galahad,28,0,0
Galahad,6,13,0
Galahad,2,65,1
Galahad,62,60,60
Galahad,75,10,0
Galahad,69,24,0
Galahad,39,17,15
Galahad,5,1,0
Galahad,90,6,0
Galahad,9,0,0
Galahad,22,99,21
Galahad,19,1,0
Galahad,16,96,0
Galahad,93,5,0
Galahad,57,0,0
Galahad,67,54,0
Galahad,86,65,0
Galahad,34,88,0
Galahad,43,15,0
Galahad,1,10,1
Galahad,6,19,1
Galahad,12,0,0
Galahad,99,49,0
Galahad,85,29,0
Galahad,27,89,3
Galahad,37,0,0
Galahad,88,70,0
Galahad,10,0,0
Galahad,9,0,0
Galahad,10,0,0
Galahad,88,100,0
Galahad,52,33,14
Galahad,76,0,0
Galahad,57,0,0
Galahad,95,15,2
Galahad,57,20,0
Galahad,73,91,44
Galahad,32,0,0
Galahad,41,0,0
Galahad,94,0,0
Galahad,64,0,0
Galahad,83,0,0
Galahad,12,73,9
Galahad,29,39,0
Galahad,94,0,0
Galahad,70,6,2
Galahad,23,56,0
Galahad,71,0,0
Galahad,45,0,0
Galahad,14,89,8
Galahad,44,0,0
Galahad,38,60,18
Galahad,69,40,19
Galahad,30,65,0
Galahad,50,38,0
Galahad,51,7,0
Galahad,95,97,0
Galahad,87,20,0
Galahad,25,11,0
Galahad,70,46,0
Galahad,41,44,0
Galahad,49,0,0
Galahad,24,23,19
Galahad,46,46,22
Galahad,23,71,5
Galahad,77,70,0
Galahad,42,89,36
Galahad,79,32,0
Galahad,78,0,0
Galahad,42,96,0
Galahad,39,0,0
Galahad,51,89,0
