Farmer_Name,Dimension 1,Dimension 2,Dimension 3
GALAHAD,19,0,0
GALAHAD,29,85,0
GALAHAD,54,59,42
GALAHAD,83,0,0
GALAHAD,1,61,1
GALAHAD,36,0,0
GALAHAD,62,62,43
GALAHAD,37,0,0
GALAHAD,74,67,0
GALAHAD,70,19,0
GALAHAD,25,12,0
GALAHAD,84,0,0
GALAHAD,49,82,12
GALAHAD,2,0,0
GALAHAD,24,31,0
GALAHAD,88,33,20
GALAHAD,69,96,12
GALAHAD,25,0,0
GALAHAD,90,47,0
GALAHAD,88,68,0
GALAHAD,93,44,6
GALAHAD,16,72,0
GALAHAD,77,2,0
GALAHAD,12,0,0
GALAHAD,55,40,0
GALAHAD,39,0,0
GALAHAD,53,40,0
GALAHAD,12,12,0
GALAHAD,34,54,0
GALAHAD,6,91,6
GALAHAD,29,0,0
GALAHAD,57,31,0
GALAHAD,51,64,0
GALAHAD,17,58,0
GALAHAD,29,0,0
GALAHAD,90,78,61
GALAHAD,11,68,0
GALAHAD,31,84,0
GALAHAD,53,46,36
GALAHAD,44,86,0
GALAHAD,69,0,0
GALAHAD,11,45,0
GALAHAD,86,0,0
GALAHAD,81,94,0
GALAHAD,94,21,0
GALAHAD,97,59,0
GALAHAD,28,0,0
GALAHAD,38,87,0
GALAHAD,94,9,0
GALAHAD,74,28,0
GALAHAD,87,4,4
GALAHAD,68,79,0
GALAHAD,91,10,0
GALAHAD,27,0,0
GALAHAD,91,0,0
GALAHAD,21,33,0
GALAHAD,39,0,0
GALAHAD,50,0,0
GALAHAD,57,1,1
GALAHAD,57,0,0
GALAHAD,43,78,17
GALAHAD,93,7,7
GALAHAD,88,0,0
GALAHAD,52,0,0
GALAHAD,51,0,0
GALAHAD,76,0,0
GALAHAD,29,0,0
GALAHAD,51,36,0
GALAHAD,53,0,0
GALAHAD,69,82,0
GALAHAD,77,79,27
GALAHAD,38,0,0
GALAHAD,63,95,0
GALAHAD,9,50,0
GALAHAD,62,42,0
GALAHAD,16,93,9
GALAHAD,53,82,47
GALAHAD,27,36,0
GALAHAD,51,10,0
GALAHAD,69,0,0
GALAHAD,75,23,0
GALAHAD,39,48,0
GALAHAD,33,96,0
GALAHAD,93,31,28
GALAHAD,33,11,0
GALAHAD,90,1,1
GALAHAD,20,70,0
GALAHAD,20,32,0
GALAHAD,13,53,4
GALAHAD,65,65,0
GALAHAD,15,73,0
GALAHAD,38,2,0
GALAHAD,88,0,0
GALAHAD,6,0,0
GALAHAD,99,39,0
GALAHAD,19,35,1
GALAHAD,51,68,0
GALAHAD,5,0,0
GALAHAD,34,0,0
GALAHAD,8,0,0
GALAHAD,49,40,0
GALAHAD,78,41,31
GALAHAD,28,96,1
GALAHAD,92,0,0
GALAHAD,69,0,0
GALAHAD,56,88,36
GALAHAD,69,13,0
GALAHAD,31,88,0
GALAHAD,7,95,1
GALAHAD,35,60,31
GALAHAD,69,57,0
GALAHAD,77,95,0
GALAHAD,87,34,29
GALAHAD,13,96,0
GALAHAD,59,32,9
GALAHAD,16,0,0
GALAHAD,94,91,0
GALAHAD,67,0,0
GALAHAD,90,82,0
GALAHAD,53,46,3
GALAHAD,46,45,35
GALAHAD,63,76,0
GALAHAD,15,78,11
GALAHAD,16,63,1
GALAHAD,24,92,23
GALAHAD,21,52,19
GALAHAD,79,0,0
GALAHAD,14,80,2
GALAHAD,22,0,0
GALAHAD,14,14,0
GALAHAD,83,61,0
GALAHAD,75,23,1
GALAHAD,72,84,0
GALAHAD,75,0,0
GALAHAD,4,53,0
GALAHAD,64,38,11
GALAHAD,3,99,0
GALAHAD,40,0,0
GALAHAD,43,0,0
GALAHAD,100,0,0
GALAHAD,32,21,0
GALAHAD,63,29,4
GALAHAD,6,53,0
GALAHAD,30,3,0
GALAHAD,47,75,0
GALAHAD,5,0,0
GALAHAD,43,18,0
GALAHAD,86,0,0
GALAHAD,68,80,0
GALAHAD,33,0,0
GALAHAD,28,0,0
GALAHAD,37,0,0
GALAHAD,99,54,0
GALAHAD,60,0,0
GALAHAD,17,31,0
GALAHAD,75,0,0
GALAHAD,97,48,30
GALAHAD,65,54,45
GALAHAD,21,0,0
GALAHAD,94,0,0
GALAHAD,93,4,1
GALAHAD,30,71,7
GALAHAD,62,7,2
GALAHAD,80,13,3
GALAHAD,10,70,0
GALAHAD,59,6,0
GALAHAD,83,89,54
GALAHAD,31,0,0
GALAHAD,29,0,0
GALAHAD,18,40,7
GALAHAD,60,38,0
GALAHAD,76,0,0
GALAHAD,19,0,0
GALAHAD,83,42,0
GALAHAD,32,47,0
GALAHAD,6,100,0
GALAHAD,93,13,0
GALAHAD,25,0,0
GALAHAD,3,38,0
GALAHAD,86,5,2
GALAHAD,31,55,26
GALAHAD,38,27,0
GALAHAD,52,96,0
GALAHAD,84,60,0
GALAHAD,70,72,0
GALAHAD,94,74,6
GALAHAD,26,95,0
GALAHAD,85,0,0
GALAHAD,34,20,8
GALAHAD,5,12,0
GALAHAD,58,0,0
GALAHAD,17,76,0
GALAHAD,96,64,0
GALAHAD,16,19,12
GALAHAD,67,13,0
GALAHAD,48,92,0
GALAHAD,95,89,18
GALAHAD,100,79,0
GALAHAD,91,0,0
GALAHAD,92,11,0
GALAHAD,32,2,0
GALAHAD,84,0,0
GALAHAD,36,7,7
GALAHAD,74,23,0
GALAHAD,73,94,0
GALAHAD,51,19,0
GALAHAD,28,0,0
GALAHAD,88,61,54
GALAHAD,39,84,19
GALAHAD,58,24,19
GALAHAD,20,57,19
GALAHAD,13,3,3
GALAHAD,92,26,0
GALAHAD,9,0,0
GALAHAD,35,8,0
GALAHAD,70,0,0
GALAHAD,23,12,0
GALAHAD,94,28,4
GALAHAD,59,38,0
GALAHAD,39,42,0
GALAHAD,52,0,0
GALAHAD,39,99,27
GALAHAD,48,26,2
GALAHAD,53,87,0
GALAHAD,43,0,0
GALAHAD,53,2,0
GALAHAD,93,33,26
GALAHAD,40,82,5
GALAHAD,3,0,0
GALAHAD,10,52,7
GALAHAD,57,0,0
GALAHAD,45,53,0
GALAHAD,67,32,27
GALAHAD,1,88,0
GALAHAD,80,80,0
GALAHAD,1,0,0
GALAHAD,57,58,0
GALAHAD,18,11,0
GALAHAD,95,23,6
GALAHAD,39,60,0
GALAHAD,60,67,24
GALAHAD,19,51,0
GALAHAD,77,0,0
GALAHAD,55,0,0
GALAHAD,45,48,4
GALAHAD,89,0,0
GALAHAD,47,20,0
GALAHAD,72,52,0
GALAHAD,56,55,0
GALAHAD,43,0,0
GALAHAD,13,0,0
GALAHAD,39,15,0
GALAHAD,42,83,33
GALAHAD,86,59,0
GALAHAD,71,0,0
GALAHAD,81,49,0
GALAHAD,80,88,0
GALAHAD,63,0,0
GALAHAD,6,98,1
GALAHAD,35,74,0
GALAHAD,28,28,26
GALAHAD,50,32,0
GALAHAD,100,50,0
GALAHAD,10,59,0
GALAHAD,97,6,0
GALAHAD,90,22,8
GALAHAD,16,24,4
GALAHAD,36,58,0
GALAHAD,77,0,0
GALAHAD,7,42,0
GALAHAD,89,14,0
GALAHAD,5,62,0
GALAHAD,52,78,0
GALAHAD,19,1,1
GALAHAD,100,0,0
GALAHAD,56,31,0
GALAHAD,65,65,0
GALAHAD,81,57,0
GALAHAD,36,95,0
GALAHAD,48,33,0
GALAHAD,60,34,29
GALAHAD,28,0,0
GALAHAD,74,67,0
GALAHAD,45,94,0
GALAHAD,3,0,0
GALAHAD,59,91,0
GALAHAD,63,99,11
GALAHAD,51,87,0
GALAHAD,80,97,46
GALAHAD,67,31,7
GALAHAD,15,34,0
GALAHAD,36,0,0
GALAHAD,15,40,9
GALAHAD,58,28,1
GALAHAD,4,78,0
GALAHAD,94,88,22
GALAHAD,50,78,0
GALAHAD,83,0,0
GALAHAD,5,44,0
GALAHAD,53,90,0
GALAHAD,14,5,0
GALAHAD,11,0,0
GALAHAD,23,95,0
GALAHAD,56,92,28
GALAHAD,47,64,17
GALAHAD,100,21,17
GALAHAD,49,25,0
GALAHAD,74,0,0
GALAHAD,47,98,0
GALAHAD,90,22,0
GALAHAD,59,49,0
GALAHAD,89,2,0
GALAHAD,44,42,0
GALAHAD,88,83,0
GALAHAD,52,69,5
GALAHAD,57,0,0
GALAHAD,25,9,2
GALAHAD,100,0,0
GALAHAD,71,0,0
GALAHAD,68,96,55
GALAHAD,78,43,16
GALAHAD,93,76,0
GALAHAD,22,31,20
GALAHAD,75,72,35
GALAHAD,75,81,0
GALAHAD,7,45,3
GALAHAD,82,0,0
GALAHAD,29,33,13
GALAHAD,70,0,0
GALAHAD,88,0,0
GALAHAD,8,53,1
GALAHAD,38,62,0
GALAHAD,11,86,0
GALAHAD,66,0,0
GALAHAD,62,0,0
GALAHAD,47,0,0
GALAHAD,50,47,0
GALAHAD,57,75,56
GALAHAD,94,78,60
GALAHAD,71,46,0
GALAHAD,58,18,0
GALAHAD,91,10,0
GALAHAD,90,70,0
GALAHAD,50,6,0
GALAHAD,81,87,0
GALAHAD,56,0,0
GALAHAD,59,2,0
GALAHAD,32,93,0
GALAHAD,45,59,0
GALAHAD,89,78,28
GALAHAD,46,56,35
GALAHAD,36,64,0
GALAHAD,61,54,12
GALAHAD,100,88,13
GALAHAD,78,0,0
GALAHAD,60,62,56
GALAHAD,80,0,0
GALAHAD,55,18,0
GALAHAD,54,75,0
GALAHAD,58,89,0
GALAHAD,65,2,1
GALAHAD,85,0,0
GALAHAD,34,0,0
GALAHAD,75,0,0
GALAHAD,100,33,0
GALAHAD,7,0,0
GALAHAD,78,58,0
GALAHAD,47,60,0
GALAHAD,17,62,1
GALAHAD,35,96,0
GALAHAD,93,41,0
GALAHAD,61,58,37
GALAHAD,96,84,54
GALAHAD,64,19,12
GALAHAD,15,93,11
GALAHAD,69,54,0
GALAHAD,89,9,2
GALAHAD,79,0,0
GALAHAD,64,8,5
GALAHAD,52,0,0
GALAHAD,35,46,0
GALAHAD,81,0,0
GALAHAD,21,0,0
GALAHAD,62,82,38
GALAHAD,32,18,0
GALAHAD,90,4,3
GALAHAD,56,41,0
GALAHAD,84,0,0
GALAHAD,25,45,0
GALAHAD,82,0,0
GALAHAD,25,11,0
GALAHAD,67,16,5
GALAHAD,60,0,0
GALAHAD,23,0,0
GALAHAD,69,0,0
GALAHAD,84,0,0
GALAHAD,87,81,43
GALAHAD,67,17,0
GALAHAD,76,42,29
GALAHAD,35,58,9
GALAHAD,9,0,0
GALAHAD,56,37,19
GALAHAD,61,0,0
GALAHAD,37,0,0
GALAHAD,17,0,0
GALAHAD,49,6,0
GALAHAD,11,60,0
GALAHAD,41,60,0
GALAHAD,6,87,0
GALAHAD,91,91,0
GALAHAD,68,75,13
GALAHAD,14,32,0
GALAHAD,80,0,0
GALAHAD,67,29,0
GALAHAD,92,9,0
GALAHAD,58,2,2
GALAHAD,50,0,0
GALAHAD,6,0,0
GALAHAD,91,38,0
GALAHAD,38,13,0
GALAHAD,89,56,0
GALAHAD,47,0,0
GALAHAD,74,27,1
GALAHAD,71,8,0
GALAHAD,21,0,0
GALAHAD,73,47,40
GALAHAD,75,25,14
GALAHAD,87,48,28
GALAHAD,24,61,0
GALAHAD,82,94,3
GALAHAD,77,0,0
GALAHAD,44,24,22
GALAHAD,56,59,1
GALAHAD,91,84,75
GALAHAD,33,40,0
GALAHAD,50,57,47
GALAHAD,72,54,28
GALAHAD,39,0,0
GALAHAD,44,19,12
GALAHAD,29,32,0
GALAHAD,71,85,49
GALAHAD,30,0,0
GALAHAD,66,0,0
GALAHAD,35,68,31
GALAHAD,36,0,0
GALAHAD,49,50,23
GALAHAD,76,0,0
GALAHAD,100,0,0
GALAHAD,49,15,8
GALAHAD,54,59,0
GALAHAD,46,23,20
GALAHAD,83,7,1
GALAHAD,61,53,35
GALAHAD,10,64,0
GALAHAD,37,37,10
GALAHAD,69,0,0
GALAHAD,2,45,0
GALAHAD,90,78,0
GALAHAD,86,96,0
GALAHAD,86,0,0
GALAHAD,23,78,21
GALAHAD,58,15,0
GALAHAD,33,57,0
GALAHAD,82,29,1
GALAHAD,16,42,12
GALAHAD,40,0,0
GALAHAD,29,0,0
GALAHAD,17,3,1
GALAHAD,50,40,7
GALAHAD,61,63,39
GALAHAD,56,84,0
GALAHAD,61,63,12
GALAHAD,93,81,0
GALAHAD,48,0,0
GALAHAD,52,65,0
GALAHAD,20,0,0
GALAHAD,34,94,0
GALAHAD,22,30,1
GALAHAD,83,0,0
GALAHAD,13,58,0
GALAHAD,57,0,0
GALAHAD,41,0,0
GALAHAD,92,39,0
GALAHAD,95,38,0
GALAHAD,33,81,22
GALAHAD,9,0,0
GALAHAD,31,0,0
GALAHAD,20,0,0
GALAHAD,50,9,0
GALAHAD,82,79,25
GALAHAD,77,66,0
GALAHAD,61,40,0
GALAHAD,80,34,4
GALAHAD,7,80,6
GALAHAD,54,0,0
GALAHAD,15,0,0
GALAHAD,11,0,0
GALAHAD,62,0,0
GALAHAD,83,42,41
GALAHAD,21,0,0
GALAHAD,8,43,1
GALAHAD,9,4,1
GALAHAD,80,62,0
GALAHAD,29,42,0
GALAHAD,69,43,0
GALAHAD,40,35,0
GALAHAD,23,60,0
GALAHAD,26,60,0
GALAHAD,69,0,0
GALAHAD,10,67,0
GALAHAD,57,89,53
GALAHAD,22,77,10
GALAHAD,42,23,0
GALAHAD,37,90,0
GALAHAD,12,97,9
GALAHAD,68,0,0
GALAHAD,40,39,0
GALAHAD,30,0,0
GALAHAD,52,62,0
GALAHAD,77,99,39
GALAHAD,3,88,0
GALAHAD,51,28,17
GALAHAD,48,0,0
GALAHAD,49,32,0
GALAHAD,61,0,0
GALAHAD,12,75,0
GALAHAD,70,30,0
GALAHAD,64,0,0
GALAHAD,28,11,10
GALAHAD,68,0,0
GALAHAD,4,70,0
GALAHAD,50,0,0
GALAHAD,4,34,1
GALAHAD,53,29,0
GALAHAD,23,89,11
GALAHAD,93,37,13
GALAHAD,17,82,3
GALAHAD,3,0,0
GALAHAD,87,25,0
GALAHAD,34,0,0
GALAHAD,51,77,41
GALAHAD,80,28,13
GALAHAD,26,16,0
GALAHAD,84,33,32
GALAHAD,79,42,0
GALAHAD,81,0,0
GALAHAD,52,34,11
GALAHAD,42,53,0
GALAHAD,90,0,0
GALAHAD,59,64,0
GALAHAD,31,0,0
GALAHAD,74,82,19
GALAHAD,100,9,4
GALAHAD,44,0,0
GALAHAD,73,67,42
GALAHAD,71,98,0
GALAHAD,80,0,0
GALAHAD,82,0,0
GALAHAD,7,27,0
GALAHAD,70,0,0
GALAHAD,42,60,37
GALAHAD,79,25,0
GALAHAD,64,1,1
GALAHAD,42,0,0
GALAHAD,12,50,0
GALAHAD,84,64,0
GALAHAD,49,27,16
GALAHAD,58,0,0
GALAHAD,44,15,0
GALAHAD,95,92,44
GALAHAD,89,45,0
GALAHAD,98,0,0
GALAHAD,43,26,0
GALAHAD,22,87,0
GALAHAD,68,0,0
GALAHAD,35,0,0
GALAHAD,51,78,0
GALAHAD,33,0,0
GALAHAD,55,0,0
GALAHAD,51,54,49
GALAHAD,92,87,23
GALAHAD,91,0,0
GALAHAD,3,0,0
GALAHAD,34,0,0
GALAHAD,36,0,0
GALAHAD,20,13,9
GALAHAD,24,98,0
GALAHAD,2,0,0
GALAHAD,30,82,0
GALAHAD,3,13,0
GALAHAD,46,49,0
GALAHAD,41,15,0
GALAHAD,60,69,39
GALAHAD,40,10,9
GALAHAD,95,0,0
GALAHAD,100,0,0
GALAHAD,29,44,1
GALAHAD,79,79,60
GALAHAD,24,30,0
GALAHAD,31,97,0
GALAHAD,33,35,23
GALAHAD,58,0,0
GALAHAD,3,100,0
GALAHAD,95,0,0
GALAHAD,11,45,0
GALAHAD,37,4,4
GALAHAD,92,49,0
GALAHAD,16,34,0
GALAHAD,65,0,0
GALAHAD,77,3,0
GALAHAD,99,85,70
GALAHAD,59,55,0
GALAHAD,66,21,18
GALAHAD,59,71,3
GALAHAD,93,88,0
GALAHAD,13,38,0
GALAHAD,37,0,0
GALAHAD,60,98,0
GALAHAD,9,94,0
GALAHAD,38,22,17
GALAHAD,90,0,0
GALAHAD,68,85,33
GALAHAD,32,44,0
GALAHAD,7,87,0
GALAHAD,4,0,0
GALAHAD,64,0,0
GALAHAD,14,84,1
GALAHAD,90,97,0
GALAHAD,48,0,0
GALAHAD,47,27,9
GALAHAD,73,61,0
GALAHAD,98,5,2
GALAHAD,24,69,14
GALAHAD,29,100,9
GALAHAD,44,99,18
GALAHAD,39,0,0
GALAHAD,88,8,4
GALAHAD,63,28,10
GALAHAD,71,18,0
GALAHAD,36,43,0
GALAHAD,72,53,45
GALAHAD,45,0,0
GALAHAD,16,79,0
GALAHAD,20,0,0
GALAHAD,6,0,0
GALAHAD,50,0,0
GALAHAD,98,46,31
GALAHAD,1,42,0
GALAHAD,79,52,38
GALAHAD,52,83,0
GALAHAD,46,59,0
GALAHAD,83,65,0
GALAHAD,92,0,0
GALAHAD,62,0,0
GALAHAD,32,0,0
GALAHAD,55,0,0
GALAHAD,68,4,0
GALAHAD,21,16,2
GALAHAD,17,89,17
GALAHAD,18,84,0
GALAHAD,87,90,0
GALAHAD,39,86,0
GALAHAD,17,4,1
GALAHAD,91,19,1
GALAHAD,68,0,0
GALAHAD,2,36,0
GALAHAD,56,22,0
GALAHAD,38,0,0
GALAHAD,81,0,0
GALAHAD,59,15,0
GALAHAD,30,0,0
GALAHAD,23,92,23
GALAHAD,48,75,0
GALAHAD,7,72,0
GALAHAD,21,0,0
GALAHAD,58,10,0
GALAHAD,28,17,11
GALAHAD,68,74,61
GALAHAD,67,0,0
GALAHAD,40,0,0
GALAHAD,82,0,0
GALAHAD,53,34,0
GALAHAD,28,16,0
GALAHAD,66,14,0
GALAHAD,31,16,9
GALAHAD,1,17,1
GALAHAD,31,45,26
GALAHAD,63,100,50
GALAHAD,85,0,0
GALAHAD,81,86,0
GALAHAD,63,32,0
GALAHAD,40,61,0
GALAHAD,7,39,7
GALAHAD,65,0,0
GALAHAD,63,94,0
GALAHAD,17,7,0
GALAHAD,39,0,0
GALAHAD,26,18,0
GALAHAD,97,46,0
GALAHAD,42,64,23
GALAHAD,86,87,60
GALAHAD,74,92,0
GALAHAD,42,3,2
GALAHAD,99,18,0
GALAHAD,11,34,9
GALAHAD,73,43,25
GALAHAD,40,94,0
GALAHAD,4,0,0
GALAHAD,40,23,0
GALAHAD,74,24,16
GALAHAD,30,0,0
GALAHAD,7,10,0
GALAHAD,62,0,0
GALAHAD,84,35,0
GALAHAD,86,46,0
GALAHAD,9,67,9
GALAHAD,99,59,0
GALAHAD,12,0,0
GALAHAD,55,22,0
GALAHAD,87,44,0
GALAHAD,44,0,0
GALAHAD,18,61,0
GALAHAD,48,0,0
GALAHAD,100,0,0
GALAHAD,10,98,1
GALAHAD,8,37,0
GALAHAD,58,0,0
GALAHAD,95,35,18
GALAHAD,55,0,0
GALAHAD,41,0,0
GALAHAD,44,23,0
GALAHAD,26,66,12
GALAHAD,81,22,13
GALAHAD,57,32,0
GALAHAD,71,77,0
GALAHAD,79,55,26
GALAHAD,32,0,0
GALAHAD,78,55,0
GALAHAD,12,0,0
GALAHAD,49,0,0
GALAHAD,53,86,0
GALAHAD,24,82,23
GALAHAD,25,51,0
GALAHAD,18,56,0
GALAHAD,59,39,0
GALAHAD,39,92,0
GALAHAD,67,73,17
GALAHAD,83,51,39
GALAHAD,34,15,0
GALAHAD,16,86,7
GALAHAD,68,7,7
GALAHAD,94,6,0
GALAHAD,42,40,0
GALAHAD,29,0,0
GALAHAD,97,64,0
GALAHAD,63,94,54
GALAHAD,56,0,0
GALAHAD,57,0,0
GALAHAD,85,76,9
GALAHAD,3,0,0
GALAHAD,56,8,0
GALAHAD,68,32,6
GALAHAD,60,84,9
GALAHAD,81,0,0
GALAHAD,38,46,35
GALAHAD,96,53,26
GALAHAD,60,23,10
GALAHAD,88,55,0
GALAHAD,87,79,37
GALAHAD,26,29,0
GALAHAD,10,19,7
GALAHAD,27,64,0
GALAHAD,53,0,0
GALAHAD,14,25,0
GALAHAD,100,14,6
GALAHAD,20,4,0
GALAHAD,30,0,0
GALAHAD,28,33,12
GALAHAD,5,4,0
GALAHAD,16,53,0
GALAHAD,41,54,0
GALAHAD,11,98,0
GALAHAD,68,49,0
GALAHAD,79,0,0
GALAHAD,40,0,0
GALAHAD,87,24,0
GALAHAD,51,83,34
GALAHAD,10,83,0
GALAHAD,36,81,0
GALAHAD,25,0,0
GALAHAD,30,0,0
GALAHAD,44,15,0
GALAHAD,75,76,0
GALAHAD,72,0,0
GALAHAD,92,90,0
GALAHAD,35,0,0
GALAHAD,16,30,0
GALAHAD,94,87,56
GALAHAD,60,4,0
GALAHAD,50,0,0
GALAHAD,91,0,0
GALAHAD,86,0,0
GALAHAD,35,96,10
GALAHAD,71,21,16
GALAHAD,3,87,1
GALAHAD,72,35,6
GALAHAD,85,4,0
GALAHAD,22,48,0
GALAHAD,20,0,0
GALAHAD,94,59,48
GALAHAD,4,7,3
GALAHAD,100,93,6
GALAHAD,41,84,0
GALAHAD,55,34,0
GALAHAD,86,44,0
GALAHAD,37,39,0
GALAHAD,93,0,0
GALAHAD,46,67,0
GALAHAD,8,84,8
GALAHAD,25,0,0
GALAHAD,31,41,0
GALAHAD,70,1,0
GALAHAD,73,96,0
GALAHAD,52,25,0
GALAHAD,98,82,2
GALAHAD,50,52,0
GALAHAD,45,0,0
GALAHAD,76,5,0
GALAHAD,33,99,0
GALAHAD,41,38,0
GALAHAD,1,0,0
GALAHAD,49,0,0
GALAHAD,63,76,0
GALAHAD,55,61,53
GALAHAD,85,94,0
GALAHAD,48,30,0
GALAHAD,99,26,0
GALAHAD,55,46,40
GALAHAD,4,60,0
GALAHAD,72,93,0
GALAHAD,58,0,0
GALAHAD,47,41,0
GALAHAD,11,72,0
GALAHAD,82,30,0
GALAHAD,45,22,9
GALAHAD,58,40,0
GALAHAD,10,21,5
GALAHAD,18,46,11
GALAHAD,8,23,6
GALAHAD,47,14,8
GALAHAD,23,0,0
GALAHAD,34,0,0
GALAHAD,70,63,0
GALAHAD,87,10,0
GALAHAD,62,0,0
GALAHAD,45,32,12
GALAHAD,55,35,0
GALAHAD,82,0,0
GALAHAD,59,53,0
GALAHAD,26,60,0
GALAHAD,75,33,0
GALAHAD,2,83,2
GALAHAD,30,0,0
GALAHAD,1,18,1
GALAHAD,77,0,0
GALAHAD,42,32,0
GALAHAD,32,83,0
GALAHAD,85,98,0
GALAHAD,31,12,0
GALAHAD,92,40,40
GALAHAD,40,0,0
GALAHAD,1,94,0
GALAHAD,13,11,0
GALAHAD,42,31,11
GALAHAD,70,91,25
GALAHAD,48,83,4
GALAHAD,100,38,0
GALAHAD,22,86,0
GALAHAD,55,0,0
GALAHAD,16,0,0
GALAHAD,1,0,0
GALAHAD,98,91,48
GALAHAD,21,86,4
GALAHAD,27,31,0
GALAHAD,6,28,5
GALAHAD,51,37,16
GALAHAD,15,59,0
GALAHAD,87,0,0
GALAHAD,91,0,0
GALAHAD,52,91,37
GALAHAD,26,88,3
GALAHAD,43,0,0
GALAHAD,1,66,0
GALAHAD,8,5,4
GALAHAD,65,29,10
GALAHAD,29,0,0
GALAHAD,88,95,0
GALAHAD,18,85,11
GALAHAD,55,0,0
GALAHAD,7,77,6
GALAHAD,73,96,0
GALAHAD,90,68,0
GALAHAD,15,61,0
GALAHAD,76,39,0
GALAHAD,3,15,2
GALAHAD,54,8,0
GALAHAD,41,0,0
GALAHAD,83,48,38
GALAHAD,4,0,0
GALAHAD,9,88,0
GALAHAD,30,91,0
GALAHAD,55,72,51
GALAHAD,64,41,10
GALAHAD,71,0,0
GALAHAD,58,93,45
GALAHAD,14,48,0
GALAHAD,29,100,0
GALAHAD,3,88,2
GALAHAD,71,0,0
GALAHAD,23,34,17
GALAHAD,96,57,41
GALAHAD,86,96,0
GALAHAD,79,65,0
GALAHAD,48,67,0
GALAHAD,47,89,0
GALAHAD,3,67,0
GALAHAD,64,22,17
GALAHAD,37,0,0
GALAHAD,18,93,18
GALAHAD,32,41,15
GALAHAD,29,34,0
GALAHAD,81,25,0
GALAHAD,8,51,3
GALAHAD,51,77,44
GALAHAD,97,0,0
GALAHAD,27,42,0
GALAHAD,7,94,4
GALAHAD,83,19,4
GALAHAD,92,0,0
GALAHAD,99,90,0
GALAHAD,77,97,19
GALAHAD,52,90,0
GALAHAD,69,77,61
GALAHAD,43,44,0
GALAHAD,26,31,15
GALAHAD,43,81,26
GALAHAD,79,0,0
GALAHAD,37,14,11
GALAHAD,67,6,0
GALAHAD,44,0,0
GALAHAD,54,59,0
GALAHAD,6,28,0
GALAHAD,68,0,0
GALAHAD,73,3,3
GALAHAD,74,43,12
GALAHAD,84,0,0
GALAHAD,62,65,0
GALAHAD,63,57,26
GALAHAD,47,16,0
GALAHAD,21,54,0
GALAHAD,18,87,5
GALAHAD,82,23,21
GALAHAD,40,32,0
GALAHAD,41,0,0
GALAHAD,93,0,0
GALAHAD,61,0,0
GALAHAD,1,0,0
GALAHAD,76,98,0
GALAHAD,21,0,0
GALAHAD,89,0,0
GALAHAD,12,16,0
GALAHAD,52,70,41
GALAHAD,28,11,0
GALAHAD,97,39,0
GALAHAD,6,5,5
GALAHAD,25,20,0
GALAHAD,29,0,0
GALAHAD,95,0,0
GALAHAD,27,0,0
GALAHAD,49,75,0
GALAHAD,43,20,0
GALAHAD,68,90,0
GALAHAD,83,0,0
GALAHAD,31,0,0
GALAHAD,79,89,0
GALAHAD,49,84,0
GALAHAD,43,7,6
GALAHAD,56,10,0
GALAHAD,29,12,0
GALAHAD,73,78,0
GALAHAD,80,31,0
GALAHAD,23,0,0
GALAHAD,85,0,0
GALAHAD,69,0,0
GALAHAD,94,31,17
GALAHAD,13,0,0
GALAHAD,16,44,0
GALAHAD,69,86,0
GALAHAD,19,64,0
GALAHAD,96,0,0
GALAHAD,71,77,0
GALAHAD,62,77,0
GALAHAD,65,0,0
GALAHAD,57,93,0
GALAHAD,34,0,0
GALAHAD,3,0,0
GALAHAD,68,0,0
GALAHAD,55,46,24
GALAHAD,5,98,2
GALAHAD,18,78,15
GALAHAD,52,57,0
GALAHAD,72,53,0
GALAHAD,6,20,0
GALAHAD,33,0,0
GALAHAD,16,28,0
GALAHAD,67,0,0
GALAHAD,34,46,0
GALAHAD,38,0,0
GALAHAD,10,31,7
GALAHAD,19,99,0
GALAHAD,97,97,0
GALAHAD,63,0,0
GALAHAD,41,31,24
GALAHAD,15,0,0
GALAHAD,30,0,0
GALAHAD,41,77,0
GALAHAD,26,0,0
GALAHAD,55,29,0
GALAHAD,78,0,0
GALAHAD,83,60,0
GALAHAD,10,34,2
GALAHAD,55,18,0
GALAHAD,62,0,0
GALAHAD,9,0,0
GALAHAD,29,57,0
GALAHAD,59,25,15
GALAHAD,25,70,0
GALAHAD,60,9,0
GALAHAD,47,0,0
GALAHAD,70,53,14
GALAHAD,74,59,11
GALAHAD,45,71,0
GALAHAD,72,32,0
GALAHAD,38,14,0
GALAHAD,3,65,1
GALAHAD,29,72,0
GALAHAD,47,2,1
GALAHAD,43,0,0
GALAHAD,57,43,2
GALAHAD,54,97,8
GALAHAD,57,1,0
GALAHAD,38,0,0
GALAHAD,31,94,0
GALAHAD,18,47,0
GALAHAD,77,41,25
GALAHAD,53,0,0
GALAHAD,3,16,2
GALAHAD,93,0,0
GALAHAD,44,62,0
GALAHAD,79,80,0
GALAHAD,86,0,0
GALAHAD,15,31,6
GALAHAD,79,10,0
GALAHAD,43,40,0
GALAHAD,46,55,12
GALAHAD,35,10,0
GALAHAD,84,89,0
GALAHAD,8,43,0
GALAHAD,43,31,0
GALAHAD,52,72,0
GALAHAD,54,10,0
GALAHAD,55,0,0
GALAHAD,46,86,24
GALAHAD,55,0,0
GALAHAD,41,74,0
GALAHAD,53,33,8
GALAHAD,31,33,0
GALAHAD,90,71,0
GALAHAD,25,11,0
GALAHAD,78,95,0
GALAHAD,88,38,0
GALAHAD,26,9,0
GALAHAD,43,12,0
GALAHAD,87,18,0
GALAHAD,71,3,0
GALAHAD,76,10,0
GALAHAD,67,61,0
GALAHAD,73,0,0
GALAHAD,65,78,11
GALAHAD,43,86,0
GALAHAD,68,0,0
GALAHAD,11,60,0
GALAHAD,60,0,0
GALAHAD,22,94,2
GALAHAD,60,42,0
GALAHAD,94,46,4
GALAHAD,77,40,0
GALAHAD,72,61,7
GALAHAD,34,0,0
GALAHAD,48,25,22
GALAHAD,6,10,0
GALAHAD,27,0,0
GALAHAD,10,0,0
GALAHAD,83,62,47
GALAHAD,8,0,0
GALAHAD,61,55,7
GALAHAD,32,98,22
GALAHAD,14,56,10
GALAHAD,21,26,18
GALAHAD,57,84,39
GALAHAD,58,0,0
GALAHAD,70,0,0
GALAHAD,42,100,0
GALAHAD,36,0,0
GALAHAD,42,11,11
GALAHAD,30,0,0
GALAHAD,86,0,0
GALAHAD,41,0,0
GALAHAD,24,94,9
GALAHAD,65,0,0
GALAHAD,31,49,21
GALAHAD,11,45,0
GALAHAD,86,61,0
GALAHAD,83,21,0
GALAHAD,37,58,0
GALAHAD,20,0,0
GALAHAD,68,0,0
GALAHAD,93,38,0
GALAHAD,11,17,0
GALAHAD,37,60,0
GALAHAD,14,0,0
GALAHAD,74,18,0
GALAHAD,63,18,13
GALAHAD,10,0,0
GALAHAD,37,17,9
GALAHAD,83,0,0
GALAHAD,9,0,0
GALAHAD,34,27,14
GALAHAD,15,81,5
GALAHAD,91,0,0
GALAHAD,25,18,0
GALAHAD,53,95,0
GALAHAD,27,16,5
GALAHAD,31,19,0
GALAHAD,35,29,0
GALAHAD,32,0,0
GALAHAD,55,9,1
GALAHAD,65,0,0
GALAHAD,46,81,43
GALAHAD,37,26,12
GALAHAD,78,36,0
GALAHAD,89,75,0
GALAHAD,18,90,7
GALAHAD,11,98,0
GALAHAD,57,48,0
GALAHAD,42,0,0
GALAHAD,95,71,0
GALAHAD,80,0,0
GALAHAD,76,19,0
GALAHAD,79,20,11
GALAHAD,100,0,0
GALAHAD,33,42,14
GALAHAD,3,86,0
GALAHAD,12,5,1
GALAHAD,81,94,79
GALAHAD,62,98,39
GALAHAD,6,93,0
GALAHAD,63,53,0
GALAHAD,86,38,4
GALAHAD,15,51,0
GALAHAD,15,83,0
GALAHAD,2,34,0
GALAHAD,58,80,0
GALAHAD,32,91,0
GALAHAD,36,27,0
GALAHAD,4,0,0
GALAHAD,95,75,29
GALAHAD,10,68,0
GALAHAD,99,0,0
GALAHAD,2,90,0
GALAHAD,81,27,0
GALAHAD,75,0,0
GALAHAD,62,24,5
GALAHAD,89,7,0
GALAHAD,87,18,0
GALAHAD,66,0,0
GALAHAD,87,14,9
GALAHAD,66,49,0
GALAHAD,44,24,0
GALAHAD,63,8,2
GALAHAD,70,13,0
GALAHAD,45,21,0
GALAHAD,95,30,0
GALAHAD,57,86,47
GALAHAD,86,23,0
GALAHAD,77,0,0
GALAHAD,19,79,0
GALAHAD,94,11,9
GALAHAD,70,67,37
GALAHAD,79,0,0
GALAHAD,71,0,0
GALAHAD,34,80,0
GALAHAD,65,70,59
GALAHAD,25,96,0
GALAHAD,72,37,23
GALAHAD,7,10,3
GALAHAD,84,0,0
GALAHAD,27,38,0
GALAHAD,6,42,0
GALAHAD,28,53,0
GALAHAD,100,55,31
GALAHAD,65,40,5
GALAHAD,50,57,26
GALAHAD,60,6,2
GALAHAD,77,83,0
GALAHAD,1,96,1
GALAHAD,34,0,0
GALAHAD,100,82,23
GALAHAD,83,67,0
GALAHAD,88,0,0
GALAHAD,68,94,0
GALAHAD,43,0,0
GALAHAD,68,0,0
GALAHAD,44,90,0
GALAHAD,88,0,0
GALAHAD,67,41,0
GALAHAD,28,98,1
GALAHAD,77,0,0
GALAHAD,61,34,33
GALAHAD,8,12,0
GALAHAD,61,14,3
GALAHAD,95,59,0
GALAHAD,64,86,0
GALAHAD,43,92,5
GALAHAD,34,42,0
GALAHAD,20,79,0
GALAHAD,86,21,0
GALAHAD,55,71,20
GALAHAD,63,0,0
GALAHAD,50,92,43
GALAHAD,28,0,0
GALAHAD,13,0,0
GALAHAD,37,44,11
GALAHAD,20,17,7
GALAHAD,39,17,0
GALAHAD,47,44,0
GALAHAD,37,90,0
GALAHAD,32,92,5
GALAHAD,94,0,0
GALAHAD,16,64,0
GALAHAD,79,75,0
GALAHAD,32,3,2
GALAHAD,18,0,0
GALAHAD,67,0,0
GALAHAD,41,31,31
GALAHAD,19,40,0
GALAHAD,59,7,6
GALAHAD,43,0,0
GALAHAD,17,37,0
GALAHAD,87,11,7
GALAHAD,63,33,30
GALAHAD,44,0,0
GALAHAD,21,0,0
GALAHAD,80,95,61
GALAHAD,36,86,0
GALAHAD,97,94,0
GALAHAD,15,41,3
GALAHAD,59,0,0
GALAHAD,52,74,0
GALAHAD,91,0,0
GALAHAD,53,100,0
GALAHAD,32,96,0
GALAHAD,47,57,19
GALAHAD,61,9,0
GALAHAD,50,0,0
GALAHAD,97,7,3
GALAHAD,97,61,0
GALAHAD,48,0,0
GALAHAD,7,0,0
GALAHAD,3,18,0
GALAHAD,44,22,0
GALAHAD,69,0,0
GALAHAD,18,18,0
GALAHAD,84,0,0
GALAHAD,24,66,3
GALAHAD,86,0,0
GALAHAD,95,0,0
GALAHAD,68,54,0
GALAHAD,30,65,0
GALAHAD,31,42,31
GALAHAD,48,76,0
GALAHAD,17,62,3
GALAHAD,73,89,0
GALAHAD,42,52,0
GALAHAD,63,0,0
GALAHAD,31,0,0
GALAHAD,6,41,0
GALAHAD,8,11,1
GALAHAD,65,25,0
GALAHAD,59,0,0
GALAHAD,75,5,0
GALAHAD,77,52,15
GALAHAD,10,40,6
GALAHAD,55,81,48
GALAHAD,88,35,18
GALAHAD,87,96,0
GALAHAD,87,22,0
GALAHAD,32,0,0
GALAHAD,49,98,0
GALAHAD,56,0,0
GALAHAD,79,0,0
GALAHAD,85,85,0
GALAHAD,49,23,0
GALAHAD,53,55,0
GALAHAD,19,63,0
GALAHAD,79,37,0
GALAHAD,58,46,5
GALAHAD,48,55,0
GALAHAD,88,0,0
GALAHAD,78,52,17
GALAHAD,55,75,0
GALAHAD,78,82,0
GALAHAD,47,49,6
GALAHAD,4,78,0
GALAHAD,69,0,0
GALAHAD,14,36,8
GALAHAD,100,61,0
GALAHAD,76,31,0
GALAHAD,55,1,1
GALAHAD,6,4,2
GALAHAD,80,0,0
GALAHAD,87,95,0
GALAHAD,27,8,8
GALAHAD,52,0,0
GALAHAD,38,80,20
GALAHAD,3,74,0
GALAHAD,75,33,0
GALAHAD,9,73,2
GALAHAD,91,42,3
GALAHAD,24,0,0
GALAHAD,84,34,0
GALAHAD,51,0,0
GALAHAD,43,46,1
GALAHAD,54,16,0
GALAHAD,65,58,0
GALAHAD,93,0,0
GALAHAD,36,71,0
GALAHAD,70,100,0
GALAHAD,35,0,0
GALAHAD,90,53,2
GALAHAD,43,98,0
GALAHAD,35,47,0
GALAHAD,5,92,5
GALAHAD,77,77,22
GALAHAD,52,35,0
GALAHAD,86,0,0
GALAHAD,13,51,0
GALAHAD,16,0,0
GALAHAD,70,17,0
GALAHAD,72,93,0
GALAHAD,74,77,26
GALAHAD,60,48,15
GALAHAD,78,0,0
GALAHAD,70,0,0
GALAHAD,39,22,0
GALAHAD,47,0,0
GALAHAD,64,0,0
GALAHAD,52,72,0
GALAHAD,31,75,0
GALAHAD,3,0,0
GALAHAD,28,0,0
GALAHAD,5,50,0
GALAHAD,55,0,0
GALAHAD,34,67,0
GALAHAD,41,0,0
GALAHAD,42,16,0
GALAHAD,86,0,0
GALAHAD,37,0,0
GALAHAD,82,26,0
GALAHAD,54,50,26
GALAHAD,90,84,0
GALAHAD,52,98,50
GALAHAD,30,62,0
GALAHAD,61,93,9
GALAHAD,67,0,0
GALAHAD,40,0,0
GALAHAD,46,71,44
GALAHAD,5,0,0
GALAHAD,70,17,15
GALAHAD,48,84,0
GALAHAD,60,0,0
GALAHAD,21,97,0
GALAHAD,47,0,0
GALAHAD,37,55,8
GALAHAD,36,39,0
GALAHAD,73,71,38
GALAHAD,61,0,0
GALAHAD,85,78,8
GALAHAD,94,21,0
GALAHAD,29,0,0
GALAHAD,13,77,0
GALAHAD,21,86,0
GALAHAD,61,80,23
GALAHAD,65,26,0
GALAHAD,44,88,0
GALAHAD,5,14,5
GALAHAD,93,54,0
GALAHAD,91,23,0
GALAHAD,8,20,0
GALAHAD,17,79,2
GALAHAD,29,32,11
GALAHAD,16,59,0
GALAHAD,99,48,0
GALAHAD,72,0,0
GALAHAD,7,0,0
GALAHAD,69,49,0
GALAHAD,77,52,42
GALAHAD,59,34,0
GALAHAD,31,90,28
GALAHAD,36,0,0
GALAHAD,31,0,0
GALAHAD,34,51,0
GALAHAD,18,33,15
GALAHAD,42,0,0
GALAHAD,12,97,0
GALAHAD,8,21,1
GALAHAD,25,13,0
GALAHAD,84,0,0
GALAHAD,90,9,0
GALAHAD,6,0,0
GALAHAD,89,78,0
GALAHAD,1,12,0
GALAHAD,55,68,0
GALAHAD,2,0,0
GALAHAD,19,0,0
GALAHAD,84,10,1
GALAHAD,18,78,0
GALAHAD,93,96,7
GALAHAD,39,0,0
GALAHAD,29,1,0
GALAHAD,40,83,0
GALAHAD,45,0,0
GALAHAD,24,1,0
GALAHAD,61,0,0
GALAHAD,37,53,37
GALAHAD,15,59,0
GALAHAD,25,84,0
GALAHAD,21,0,0
GALAHAD,1,0,0
GALAHAD,69,35,0
GALAHAD,54,16,0
GALAHAD,5,44,0
GALAHAD,99,52,0
GALAHAD,19,0,0
GALAHAD,93,90,0
GALAHAD,2,13,1
GALAHAD,11,37,5
GALAHAD,33,60,4
GALAHAD,53,15,0
GALAHAD,62,37,0
GALAHAD,65,45,0
GALAHAD,28,13,0
GALAHAD,76,43,0
GALAHAD,51,64,0
GALAHAD,53,0,0
GALAHAD,12,76,0
GALAHAD,96,34,0
GALAHAD,71,27,0
GALAHAD,23,84,0
GALAHAD,82,0,0
GALAHAD,10,0,0
GALAHAD,72,0,0
GALAHAD,46,70,0
GALAHAD,85,73,0
GALAHAD,60,30,0
GALAHAD,15,75,6
GALAHAD,87,33,3
GALAHAD,7,3,0
GALAHAD,72,32,29
GALAHAD,1,26,1
GALAHAD,97,47,26
GALAHAD,96,41,17
GALAHAD,100,70,0
GALAHAD,9,51,0
GALAHAD,92,0,0
GALAHAD,76,62,29
GALAHAD,57,22,0
GALAHAD,57,0,0
GALAHAD,1,55,1
GALAHAD,30,40,30
GALAHAD,46,0,0
GALAHAD,91,14,0
GALAHAD,52,0,0
GALAHAD,72,2,2
GALAHAD,34,70,0
GALAHAD,76,0,0
GALAHAD,64,92,21
GALAHAD,62,37,0
GALAHAD,72,94,0
GALAHAD,36,77,5
GALAHAD,58,0,0
GALAHAD,65,67,65
GALAHAD,68,26,26
GALAHAD,36,43,0
GALAHAD,45,84,3
GALAHAD,25,0,0
GALAHAD,40,36,0
GALAHAD,94,0,0
GALAHAD,91,54,0
GALAHAD,96,47,0
GALAHAD,96,57,0
GALAHAD,100,58,0
GALAHAD,14,0,0
GALAHAD,45,60,0
GALAHAD,73,14,0
GALAHAD,41,87,0
GALAHAD,77,88,0
GALAHAD,14,87,8
GALAHAD,10,89,5
GALAHAD,19,63,4
GALAHAD,92,32,0
GALAHAD,52,72,6
GALAHAD,47,87,0
GALAHAD,53,60,46
GALAHAD,40,50,15
GALAHAD,34,49,0
GALAHAD,92,0,0
GALAHAD,22,89,7
GALAHAD,60,0,0
GALAHAD,39,41,0
GALAHAD,71,17,16
GALAHAD,86,0,0
GALAHAD,39,16,0
GALAHAD,31,0,0
GALAHAD,77,0,0
GALAHAD,69,0,0
GALAHAD,82,0,0
GALAHAD,43,55,26
GALAHAD,4,72,0
GALAHAD,21,52,5
GALAHAD,1,0,0
GALAHAD,1,0,0
GALAHAD,73,8,3
GALAHAD,18,1,0
GALAHAD,61,78,52
GALAHAD,77,87,21
GALAHAD,10,0,0
GALAHAD,86,0,0
GALAHAD,71,0,0
GALAHAD,2,51,0
GALAHAD,15,31,0
GALAHAD,21,0,0
GALAHAD,87,73,0
GALAHAD,40,99,22
GALAHAD,66,0,0
GALAHAD,56,0,0
GALAHAD,61,0,0
GALAHAD,34,28,0
GALAHAD,100,14,0
GALAHAD,97,97,97
GALAHAD,92,7,3
GALAHAD,54,0,0
GALAHAD,98,0,0
GALAHAD,65,81,0
GALAHAD,23,0,0
GALAHAD,12,8,0
GALAHAD,32,62,29
GALAHAD,35,10,0
GALAHAD,26,0,0
GALAHAD,99,0,0
GALAHAD,29,0,0
GALAHAD,90,66,54
GALAHAD,1,54,0
GALAHAD,3,34,1
GALAHAD,48,0,0
GALAHAD,83,0,0
GALAHAD,69,45,25
GALAHAD,32,22,18
GALAHAD,89,0,0
GALAHAD,78,0,0
GALAHAD,89,15,0
GALAHAD,47,23,0
GALAHAD,39,72,0
GALAHAD,57,53,10
GALAHAD,46,6,0
GALAHAD,7,50,0
GALAHAD,73,87,61
GALAHAD,89,24,0
GALAHAD,85,90,2
GALAHAD,35,79,10
GALAHAD,79,98,60
GALAHAD,33,0,0
GALAHAD,55,65,0
GALAHAD,81,47,0
GALAHAD,22,41,0
GALAHAD,6,78,1
GALAHAD,73,97,36
GALAHAD,31,96,0
GALAHAD,1,0,0
GALAHAD,80,71,0
GALAHAD,16,39,4
GALAHAD,83,14,4
GALAHAD,43,56,14
GALAHAD,81,44,1
GALAHAD,41,0,0
GALAHAD,46,58,10
GALAHAD,52,77,0
GALAHAD,25,61,7
GALAHAD,68,88,0
GALAHAD,20,74,12
GALAHAD,39,6,0
GALAHAD,81,0,0
GALAHAD,97,26,11
GALAHAD,65,8,0
GALAHAD,99,17,10
GALAHAD,42,19,0
GALAHAD,41,45,12
GALAHAD,55,55,0
GALAHAD,63,62,0
GALAHAD,54,0,0
GALAHAD,69,0,0
GALAHAD,24,41,22
GALAHAD,4,51,3
GALAHAD,23,0,0
GALAHAD,90,82,0
GALAHAD,22,0,0
GALAHAD,51,3,0
GALAHAD,95,81,0
GALAHAD,27,18,13
GALAHAD,52,0,0
GALAHAD,100,0,0
GALAHAD,88,34,0
GALAHAD,95,60,28
GALAHAD,56,43,18
GALAHAD,83,17,0
GALAHAD,23,93,0
GALAHAD,22,40,2
GALAHAD,89,0,0
GALAHAD,45,10,0
GALAHAD,42,90,18
GALAHAD,67,48,29
GALAHAD,54,24,8
GALAHAD,54,0,0
GALAHAD,79,29,0
GALAHAD,83,0,0
GALAHAD,25,58,0
GALAHAD,84,24,4
GALAHAD,72,27,0
GALAHAD,94,84,0
GALAHAD,92,62,5
GALAHAD,12,81,11
GALAHAD,40,83,34
GALAHAD,33,71,0
GALAHAD,89,95,0
GALAHAD,65,48,33
GALAHAD,28,81,0
GALAHAD,87,44,0
GALAHAD,33,66,0
GALAHAD,97,22,21
GALAHAD,98,53,38
GALAHAD,53,44,0
GALAHAD,5,10,5
GALAHAD,94,18,1
GALAHAD,55,33,0
GALAHAD,19,0,0
GALAHAD,1,12,0
GALAHAD,64,70,0
GALAHAD,77,28,11
GALAHAD,100,9,8
GALAHAD,51,77,30
GALAHAD,34,0,0
GALAHAD,41,92,0
GALAHAD,93,50,16
GALAHAD,18,11,0
GALAHAD,76,21,0
GALAHAD,47,49,0
GALAHAD,98,75,0
GALAHAD,23,78,10
GALAHAD,65,24,0
GALAHAD,30,0,0
GALAHAD,7,0,0
GALAHAD,18,15,14
GALAHAD,67,0,0
GALAHAD,7,0,0
GALAHAD,57,60,2
GALAHAD,45,18,0
GALAHAD,4,0,0
GALAHAD,51,0,0
GALAHAD,55,41,0
GALAHAD,45,16,0
GALAHAD,48,8,0
GALAHAD,11,24,0
GALAHAD,19,42,0
GALAHAD,18,0,0
GALAHAD,67,44,0
GALAHAD,65,0,0
GALAHAD,83,16,0
GALAHAD,27,0,0
GALAHAD,64,88,26
GALAHAD,42,64,31
GALAHAD,83,90,65
GALAHAD,68,0,0
GALAHAD,100,0,0
GALAHAD,5,57,0
GALAHAD,16,47,0
GALAHAD,72,8,5
GALAHAD,14,3,1
GALAHAD,92,79,0
GALAHAD,61,78,47
GALAHAD,70,0,0
GALAHAD,50,0,0
GALAHAD,93,38,33
GALAHAD,64,37,11
GALAHAD,61,89,0
GALAHAD,99,63,0
GALAHAD,14,39,2
GALAHAD,17,63,0
GALAHAD,98,0,0
GALAHAD,13,77,0
GALAHAD,61,58,46
GALAHAD,6,79,0
GALAHAD,78,0,0
GALAHAD,84,0,0
GALAHAD,28,89,2
GALAHAD,28,65,2
GALAHAD,63,0,0
GALAHAD,85,45,0
GALAHAD,72,71,0
GALAHAD,11,0,0
GALAHAD,38,81,0
GALAHAD,70,0,0
GALAHAD,33,14,0
GALAHAD,87,0,0
GALAHAD,66,25,0
GALAHAD,2,29,0
GALAHAD,89,28,11
GALAHAD,62,18,0
GALAHAD,18,56,0
GALAHAD,92,0,0
GALAHAD,8,0,0
GALAHAD,73,55,36
GALAHAD,83,69,48
GALAHAD,58,81,12
GALAHAD,46,3,3
GALAHAD,66,64,48
GALAHAD,50,68,0
GALAHAD,53,0,0
GALAHAD,18,0,0
GALAHAD,71,0,0
GALAHAD,2,35,0
GALAHAD,18,7,0
GALAHAD,91,80,0
GALAHAD,67,10,0
GALAHAD,65,43,0
GALAHAD,19,0,0
GALAHAD,22,17,0
GALAHAD,5,0,0
GALAHAD,42,59,41
GALAHAD,42,46,34
GALAHAD,51,89,0
GALAHAD,28,42,0
GALAHAD,15,5,2
GALAHAD,98,50,18
GALAHAD,98,0,0
GALAHAD,76,44,0
GALAHAD,7,0,0
GALAHAD,53,0,0
GALAHAD,46,97,0
GALAHAD,29,74,0
GALAHAD,20,65,11
GALAHAD,56,0,0
GALAHAD,98,54,0
GALAHAD,54,56,0
GALAHAD,79,18,0
GALAHAD,62,60,14
GALAHAD,39,38,0
GALAHAD,89,0,0
GALAHAD,7,48,0
GALAHAD,83,0,0
GALAHAD,50,76,0
GALAHAD,82,54,0
GALAHAD,46,90,0
GALAHAD,42,48,0
GALAHAD,89,0,0
GALAHAD,28,39,0
GALAHAD,76,0,0
GALAHAD,4,76,0
GALAHAD,63,0,0
GALAHAD,22,0,0
GALAHAD,93,78,0
GALAHAD,55,13,0
GALAHAD,9,0,0
GALAHAD,22,0,0
GALAHAD,43,0,0
GALAHAD,3,16,0
GALAHAD,26,0,0
GALAHAD,44,0,0
GALAHAD,77,60,30
GALAHAD,36,59,0
GALAHAD,29,0,0
GALAHAD,25,0,0
GALAHAD,34,0,0
GALAHAD,37,57,5
GALAHAD,27,0,0
GALAHAD,72,37,31
GALAHAD,29,16,3
GALAHAD,7,0,0
GALAHAD,79,0,0
GALAHAD,82,59,0
GALAHAD,42,66,0
GALAHAD,25,11,0
GALAHAD,94,31,0
GALAHAD,42,1,0
GALAHAD,88,34,0
GALAHAD,64,74,33
GALAHAD,47,33,1
GALAHAD,26,1,1
GALAHAD,3,0,0
GALAHAD,6,0,0
GALAHAD,58,44,0
GALAHAD,64,1,0
GALAHAD,54,22,0
GALAHAD,95,22,0
GALAHAD,47,0,0
GALAHAD,3,79,0
GALAHAD,92,0,0
GALAHAD,79,0,0
GALAHAD,10,0,0
GALAHAD,16,0,0
GALAHAD,29,32,0
GALAHAD,22,0,0
GALAHAD,96,4,0
GALAHAD,2,0,0
GALAHAD,3,84,0
GALAHAD,39,0,0
GALAHAD,36,0,0
GALAHAD,88,62,32
GALAHAD,21,0,0
GALAHAD,53,34,33
GALAHAD,20,36,0
GALAHAD,25,0,0
GALAHAD,80,51,20
GALAHAD,25,62,0
GALAHAD,31,25,0
GALAHAD,73,74,0
GALAHAD,82,0,0
GALAHAD,91,0,0
GALAHAD,21,64,0
GALAHAD,55,74,0
GALAHAD,3,39,0
GALAHAD,77,33,0
GALAHAD,45,72,0
GALAHAD,59,28,1
GALAHAD,73,14,0
GALAHAD,13,0,0
GALAHAD,86,82,66
GALAHAD,43,75,0
GALAHAD,22,0,0
GALAHAD,15,0,0
GALAHAD,28,70,5
GALAHAD,5,0,0
GALAHAD,85,68,0
GALAHAD,96,0,0
GALAHAD,55,77,34
GALAHAD,54,20,0
GALAHAD,30,51,25
GALAHAD,50,97,0
GALAHAD,56,38,0
GALAHAD,68,43,0
GALAHAD,99,99,0
GALAHAD,52,33,0
GALAHAD,2,0,0
GALAHAD,40,0,0
GALAHAD,33,0,0
GALAHAD,77,32,0
GALAHAD,99,0,0
GALAHAD,35,71,11
GALAHAD,65,63,0
GALAHAD,59,50,20
GALAHAD,82,8,5
GALAHAD,5,0,0
GALAHAD,25,62,0
GALAHAD,87,0,0
GALAHAD,100,10,0
GALAHAD,5,19,0
GALAHAD,55,24,21
GALAHAD,31,0,0
GALAHAD,89,5,4
GALAHAD,30,0,0
GALAHAD,3,67,0
GALAHAD,15,32,7
GALAHAD,21,56,0
GALAHAD,86,28,0
GALAHAD,70,0,0
GALAHAD,95,0,0
GALAHAD,76,29,0
GALAHAD,75,11,2
GALAHAD,46,0,0
GALAHAD,39,10,0
GALAHAD,94,32,0
GALAHAD,81,99,0
GALAHAD,69,73,38
GALAHAD,16,0,0
GALAHAD,49,11,4
GALAHAD,32,0,0
GALAHAD,34,9,0
GALAHAD,96,98,0
GALAHAD,34,40,0
GALAHAD,81,0,0
GALAHAD,91,98,85
GALAHAD,20,93,0
GALAHAD,30,4,0
GALAHAD,92,10,1
GALAHAD,10,59,4
GALAHAD,16,94,0
GALAHAD,92,62,0
GALAHAD,88,22,0
GALAHAD,95,99,0
GALAHAD,100,64,7
GALAHAD,80,0,0
GALAHAD,51,13,11
GALAHAD,18,70,11
GALAHAD,15,0,0
GALAHAD,60,0,0
GALAHAD,1,0,0
GALAHAD,51,86,19
GALAHAD,37,93,0
GALAHAD,11,14,0
GALAHAD,67,75,0
GALAHAD,39,44,0
GALAHAD,47,21,0
GALAHAD,40,0,0
GALAHAD,11,9,0
GALAHAD,25,89,0
GALAHAD,71,0,0
GALAHAD,4,0,0
GALAHAD,24,1,1
GALAHAD,55,41,36
GALAHAD,48,93,19
GALAHAD,64,13,3
GALAHAD,97,71,0
GALAHAD,7,0,0
GALAHAD,77,88,16
GALAHAD,63,0,0
GALAHAD,25,68,0
GALAHAD,80,0,0
GALAHAD,78,70,0
GALAHAD,99,26,1
GALAHAD,64,40,0
GALAHAD,81,98,5
GALAHAD,20,65,4
GALAHAD,18,22,7
GALAHAD,69,0,0
GALAHAD,8,78,0
GALAHAD,4,69,4
GALAHAD,67,0,0
GALAHAD,32,63,12
GALAHAD,83,0,0
GALAHAD,33,0,0
GALAHAD,71,21,10
GALAHAD,45,7,2
GALAHAD,24,92,0
GALAHAD,57,6,0
GALAHAD,12,0,0
GALAHAD,66,98,0
GALAHAD,77,16,0
GALAHAD,11,0,0
GALAHAD,30,0,0
GALAHAD,78,0,0
GALAHAD,36,0,0
GALAHAD,68,71,0
GALAHAD,70,42,16
GALAHAD,44,60,0
GALAHAD,22,27,18
GALAHAD,35,0,0
GALAHAD,46,22,0
GALAHAD,66,72,0
GALAHAD,46,58,1
GALAHAD,43,34,17
GALAHAD,45,11,0
GALAHAD,65,0,0
GALAHAD,56,68,5
GALAHAD,91,0,0
GALAHAD,27,0,0
GALAHAD,51,19,3
GALAHAD,40,0,0
GALAHAD,70,52,0
GALAHAD,67,59,4
GALAHAD,9,95,0
GALAHAD,93,27,20
GALAHAD,80,63,14
GALAHAD,66,35,5
GALAHAD,20,21,0
GALAHAD,50,98,0
GALAHAD,19,0,0
GALAHAD,37,51,11
GALAHAD,94,23,0
GALAHAD,38,0,0
GALAHAD,13,91,0
GALAHAD,49,49,0
GALAHAD,44,0,0
GALAHAD,89,86,0
GALAHAD,77,26,16
GALAHAD,92,93,0
GALAHAD,35,86,0
GALAHAD,42,12,0
GALAHAD,5,0,0
GALAHAD,5,38,0
GALAHAD,59,12,6
GALAHAD,3,38,0
GALAHAD,95,0,0
GALAHAD,78,34,0
GALAHAD,11,0,0
GALAHAD,84,83,68
GALAHAD,44,0,0
GALAHAD,89,0,0
GALAHAD,7,40,3
GALAHAD,73,69,39
GALAHAD,79,0,0
GALAHAD,76,53,13
GALAHAD,5,40,0
GALAHAD,60,83,0
GALAHAD,2,0,0
GALAHAD,60,24,12
GALAHAD,98,45,0
GALAHAD,57,65,0
GALAHAD,31,3,0
GALAHAD,92,83,0
GALAHAD,80,15,0
GALAHAD,28,0,0
GALAHAD,30,60,5
GALAHAD,18,53,0
GALAHAD,87,21,0
GALAHAD,14,0,0
GALAHAD,39,8,3
GALAHAD,41,10,10
GALAHAD,75,0,0
GALAHAD,32,78,0
GALAHAD,43,61,15
GALAHAD,96,53,0
GALAHAD,81,86,81
GALAHAD,86,90,0
GALAHAD,92,95,42
GALAHAD,41,20,0
GALAHAD,63,30,0
GALAHAD,55,10,0
GALAHAD,93,83,11
GALAHAD,41,0,0
GALAHAD,94,14,0
GALAHAD,9,65,9
GALAHAD,12,93,0
GALAHAD,6,1,1
GALAHAD,37,66,0
GALAHAD,91,43,0
GALAHAD,19,93,19
GALAHAD,46,15,0
GALAHAD,78,10,5
GALAHAD,21,2,0
GALAHAD,65,0,0
GALAHAD,15,60,0
GALAHAD,48,87,0
GALAHAD,18,16,0
GALAHAD,53,1,0
GALAHAD,85,0,0
GALAHAD,87,0,0
GALAHAD,85,47,22
GALAHAD,47,0,0
GALAHAD,33,35,0
GALAHAD,45,73,0
GALAHAD,90,0,0
GALAHAD,27,96,0
GALAHAD,42,8,7
GALAHAD,56,42,0
GALAHAD,80,37,3
GALAHAD,11,59,0
GALAHAD,67,0,0
GALAHAD,41,7,0
GALAHAD,64,62,56
GALAHAD,55,0,0
GALAHAD,90,21,0
GALAHAD,99,2,2
GALAHAD,47,57,0
GALAHAD,71,0,0
GALAHAD,32,42,0
GALAHAD,11,0,0
GALAHAD,95,2,1
GALAHAD,44,0,0
GALAHAD,47,14,0
GALAHAD,98,0,0
GALAHAD,50,0,0
GALAHAD,74,2,0
GALAHAD,82,83,0
GALAHAD,22,0,0
GALAHAD,31,56,19
GALAHAD,29,24,16
GALAHAD,19,2,0
GALAHAD,5,6,0
GALAHAD,44,25,0
GALAHAD,48,0,0
GALAHAD,3,31,3
GALAHAD,16,0,0
GALAHAD,14,12,10
GALAHAD,53,0,0
GALAHAD,31,9,4
GALAHAD,54,72,0
GALAHAD,40,47,19
GALAHAD,19,0,0
GALAHAD,79,62,0
GALAHAD,84,0,0
GALAHAD,17,45,0
GALAHAD,89,45,0
GALAHAD,32,70,0
GALAHAD,80,0,0
GALAHAD,77,6,2
GALAHAD,24,75,0
GALAHAD,19,40,0
GALAHAD,79,53,29
GALAHAD,66,39,0
GALAHAD,6,77,3
GALAHAD,19,85,13
GALAHAD,11,0,0
GALAHAD,32,40,0
GALAHAD,63,0,0
GALAHAD,65,100,24
GALAHAD,74,9,0
GALAHAD,53,35,25
GALAHAD,56,56,0
GALAHAD,36,0,0
GALAHAD,83,19,7
GALAHAD,18,96,0
GALAHAD,5,23,0
GALAHAD,24,4,0
GALAHAD,88,15,0
GALAHAD,72,43,0
GALAHAD,21,23,0
GALAHAD,59,0,0
GALAHAD,82,81,0
GALAHAD,74,15,0
GALAHAD,86,59,0
GALAHAD,57,91,51
GALAHAD,80,10,0
GALAHAD,3,22,0
GALAHAD,26,0,0
GALAHAD,76,0,0
GALAHAD,88,32,29
GALAHAD,35,19,0
GALAHAD,85,0,0
GALAHAD,4,8,0
GALAHAD,28,37,25
GALAHAD,74,14,13
GALAHAD,8,65,0
GALAHAD,66,52,52
GALAHAD,21,77,0
GALAHAD,50,67,0
GALAHAD,10,0,0
GALAHAD,54,78,0
GALAHAD,26,24,16
GALAHAD,87,53,0
GALAHAD,7,26,3
GALAHAD,7,97,0
GALAHAD,78,8,0
GALAHAD,57,99,8
GALAHAD,28,92,0
GALAHAD,34,72,0
GALAHAD,21,78,0
GALAHAD,60,78,23
GALAHAD,10,96,5
GALAHAD,47,0,0
GALAHAD,75,44,0
GALAHAD,80,40,36
GALAHAD,36,27,5
GALAHAD,25,95,0
GALAHAD,92,90,0
GALAHAD,84,44,0
GALAHAD,63,89,0
GALAHAD,98,88,80
GALAHAD,22,45,3
GALAHAD,61,0,0
GALAHAD,95,69,62
GALAHAD,56,0,0
GALAHAD,35,82,16
GALAHAD,94,0,0
GALAHAD,86,54,0
GALAHAD,67,0,0
GALAHAD,75,46,0
GALAHAD,53,0,0
GALAHAD,79,75,0
GALAHAD,30,83,0
GALAHAD,22,79,4
GALAHAD,81,70,0
GALAHAD,63,0,0
GALAHAD,52,41,0
GALAHAD,90,1,0
GALAHAD,97,95,0
GALAHAD,7,0,0
GALAHAD,65,12,0
GALAHAD,81,11,3
GALAHAD,3,0,0
GALAHAD,94,25,0
GALAHAD,74,0,0
GALAHAD,85,45,0
GALAHAD,14,35,11
GALAHAD,47,41,0
GALAHAD,38,0,0
GALAHAD,66,79,10
GALAHAD,80,37,0
GALAHAD,7,0,0
GALAHAD,14,100,0
GALAHAD,71,0,0
GALAHAD,24,0,0
GALAHAD,41,0,0
GALAHAD,27,18,10
GALAHAD,4,0,0
GALAHAD,23,14,0
GALAHAD,45,56,4
GALAHAD,79,74,14
GALAHAD,3,0,0
GALAHAD,8,69,0
GALAHAD,55,0,0
GALAHAD,6,51,0
GALAHAD,78,56,13
GALAHAD,29,0,0
GALAHAD,35,77,0
GALAHAD,74,92,25
GALAHAD,63,0,0
GALAHAD,43,31,0
GALAHAD,55,58,0
GALAHAD,62,68,51
GALAHAD,63,14,0
GALAHAD,86,57,0
GALAHAD,74,2,0
GALAHAD,46,4,2
GALAHAD,84,0,0
GALAHAD,24,33,0
GALAHAD,31,63,0
GALAHAD,2,24,0
GALAHAD,64,0,0
GALAHAD,77,7,0
GALAHAD,76,19,15
GALAHAD,13,0,0
GALAHAD,47,84,43
GALAHAD,38,39,0
GALAHAD,98,0,0
GALAHAD,92,0,0
GALAHAD,95,69,0
GALAHAD,93,81,80
GALAHAD,98,0,0
GALAHAD,4,19,0
GALAHAD,55,91,0
GALAHAD,25,79,0
GALAHAD,27,8,0
GALAHAD,11,0,0
GALAHAD,40,0,0
GALAHAD,89,66,0
GALAHAD,3,0,0
GALAHAD,73,0,0
GALAHAD,12,0,0
GALAHAD,64,0,0
GALAHAD,21,0,0
GALAHAD,41,51,0
GALAHAD,91,0,0
GALAHAD,94,19,0
GALAHAD,91,0,0
GALAHAD,66,93,15
GALAHAD,23,51,12
GALAHAD,80,0,0
GALAHAD,34,17,10
GALAHAD,29,0,0
GALAHAD,10,43,2
GALAHAD,52,57,46
GALAHAD,1,75,1
GALAHAD,34,25,20
GALAHAD,100,0,0
GALAHAD,92,35,10
GALAHAD,69,18,0
GALAHAD,95,0,0
GALAHAD,40,0,0
GALAHAD,78,89,62
GALAHAD,12,79,0
GALAHAD,22,37,1
GALAHAD,72,0,0
GALAHAD,45,53,0
GALAHAD,69,99,14
GALAHAD,25,26,5
GALAHAD,76,64,0
GALAHAD,27,98,0
GALAHAD,85,100,0
GALAHAD,5,27,4
GALAHAD,8,25,2
GALAHAD,47,96,18
GALAHAD,12,0,0
GALAHAD,98,87,43
GALAHAD,11,21,0
GALAHAD,99,96,55
GALAHAD,46,69,0
GALAHAD,27,90,12
GALAHAD,51,7,5
GALAHAD,88,77,45
GALAHAD,40,41,1
GALAHAD,70,80,54
GALAHAD,26,0,0
GALAHAD,5,0,0
GALAHAD,50,85,32
GALAHAD,36,57,12
GALAHAD,4,75,0
GALAHAD,72,0,0
GALAHAD,54,44,0
GALAHAD,85,28,5
GALAHAD,8,44,6
GALAHAD,24,94,0
GALAHAD,54,0,0
GALAHAD,44,61,0
GALAHAD,15,0,0
GALAHAD,34,28,0
GALAHAD,19,0,0
GALAHAD,41,60,0
GALAHAD,84,14,12
GALAHAD,4,62,1
GALAHAD,100,55,0
GALAHAD,20,0,0
GALAHAD,37,65,30
GALAHAD,25,46,0
GALAHAD,54,51,0
GALAHAD,88,9,0
GALAHAD,1,25,0
GALAHAD,10,0,0
GALAHAD,51,58,0
GALAHAD,50,0,0
GALAHAD,47,13,0
GALAHAD,13,0,0
GALAHAD,7,31,1
GALAHAD,31,27,0
GALAHAD,63,20,0
GALAHAD,17,0,0
GALAHAD,100,71,50
GALAHAD,89,22,20
GALAHAD,21,61,0
GALAHAD,82,0,0
GALAHAD,69,92,0
GALAHAD,58,0,0
GALAHAD,14,90,0
GALAHAD,26,17,0
GALAHAD,49,12,5
GALAHAD,53,20,0
GALAHAD,48,97,45
GALAHAD,17,0,0
GALAHAD,28,0,0
GALAHAD,34,0,0
GALAHAD,19,95,9
GALAHAD,80,52,12
GALAHAD,23,76,0
GALAHAD,6,0,0
GALAHAD,57,0,0
GALAHAD,59,8,0
GALAHAD,62,61,0
GALAHAD,61,37,37
GALAHAD,74,2,0
GALAHAD,89,5,0
GALAHAD,25,25,0
GALAHAD,98,0,0
GALAHAD,88,1,1
GALAHAD,57,0,0
GALAHAD,78,0,0
GALAHAD,70,26,0
GALAHAD,85,35,0
GALAHAD,85,70,35
GALAHAD,19,35,19
GALAHAD,6,37,0
GALAHAD,42,74,0
GALAHAD,2,0,0
GALAHAD,61,54,0
GALAHAD,27,88,0
GALAHAD,52,68,35
GALAHAD,53,62,0
GALAHAD,24,16,0
GALAHAD,34,21,0
GALAHAD,44,41,6
GALAHAD,73,28,0
GALAHAD,73,63,35
GALAHAD,96,55,0
GALAHAD,73,7,6
GALAHAD,81,0,0
GALAHAD,54,48,0
GALAHAD,79,0,0
GALAHAD,2,54,2
GALAHAD,30,18,12
GALAHAD,3,69,2
GALAHAD,19,22,0
GALAHAD,37,82,0
GALAHAD,18,90,12
GALAHAD,11,37,8
GALAHAD,30,64,14
GALAHAD,69,0,0
GALAHAD,12,0,0
GALAHAD,84,16,0
GALAHAD,20,0,0
GALAHAD,36,0,0
GALAHAD,49,0,0
GALAHAD,38,0,0
GALAHAD,26,19,14
GALAHAD,73,49,0
GALAHAD,87,80,69
GALAHAD,15,0,0
GALAHAD,28,0,0
GALAHAD,54,84,0
GALAHAD,39,0,0
GALAHAD,34,100,0
GALAHAD,28,3,0
GALAHAD,66,0,0
GALAHAD,13,65,0
GALAHAD,52,8,5
GALAHAD,42,94,0
GALAHAD,44,30,12
GALAHAD,60,81,53
GALAHAD,37,77,27
GALAHAD,18,44,1
GALAHAD,50,73,0
GALAHAD,17,76,0
GALAHAD,51,68,0
GALAHAD,57,45,15
GALAHAD,66,79,53
GALAHAD,23,40,17
GALAHAD,81,47,0
GALAHAD,79,90,0
GALAHAD,17,78,0
GALAHAD,26,0,0
GALAHAD,51,0,0
GALAHAD,27,78,0
GALAHAD,75,90,0
GALAHAD,86,11,0
GALAHAD,85,73,3
GALAHAD,71,25,9
GALAHAD,71,71,0
GALAHAD,2,92,2
GALAHAD,19,23,0
GALAHAD,84,0,0
GALAHAD,31,0,0
GALAHAD,13,29,0
GALAHAD,30,0,0
GALAHAD,11,0,0
GALAHAD,32,53,0
GALAHAD,11,0,0
GALAHAD,62,54,0
GALAHAD,84,31,0
GALAHAD,75,27,16
GALAHAD,31,43,18
GALAHAD,94,28,0
GALAHAD,97,52,18
GALAHAD,23,22,0
GALAHAD,59,0,0
GALAHAD,84,0,0
GALAHAD,4,0,0
GALAHAD,95,72,48
GALAHAD,42,29,0
GALAHAD,10,5,0
GALAHAD,1,43,0
GALAHAD,52,36,0
GALAHAD,61,80,0
GALAHAD,61,41,0
GALAHAD,61,19,19
GALAHAD,14,54,0
GALAHAD,1,0,0
GALAHAD,79,9,0
GALAHAD,72,0,0
GALAHAD,37,2,0
GALAHAD,48,0,0
GALAHAD,47,83,0
GALAHAD,39,0,0
GALAHAD,23,33,9
GALAHAD,35,0,0
GALAHAD,38,94,0
GALAHAD,49,53,10
GALAHAD,85,85,0
GALAHAD,25,0,0
GALAHAD,16,97,0
GALAHAD,86,0,0
GALAHAD,52,61,0
GALAHAD,85,0,0
GALAHAD,13,0,0
GALAHAD,37,4,2
GALAHAD,5,0,0
GALAHAD,46,0,0
GALAHAD,30,0,0
GALAHAD,25,47,9
GALAHAD,22,90,0
GALAHAD,83,78,0
GALAHAD,11,94,0
GALAHAD,89,36,13
GALAHAD,41,3,0
GALAHAD,7,0,0
GALAHAD,41,69,0
GALAHAD,16,93,0
GALAHAD,44,0,0
GALAHAD,92,67,16
GALAHAD,49,24,21
GALAHAD,93,76,0
GALAHAD,8,76,3
GALAHAD,23,0,0
GALAHAD,47,0,0
GALAHAD,43,17,0
GALAHAD,96,22,20
GALAHAD,90,0,0
GALAHAD,64,0,0
GALAHAD,24,0,0
GALAHAD,24,63,6
GALAHAD,50,0,0
GALAHAD,34,0,0
GALAHAD,92,0,0
GALAHAD,45,0,0
GALAHAD,56,33,0
GALAHAD,49,37,0
GALAHAD,61,58,22
GALAHAD,15,98,9
GALAHAD,69,0,0
GALAHAD,1,74,1
GALAHAD,5,68,1
GALAHAD,17,38,0
GALAHAD,72,41,0
GALAHAD,72,0,0
GALAHAD,79,32,0
GALAHAD,88,0,0
GALAHAD,70,55,0
GALAHAD,59,79,26
GALAHAD,28,66,23
GALAHAD,7,52,0
GALAHAD,94,0,0
GALAHAD,45,0,0
GALAHAD,42,0,0
GALAHAD,7,63,0
GALAHAD,71,78,0
GALAHAD,83,4,0
GALAHAD,84,31,22
GALAHAD,83,57,0
GALAHAD,8,0,0
GALAHAD,95,2,0
GALAHAD,24,61,0
GALAHAD,23,0,0
GALAHAD,36,0,0
GALAHAD,79,0,0
GALAHAD,88,44,0
GALAHAD,12,12,0
GALAHAD,34,0,0
GALAHAD,69,73,0
GALAHAD,7,0,0
GALAHAD,19,29,0
GALAHAD,86,90,0
GALAHAD,54,12,1
GALAHAD,56,26,0
GALAHAD,83,52,0
GALAHAD,6,6,5
GALAHAD,26,73,0
GALAHAD,6,63,0
GALAHAD,80,3,0
GALAHAD,60,0,0
GALAHAD,41,0,0
GALAHAD,84,0,0
GALAHAD,69,0,0
GALAHAD,91,76,0
GALAHAD,91,0,0
GALAHAD,72,16,0
GALAHAD,34,0,0
GALAHAD,64,50,0
GALAHAD,37,44,0
GALAHAD,32,27,0
GALAHAD,94,0,0
GALAHAD,17,59,0
GALAHAD,5,22,4
GALAHAD,58,12,0
GALAHAD,72,18,0
GALAHAD,99,40,30
GALAHAD,19,0,0
GALAHAD,2,40,0
GALAHAD,42,75,0
GALAHAD,20,0,0
GALAHAD,82,61,0
GALAHAD,42,57,12
GALAHAD,77,0,0
GALAHAD,18,0,0
GALAHAD,17,0,0
GALAHAD,15,38,5
GALAHAD,83,58,14
GALAHAD,73,62,0
GALAHAD,100,0,0
GALAHAD,94,14,0
GALAHAD,72,0,0
GALAHAD,3,61,0
GALAHAD,24,0,0
GALAHAD,51,0,0
GALAHAD,32,0,0
GALAHAD,25,15,9
GALAHAD,14,55,0
GALAHAD,64,77,9
GALAHAD,91,0,0
GALAHAD,58,54,0
GALAHAD,51,78,0
GALAHAD,85,1,1
GALAHAD,24,0,0
GALAHAD,93,2,2
GALAHAD,92,0,0
GALAHAD,38,0,0
GALAHAD,42,69,0
GALAHAD,12,44,0
GALAHAD,26,31,12
GALAHAD,51,35,0
GALAHAD,85,61,0
GALAHAD,80,84,56
GALAHAD,87,0,0
GALAHAD,84,65,0
GALAHAD,50,41,23
GALAHAD,30,81,0
GALAHAD,47,0,0
GALAHAD,16,0,0
GALAHAD,41,75,0
GALAHAD,48,90,28
GALAHAD,24,0,0
GALAHAD,6,31,0
GALAHAD,49,10,0
GALAHAD,14,0,0
GALAHAD,72,74,10
GALAHAD,52,68,0
GALAHAD,40,24,0
GALAHAD,2,86,0
GALAHAD,32,79,0
GALAHAD,21,97,0
GALAHAD,24,86,0
GALAHAD,92,1,1
GALAHAD,94,32,0
GALAHAD,44,0,0
GALAHAD,41,39,0
GALAHAD,52,0,0
GALAHAD,94,0,0
GALAHAD,14,0,0
GALAHAD,47,61,0
GALAHAD,46,19,13
GALAHAD,3,53,0
GALAHAD,28,0,0
GALAHAD,27,92,4
GALAHAD,83,70,0
GALAHAD,34,67,0
GALAHAD,35,43,17
GALAHAD,48,0,0
GALAHAD,62,23,0
GALAHAD,29,0,0
GALAHAD,29,29,0
GALAHAD,48,36,0
GALAHAD,73,0,0
GALAHAD,45,16,0
GALAHAD,51,8,2
GALAHAD,15,99,8
GALAHAD,98,0,0
GALAHAD,88,0,0
GALAHAD,95,23,5
GALAHAD,20,5,4
GALAHAD,89,16,5
GALAHAD,99,3,3
GALAHAD,23,99,18
GALAHAD,97,72,0
GALAHAD,69,28,0
GALAHAD,96,2,0
GALAHAD,1,0,0
GALAHAD,2,44,0
GALAHAD,4,0,0
GALAHAD,96,74,71
GALAHAD,85,35,0
GALAHAD,80,32,17
GALAHAD,42,27,17
GALAHAD,54,0,0
GALAHAD,49,76,0
GALAHAD,96,0,0
GALAHAD,98,0,0
GALAHAD,13,37,0
GALAHAD,85,0,0
GALAHAD,87,44,0
GALAHAD,76,34,0
GALAHAD,55,0,0
GALAHAD,77,39,0
GALAHAD,40,84,0
GALAHAD,60,86,15
GALAHAD,81,63,0
GALAHAD,69,0,0
GALAHAD,88,70,30
GALAHAD,62,68,10
GALAHAD,26,0,0
GALAHAD,20,68,0
GALAHAD,25,46,0
GALAHAD,32,98,0
GALAHAD,59,0,0
GALAHAD,40,0,0
GALAHAD,68,0,0
GALAHAD,77,0,0
GALAHAD,1,0,0
GALAHAD,43,51,0
GALAHAD,20,46,16
GALAHAD,53,47,0
GALAHAD,5,32,5
GALAHAD,87,62,40
GALAHAD,35,46,0
GALAHAD,27,0,0
GALAHAD,67,33,0
GALAHAD,48,80,12
GALAHAD,74,0,0
GALAHAD,54,35,0
GALAHAD,52,32,0
GALAHAD,6,4,0
GALAHAD,67,5,0
GALAHAD,3,82,3
GALAHAD,26,0,0
GALAHAD,77,56,22
GALAHAD,59,85,36
GALAHAD,98,34,30
GALAHAD,39,52,0
GALAHAD,22,0,0
GALAHAD,5,12,0
GALAHAD,62,71,0
GALAHAD,94,0,0
GALAHAD,73,5,3
GALAHAD,81,0,0
GALAHAD,50,85,0
GALAHAD,97,37,0
GALAHAD,11,12,0
GALAHAD,81,4,0
GALAHAD,70,0,0
GALAHAD,41,65,0
GALAHAD,21,59,0
GALAHAD,64,80,0
GALAHAD,15,79,9
GALAHAD,55,65,0
GALAHAD,51,99,0
GALAHAD,29,78,0
GALAHAD,25,84,5
GALAHAD,74,52,28
GALAHAD,65,0,0
GALAHAD,69,62,16
GALAHAD,91,6,0
GALAHAD,55,0,0
GALAHAD,28,44,0
GALAHAD,43,97,11
GALAHAD,16,68,0
GALAHAD,39,44,4
GALAHAD,73,0,0
GALAHAD,96,98,0
GALAHAD,43,1,0
GALAHAD,88,5,3
GALAHAD,73,80,0
GALAHAD,20,3,0
GALAHAD,36,56,0
GALAHAD,29,55,18
GALAHAD,86,0,0
GALAHAD,64,0,0
GALAHAD,13,0,0
GALAHAD,94,24,0
GALAHAD,37,8,5
GALAHAD,13,0,0
GALAHAD,9,89,8
GALAHAD,49,13,9
GALAHAD,89,0,0
GALAHAD,32,0,0
GALAHAD,86,93,84
GALAHAD,70,17,0
GALAHAD,31,56,1
GALAHAD,22,58,1
GALAHAD,85,0,0
GALAHAD,66,99,0
GALAHAD,10,63,0
GALAHAD,43,82,20
GALAHAD,85,55,53
GALAHAD,77,26,0
GALAHAD,61,80,0
GALAHAD,93,68,60
GALAHAD,50,0,0
GALAHAD,14,55,0
GALAHAD,40,0,0
GALAHAD,73,17,0
GALAHAD,49,1,1
GALAHAD,72,0,0
GALAHAD,63,16,0
GALAHAD,72,0,0
GALAHAD,65,11,3
GALAHAD,43,70,17
GALAHAD,1,0,0
GALAHAD,11,0,0
GALAHAD,49,0,0
GALAHAD,88,52,0
GALAHAD,79,35,0
GALAHAD,53,32,8
GALAHAD,58,88,0
GALAHAD,4,68,3
GALAHAD,78,0,0
GALAHAD,55,62,33
GALAHAD,74,75,0
GALAHAD,81,65,58
GALAHAD,88,58,0
GALAHAD,72,38,0
GALAHAD,36,47,0
GALAHAD,77,11,8
GALAHAD,76,22,9
GALAHAD,24,0,0
GALAHAD,40,0,0
GALAHAD,13,54,0
GALAHAD,95,29,1
GALAHAD,17,0,0
GALAHAD,24,41,15
GALAHAD,85,72,66
GALAHAD,58,82,0
GALAHAD,18,55,2
GALAHAD,97,0,0
GALAHAD,88,47,0
GALAHAD,75,47,0
GALAHAD,99,0,0
GALAHAD,41,97,0
GALAHAD,88,30,0
GALAHAD,53,0,0
GALAHAD,3,23,0
GALAHAD,5,0,0
GALAHAD,75,0,0
GALAHAD,56,0,0
GALAHAD,28,10,0
GALAHAD,89,90,0
GALAHAD,81,49,0
GALAHAD,3,33,2
GALAHAD,95,0,0
GALAHAD,25,23,0
GALAHAD,30,59,0
GALAHAD,27,0,0
GALAHAD,37,16,0
GALAHAD,73,26,0
GALAHAD,96,98,0
GALAHAD,96,52,0
GALAHAD,4,0,0
GALAHAD,83,0,0
GALAHAD,71,75,0
GALAHAD,56,0,0
GALAHAD,47,80,0
GALAHAD,27,34,0
GALAHAD,4,46,0
GALAHAD,49,42,9
GALAHAD,53,68,24
GALAHAD,30,45,1
GALAHAD,54,0,0
GALAHAD,11,19,0
GALAHAD,79,58,0
GALAHAD,37,1,1
GALAHAD,67,70,3
GALAHAD,88,72,0
GALAHAD,34,0,0
GALAHAD,40,0,0
GALAHAD,50,64,0
GALAHAD,92,0,0
GALAHAD,58,99,9
GALAHAD,64,77,0
GALAHAD,98,36,12
GALAHAD,70,29,0
GALAHAD,67,0,0
GALAHAD,5,72,0
GALAHAD,54,0,0
GALAHAD,57,47,18
GALAHAD,71,81,0
GALAHAD,3,74,0
GALAHAD,84,0,0
GALAHAD,76,95,38
GALAHAD,4,49,2
GALAHAD,27,0,0
GALAHAD,73,0,0
GALAHAD,23,89,0
GALAHAD,73,54,43
GALAHAD,28,0,0
GALAHAD,92,69,60
GALAHAD,30,88,15
GALAHAD,99,27,0
GALAHAD,66,54,0
GALAHAD,71,29,0
GALAHAD,40,49,21
GALAHAD,85,61,0
GALAHAD,29,40,0
GALAHAD,46,41,0
GALAHAD,42,0,0
GALAHAD,46,88,39
GALAHAD,30,25,19
GALAHAD,49,86,23
GALAHAD,89,99,65
GALAHAD,73,61,0
GALAHAD,8,15,3
GALAHAD,51,16,3
GALAHAD,14,60,1
GALAHAD,12,85,0
GALAHAD,90,8,3
GALAHAD,35,0,0
GALAHAD,21,1,0
GALAHAD,43,48,35
GALAHAD,81,13,10
GALAHAD,37,72,22
GALAHAD,53,41,0
GALAHAD,18,18,0
GALAHAD,72,74,0
GALAHAD,33,51,4
GALAHAD,8,0,0
GALAHAD,38,27,0
GALAHAD,49,0,0
GALAHAD,34,0,0
GALAHAD,49,25,0
GALAHAD,16,0,0
GALAHAD,61,71,0
GALAHAD,21,90,0
GALAHAD,97,24,20
GALAHAD,81,0,0
GALAHAD,89,76,26
GALAHAD,96,90,63
GALAHAD,74,4,0
GALAHAD,41,0,0
GALAHAD,74,0,0
GALAHAD,1,96,0
GALAHAD,39,29,0
GALAHAD,96,0,0
GALAHAD,73,46,39
GALAHAD,53,51,0
GALAHAD,75,88,0
GALAHAD,1,57,0
GALAHAD,23,5,0
GALAHAD,13,0,0
GALAHAD,54,11,0
GALAHAD,2,18,0
GALAHAD,78,0,0
GALAHAD,35,21,21
GALAHAD,81,49,49
GALAHAD,39,60,0
GALAHAD,21,0,0
GALAHAD,9,69,3
GALAHAD,63,62,58
GALAHAD,45,96,0
GALAHAD,94,41,2
GALAHAD,40,96,19
GALAHAD,83,0,0
GALAHAD,93,0,0
GALAHAD,10,47,0
GALAHAD,4,50,0
GALAHAD,7,14,0
GALAHAD,11,0,0
GALAHAD,8,93,0
GALAHAD,10,51,0
GALAHAD,18,88,17
GALAHAD,51,79,0
GALAHAD,24,38,0
GALAHAD,10,0,0
GALAHAD,98,99,37
GALAHAD,55,4,1
GALAHAD,33,0,0
GALAHAD,11,73,0
GALAHAD,23,25,4
GALAHAD,43,0,0
GALAHAD,42,78,36
GALAHAD,81,92,45
GALAHAD,20,10,0
GALAHAD,66,56,5
GALAHAD,52,25,7
GALAHAD,96,10,10
GALAHAD,2,0,0
GALAHAD,29,60,7
GALAHAD,16,63,9
GALAHAD,52,0,0
GALAHAD,87,98,0
GALAHAD,24,26,0
GALAHAD,88,51,39
GALAHAD,45,0,0
GALAHAD,19,32,13
GALAHAD,39,0,0
GALAHAD,30,0,0
GALAHAD,53,61,17
GALAHAD,15,22,13
GALAHAD,52,18,2
GALAHAD,17,38,0
GALAHAD,9,70,0
GALAHAD,23,51,21
GALAHAD,26,14,0
GALAHAD,72,0,0
GALAHAD,81,66,0
GALAHAD,23,52,0
GALAHAD,28,85,0
GALAHAD,40,61,0
GALAHAD,11,59,0
GALAHAD,72,67,0
GALAHAD,45,0,0
GALAHAD,20,0,0
GALAHAD,30,12,12
GALAHAD,89,5,1
GALAHAD,84,89,79
GALAHAD,70,16,2
GALAHAD,16,78,4
GALAHAD,61,48,34
GALAHAD,61,26,26
GALAHAD,28,39,0
GALAHAD,52,0,0
GALAHAD,96,0,0
GALAHAD,100,16,1
GALAHAD,91,0,0
GALAHAD,66,14,11
GALAHAD,69,0,0
GALAHAD,78,0,0
GALAHAD,8,85,6
GALAHAD,70,92,0
GALAHAD,23,1,0
GALAHAD,54,62,30
GALAHAD,73,77,0
GALAHAD,15,20,2
GALAHAD,79,0,0
GALAHAD,20,82,0
GALAHAD,75,50,13
GALAHAD,2,86,1
GALAHAD,83,6,0
GALAHAD,77,0,0
GALAHAD,65,1,0
GALAHAD,18,16,15
GALAHAD,36,70,35
GALAHAD,55,60,44
GALAHAD,65,98,0
GALAHAD,51,81,0
GALAHAD,55,33,0
GALAHAD,97,89,50
GALAHAD,26,0,0
GALAHAD,40,0,0
GALAHAD,56,43,0
GALAHAD,2,0,0
GALAHAD,83,32,18
GALAHAD,13,0,0
GALAHAD,3,34,2
GALAHAD,20,7,0
GALAHAD,45,16,0
GALAHAD,20,3,1
GALAHAD,36,56,17
GALAHAD,88,64,0
GALAHAD,14,92,0
GALAHAD,31,0,0
GALAHAD,31,16,1
GALAHAD,11,40,3
GALAHAD,77,76,0
GALAHAD,59,48,0
GALAHAD,86,12,5
GALAHAD,29,32,0
GALAHAD,45,81,34
GALAHAD,63,82,53
GALAHAD,24,50,0
GALAHAD,58,20,12
GALAHAD,90,91,28
GALAHAD,3,56,0
GALAHAD,29,23,0
GALAHAD,27,0,0
GALAHAD,64,70,0
GALAHAD,59,56,0
GALAHAD,4,58,2
GALAHAD,68,85,39
GALAHAD,97,93,82
GALAHAD,45,0,0
GALAHAD,95,40,32
GALAHAD,3,22,3
GALAHAD,20,3,0
GALAHAD,31,32,0
GALAHAD,52,0,0
GALAHAD,50,0,0
GALAHAD,99,76,62
GALAHAD,36,41,0
GALAHAD,97,19,15
GALAHAD,65,89,0
GALAHAD,50,89,0
GALAHAD,68,78,0
GALAHAD,70,75,40
GALAHAD,42,8,5
GALAHAD,41,65,0
GALAHAD,86,16,12
GALAHAD,7,46,0
GALAHAD,27,19,0
GALAHAD,80,0,0
GALAHAD,98,0,0
GALAHAD,7,0,0
GALAHAD,28,96,0
GALAHAD,85,0,0
GALAHAD,6,10,3
GALAHAD,24,74,8
GALAHAD,42,1,0
GALAHAD,15,11,2
GALAHAD,96,0,0
GALAHAD,12,0,0
GALAHAD,24,10,7
GALAHAD,84,83,0
GALAHAD,34,33,0
GALAHAD,35,47,0
GALAHAD,60,0,0
GALAHAD,72,0,0
GALAHAD,32,63,0
GALAHAD,16,50,0
GALAHAD,26,37,0
GALAHAD,3,78,1
GALAHAD,66,98,0
GALAHAD,72,0,0
GALAHAD,88,14,2
GALAHAD,5,97,4
GALAHAD,1,0,0
GALAHAD,16,96,0
GALAHAD,22,50,6
GALAHAD,3,79,0
GALAHAD,40,13,7
GALAHAD,9,0,0
GALAHAD,98,33,0
GALAHAD,56,88,0
GALAHAD,40,46,0
GALAHAD,26,70,0
GALAHAD,81,0,0
GALAHAD,28,30,22
GALAHAD,71,10,0
GALAHAD,19,85,0
GALAHAD,69,14,7
GALAHAD,98,55,0
GALAHAD,27,8,0
GALAHAD,29,77,0
GALAHAD,28,79,1
GALAHAD,20,0,0
GALAHAD,41,13,0
GALAHAD,21,0,0
GALAHAD,99,53,0
GALAHAD,2,67,1
GALAHAD,85,5,3
GALAHAD,92,0,0
GALAHAD,65,3,0
GALAHAD,65,60,20
GALAHAD,58,84,0
GALAHAD,8,58,4
GALAHAD,53,0,0
GALAHAD,23,78,20
GALAHAD,32,62,27
GALAHAD,98,0,0
GALAHAD,53,0,0
GALAHAD,89,91,85
GALAHAD,30,87,0
GALAHAD,69,78,22
GALAHAD,99,44,0
GALAHAD,32,10,2
GALAHAD,22,7,0
GALAHAD,74,0,0
GALAHAD,81,57,50
GALAHAD,62,21,0
GALAHAD,2,0,0
GALAHAD,77,96,0
GALAHAD,100,3,0
GALAHAD,96,0,0
GALAHAD,38,78,15
GALAHAD,86,91,0
GALAHAD,38,0,0
GALAHAD,58,58,9
GALAHAD,42,0,0
GALAHAD,70,0,0
GALAHAD,68,13,0
GALAHAD,66,21,7
GALAHAD,11,68,7
GALAHAD,64,0,0
GALAHAD,86,0,0
GALAHAD,55,70,24
GALAHAD,90,33,0
GALAHAD,48,48,32
GALAHAD,19,34,8
GALAHAD,68,0,0
GALAHAD,68,0,0
GALAHAD,87,0,0
GALAHAD,2,32,1
GALAHAD,53,0,0
GALAHAD,58,34,0
GALAHAD,80,54,0
GALAHAD,88,46,32
GALAHAD,11,54,0
GALAHAD,92,0,0
GALAHAD,43,99,0
GALAHAD,89,26,0
GALAHAD,12,3,2
GALAHAD,71,78,62
GALAHAD,57,91,0
GALAHAD,23,21,11
GALAHAD,93,0,0
GALAHAD,43,0,0
GALAHAD,69,58,3
GALAHAD,80,0,0
GALAHAD,27,89,0
GALAHAD,32,85,0
GALAHAD,18,76,0
GALAHAD,13,0,0
GALAHAD,10,67,0
GALAHAD,75,76,0
GALAHAD,43,29,0
GALAHAD,96,72,0
GALAHAD,96,36,0
GALAHAD,72,58,0
GALAHAD,52,0,0
GALAHAD,94,33,0
GALAHAD,25,0,0
GALAHAD,100,65,0
GALAHAD,83,0,0
GALAHAD,91,12,0
GALAHAD,60,28,26
GALAHAD,99,53,34
GALAHAD,33,0,0
GALAHAD,45,0,0
GALAHAD,77,65,0
GALAHAD,13,57,0
GALAHAD,49,21,10
GALAHAD,91,29,0
GALAHAD,24,0,0
GALAHAD,78,46,31
GALAHAD,6,90,0
GALAHAD,64,0,0
GALAHAD,3,0,0
GALAHAD,87,3,3
GALAHAD,71,83,0
GALAHAD,13,59,0
GALAHAD,88,17,9
GALAHAD,76,88,0
GALAHAD,51,27,0
GALAHAD,61,0,0
GALAHAD,64,65,37
GALAHAD,91,0,0
GALAHAD,60,86,58
GALAHAD,92,25,0
GALAHAD,50,98,0
GALAHAD,10,0,0
GALAHAD,98,0,0
GALAHAD,42,67,0
GALAHAD,29,0,0
GALAHAD,19,30,17
GALAHAD,18,93,9
GALAHAD,95,12,8
GALAHAD,78,71,0
GALAHAD,99,0,0
GALAHAD,100,0,0
GALAHAD,84,0,0
GALAHAD,1,82,1
GALAHAD,94,26,15
GALAHAD,67,29,0
GALAHAD,49,92,0
GALAHAD,48,0,0
GALAHAD,20,78,0
GALAHAD,36,85,0
GALAHAD,36,22,9
GALAHAD,99,36,0
GALAHAD,54,49,0
GALAHAD,4,0,0
GALAHAD,28,17,3
GALAHAD,66,46,0
GALAHAD,45,25,0
GALAHAD,93,84,17
GALAHAD,97,70,0
GALAHAD,47,91,45
GALAHAD,73,60,51
GALAHAD,21,1,1
GALAHAD,55,94,42
GALAHAD,67,0,0
GALAHAD,71,81,0
GALAHAD,44,0,0
GALAHAD,59,0,0
GALAHAD,53,17,10
GALAHAD,67,0,0
GALAHAD,27,0,0
GALAHAD,28,61,0
GALAHAD,20,9,9
GALAHAD,28,58,0
GALAHAD,31,23,0
GALAHAD,28,0,0
GALAHAD,99,66,0
GALAHAD,3,35,0
GALAHAD,33,0,0
GALAHAD,24,75,4
GALAHAD,89,0,0
GALAHAD,47,0,0
GALAHAD,60,0,0
GALAHAD,14,18,0
GALAHAD,3,0,0
GALAHAD,20,37,10
GALAHAD,36,0,0
GALAHAD,45,44,10
GALAHAD,33,10,0
GALAHAD,7,92,5
GALAHAD,26,66,26
GALAHAD,62,68,0
GALAHAD,57,0,0
GALAHAD,89,0,0
GALAHAD,73,76,0
GALAHAD,28,1,0
GALAHAD,48,40,0
GALAHAD,87,0,0
GALAHAD,54,47,0
GALAHAD,15,31,0
GALAHAD,8,28,5
GALAHAD,89,0,0
GALAHAD,34,61,0
GALAHAD,25,33,21
GALAHAD,66,19,0
GALAHAD,21,0,0
GALAHAD,82,45,7
GALAHAD,48,62,0
GALAHAD,38,93,0
GALAHAD,47,2,1
GALAHAD,56,46,12
GALAHAD,69,52,0
GALAHAD,46,90,0
GALAHAD,56,86,0
GALAHAD,39,0,0
GALAHAD,52,7,1
GALAHAD,27,0,0
GALAHAD,96,76,0
GALAHAD,58,89,0
GALAHAD,31,0,0
GALAHAD,13,0,0
GALAHAD,52,83,43
GALAHAD,83,27,17
GALAHAD,14,5,0
GALAHAD,12,82,0
GALAHAD,97,53,49
GALAHAD,36,62,0
GALAHAD,78,7,2
GALAHAD,5,71,0
GALAHAD,98,74,0
GALAHAD,64,58,56
GALAHAD,74,38,0
GALAHAD,78,0,0
GALAHAD,15,74,3
GALAHAD,41,27,13
GALAHAD,75,8,0
GALAHAD,33,11,0
GALAHAD,17,89,0
GALAHAD,96,65,0
GALAHAD,15,44,0
GALAHAD,11,45,0
GALAHAD,67,53,50
GALAHAD,63,90,0
GALAHAD,66,37,0
GALAHAD,85,11,0
GALAHAD,13,0,0
GALAHAD,7,30,5
GALAHAD,21,77,0
GALAHAD,85,30,5
GALAHAD,80,40,15
GALAHAD,3,24,2
GALAHAD,15,44,0
GALAHAD,83,26,3
GALAHAD,82,40,0
GALAHAD,67,89,0
GALAHAD,49,7,6
GALAHAD,66,0,0
GALAHAD,28,56,0
GALAHAD,100,36,0
GALAHAD,45,79,27
GALAHAD,76,0,0
GALAHAD,68,12,11
GALAHAD,85,42,0
GALAHAD,9,34,0
GALAHAD,73,62,39
GALAHAD,90,0,0
GALAHAD,62,22,0
GALAHAD,65,0,0
GALAHAD,83,0,0
GALAHAD,65,38,0
GALAHAD,26,60,0
GALAHAD,78,88,0
GALAHAD,86,80,0
GALAHAD,66,84,7
GALAHAD,20,33,0
GALAHAD,67,38,0
GALAHAD,63,25,13
GALAHAD,14,73,0
GALAHAD,80,0,0
GALAHAD,53,0,0
GALAHAD,2,4,2
GALAHAD,3,20,0
GALAHAD,50,99,0
GALAHAD,22,69,7
GALAHAD,86,57,0
GALAHAD,64,45,0
GALAHAD,29,69,0
GALAHAD,86,0,0
GALAHAD,3,45,0
GALAHAD,61,76,13
GALAHAD,76,92,0
GALAHAD,66,97,0
GALAHAD,46,0,0
GALAHAD,24,40,0
GALAHAD,99,47,11
GALAHAD,100,65,0
GALAHAD,70,18,0
GALAHAD,43,89,31
GALAHAD,23,0,0
GALAHAD,90,2,0
GALAHAD,12,0,0
GALAHAD,75,7,3
GALAHAD,7,45,0
GALAHAD,17,0,0
GALAHAD,47,22,0
GALAHAD,75,98,0
GALAHAD,88,54,0
GALAHAD,15,91,0
GALAHAD,5,16,2
GALAHAD,61,63,0
GALAHAD,64,80,0
GALAHAD,39,37,0
GALAHAD,64,0,0
GALAHAD,1,5,0
GALAHAD,44,0,0
GALAHAD,83,0,0
GALAHAD,30,0,0
GALAHAD,8,85,0
GALAHAD,20,33,0
GALAHAD,77,0,0
GALAHAD,26,76,18
GALAHAD,2,96,0
GALAHAD,11,29,9
GALAHAD,13,0,0
GALAHAD,14,25,0
GALAHAD,100,0,0
GALAHAD,39,42,12
GALAHAD,96,92,0
GALAHAD,33,80,11
GALAHAD,41,53,0
GALAHAD,32,59,26
GALAHAD,56,26,11
GALAHAD,58,0,0
GALAHAD,62,0,0
GALAHAD,49,0,0
GALAHAD,96,0,0
GALAHAD,37,80,0
GALAHAD,86,98,0
GALAHAD,38,0,0
GALAHAD,91,57,0
GALAHAD,96,0,0
GALAHAD,96,91,0
GALAHAD,90,14,9
GALAHAD,61,7,0
GALAHAD,82,35,0
GALAHAD,62,21,0
GALAHAD,60,31,0
GALAHAD,12,0,0
GALAHAD,16,50,0
GALAHAD,44,15,0
GALAHAD,6,79,0
GALAHAD,61,77,36
GALAHAD,64,10,0
GALAHAD,35,17,5
GALAHAD,85,6,0
GALAHAD,28,49,19
GALAHAD,30,52,0
GALAHAD,94,100,0
GALAHAD,69,12,0
GALAHAD,61,10,0
GALAHAD,12,0,0
GALAHAD,7,11,3
GALAHAD,58,51,21
GALAHAD,68,24,0
GALAHAD,38,56,0
GALAHAD,31,0,0
GALAHAD,49,71,0
GALAHAD,83,0,0
GALAHAD,28,42,0
GALAHAD,52,55,0
GALAHAD,91,0,0
GALAHAD,34,20,14
GALAHAD,57,0,0
GALAHAD,40,0,0
GALAHAD,72,0,0
GALAHAD,25,98,0
GALAHAD,83,19,0
GALAHAD,41,13,0
GALAHAD,60,0,0
GALAHAD,95,7,0
GALAHAD,92,0,0
GALAHAD,73,0,0
GALAHAD,17,0,0
GALAHAD,49,73,0
GALAHAD,59,74,0
GALAHAD,1,93,1
GALAHAD,91,94,59
GALAHAD,24,79,0
GALAHAD,86,7,7
GALAHAD,42,64,34
GALAHAD,62,90,0
GALAHAD,81,0,0
GALAHAD,14,78,0
GALAHAD,74,0,0
GALAHAD,77,74,53
GALAHAD,40,38,18
GALAHAD,20,4,4
GALAHAD,25,32,21
GALAHAD,43,15,0
GALAHAD,32,0,0
GALAHAD,21,98,0
GALAHAD,45,0,0
GALAHAD,29,0,0
GALAHAD,56,90,40
GALAHAD,4,84,0
GALAHAD,47,0,0
GALAHAD,67,0,0
GALAHAD,92,79,0
GALAHAD,86,94,0
GALAHAD,60,96,0
GALAHAD,4,45,0
GALAHAD,35,33,0
GALAHAD,29,51,0
GALAHAD,32,86,26
GALAHAD,63,43,0
GALAHAD,24,94,0
GALAHAD,13,49,0
GALAHAD,58,0,0
GALAHAD,3,66,0
GALAHAD,65,0,0
GALAHAD,41,10,9
GALAHAD,29,23,0
GALAHAD,5,0,0
GALAHAD,56,100,39
GALAHAD,14,85,0
GALAHAD,4,80,0
GALAHAD,81,6,0
GALAHAD,11,0,0
GALAHAD,23,0,0
GALAHAD,19,0,0
GALAHAD,22,87,8
GALAHAD,19,89,13
GALAHAD,23,0,0
GALAHAD,56,66,0
GALAHAD,40,0,0
GALAHAD,63,30,19
GALAHAD,35,53,0
GALAHAD,60,0,0
GALAHAD,2,49,0
GALAHAD,37,0,0
GALAHAD,78,0,0
GALAHAD,26,41,0
GALAHAD,62,42,5
GALAHAD,92,68,0
GALAHAD,62,27,0
GALAHAD,31,0,0
GALAHAD,80,70,0
GALAHAD,84,31,0
GALAHAD,71,0,0
GALAHAD,62,72,0
GALAHAD,82,0,0
GALAHAD,75,46,0
GALAHAD,51,80,1
GALAHAD,46,62,0
GALAHAD,30,64,0
GALAHAD,7,38,3
GALAHAD,60,98,0
GALAHAD,17,0,0
GALAHAD,61,0,0
GALAHAD,53,22,16
GALAHAD,44,10,0
GALAHAD,41,19,0
GALAHAD,55,59,23
GALAHAD,88,38,23
GALAHAD,77,0,0
GALAHAD,18,76,18
GALAHAD,18,15,13
GALAHAD,45,66,31
GALAHAD,15,0,0
GALAHAD,1,85,0
GALAHAD,22,9,0
GALAHAD,66,2,1
GALAHAD,18,12,5
GALAHAD,87,0,0
GALAHAD,53,0,0
GALAHAD,70,3,1
GALAHAD,59,70,0
GALAHAD,39,3,0
GALAHAD,59,20,0
GALAHAD,34,84,0
GALAHAD,32,30,0
GALAHAD,80,83,0
GALAHAD,71,3,2
GALAHAD,69,83,68
GALAHAD,59,0,0
GALAHAD,58,66,0
GALAHAD,81,11,0
GALAHAD,19,61,0
GALAHAD,15,42,0
GALAHAD,19,99,0
GALAHAD,36,20,0
GALAHAD,89,75,0
GALAHAD,96,0,0
GALAHAD,61,3,0
GALAHAD,66,42,0
GALAHAD,46,22,16
GALAHAD,100,0,0
GALAHAD,17,9,6
GALAHAD,8,0,0
GALAHAD,88,48,0
GALAHAD,92,90,0
GALAHAD,92,43,0
GALAHAD,27,0,0
GALAHAD,48,91,0
GALAHAD,9,25,0
GALAHAD,74,58,6
GALAHAD,13,63,0
GALAHAD,77,23,21
GALAHAD,34,0,0
GALAHAD,56,27,0
GALAHAD,100,9,6
GALAHAD,57,0,0
GALAHAD,9,83,4
GALAHAD,96,64,23
GALAHAD,16,0,0
GALAHAD,61,88,0
GALAHAD,60,97,0
GALAHAD,80,95,49
GALAHAD,40,0,0
GALAHAD,100,0,0
GALAHAD,48,0,0
GALAHAD,34,48,17
GALAHAD,45,4,0
GALAHAD,33,25,0
GALAHAD,43,62,25
GALAHAD,22,65,0
GALAHAD,90,0,0
GALAHAD,24,0,0
GALAHAD,57,39,0
GALAHAD,50,19,0
GALAHAD,84,35,9
GALAHAD,97,81,0
GALAHAD,29,0,0
GALAHAD,36,0,0
GALAHAD,88,0,0
GALAHAD,43,0,0
GALAHAD,18,39,0
GALAHAD,29,34,0
GALAHAD,16,99,0
GALAHAD,29,0,0
GALAHAD,13,0,0
GALAHAD,77,52,0
GALAHAD,72,85,6
GALAHAD,14,0,0
GALAHAD,21,40,1
GALAHAD,65,87,0
GALAHAD,29,18,1
GALAHAD,21,20,0
GALAHAD,67,17,0
GALAHAD,39,29,28
GALAHAD,84,63,0
GALAHAD,5,0,0
GALAHAD,53,25,0
GALAHAD,72,0,0
GALAHAD,76,0,0
GALAHAD,1,55,0
GALAHAD,17,14,14
GALAHAD,42,0,0
GALAHAD,40,7,0
GALAHAD,2,76,1
GALAHAD,83,89,68
GALAHAD,8,99,2
GALAHAD,92,0,0
GALAHAD,74,1,0
GALAHAD,43,23,0
GALAHAD,5,95,0
GALAHAD,86,37,8
GALAHAD,7,0,0
GALAHAD,20,94,20
GALAHAD,80,42,0
GALAHAD,45,61,0
GALAHAD,82,38,0
GALAHAD,64,99,4
GALAHAD,10,0,0
GALAHAD,65,94,0
GALAHAD,21,82,0
GALAHAD,36,75,0
GALAHAD,74,29,0
GALAHAD,35,87,0
GALAHAD,44,11,0
GALAHAD,10,0,0
GALAHAD,48,54,32
GALAHAD,53,0,0
GALAHAD,68,38,5
GALAHAD,22,37,3
GALAHAD,38,33,0
GALAHAD,83,38,22
GALAHAD,91,64,33
GALAHAD,92,5,2
GALAHAD,79,24,0
GALAHAD,53,62,9
GALAHAD,83,0,0
GALAHAD,54,94,11
GALAHAD,4,27,3
GALAHAD,4,95,0
GALAHAD,57,95,0
GALAHAD,77,68,0
GALAHAD,85,0,0
GALAHAD,97,90,18
GALAHAD,85,86,0
GALAHAD,36,80,26
GALAHAD,49,16,13
GALAHAD,76,91,38
GALAHAD,64,0,0
GALAHAD,70,72,11
GALAHAD,32,81,0
GALAHAD,60,56,48
GALAHAD,31,22,0
GALAHAD,80,0,0
GALAHAD,90,70,27
GALAHAD,88,0,0
GALAHAD,61,88,0
GALAHAD,23,0,0
GALAHAD,5,61,0
GALAHAD,55,0,0
GALAHAD,56,97,0
GALAHAD,95,94,25
GALAHAD,85,78,0
GALAHAD,1,73,1
GALAHAD,40,27,0
GALAHAD,63,85,0
GALAHAD,55,79,13
GALAHAD,40,57,0
GALAHAD,67,99,0
GALAHAD,39,0,0
GALAHAD,73,44,7
GALAHAD,6,91,5
GALAHAD,63,50,0
GALAHAD,27,73,3
GALAHAD,18,0,0
GALAHAD,8,79,1
GALAHAD,84,61,23
GALAHAD,1,25,0
GALAHAD,11,99,0
GALAHAD,15,75,0
GALAHAD,86,12,11
GALAHAD,12,0,0
GALAHAD,94,43,0
GALAHAD,86,0,0
GALAHAD,57,42,18
GALAHAD,37,0,0
GALAHAD,22,49,0
GALAHAD,19,0,0
GALAHAD,90,0,0
GALAHAD,70,70,0
GALAHAD,76,86,0
GALAHAD,99,0,0
GALAHAD,54,0,0
GALAHAD,16,0,0
GALAHAD,84,49,0
GALAHAD,44,2,0
GALAHAD,53,78,0
GALAHAD,7,18,0
GALAHAD,23,3,1
GALAHAD,32,31,6
GALAHAD,26,43,0
GALAHAD,1,0,0
GALAHAD,91,0,0
GALAHAD,34,62,17
GALAHAD,99,82,76
GALAHAD,1,50,1
GALAHAD,32,78,0
GALAHAD,92,0,0
GALAHAD,47,67,0
GALAHAD,55,24,7
GALAHAD,23,23,0
GALAHAD,93,0,0
GALAHAD,50,0,0
GALAHAD,70,60,0
GALAHAD,74,0,0
GALAHAD,69,77,0
GALAHAD,19,66,0
GALAHAD,63,0,0
GALAHAD,52,0,0
GALAHAD,30,82,0
GALAHAD,98,53,37
GALAHAD,88,87,27
GALAHAD,96,53,0
GALAHAD,5,0,0
GALAHAD,5,30,0
GALAHAD,54,0,0
GALAHAD,74,17,0
GALAHAD,24,28,0
GALAHAD,36,15,7
GALAHAD,82,3,0
GALAHAD,62,0,0
GALAHAD,37,78,4
GALAHAD,96,56,0
GALAHAD,88,89,0
GALAHAD,77,25,19
GALAHAD,71,40,0
GALAHAD,3,0,0
GALAHAD,15,100,13
GALAHAD,37,47,0
GALAHAD,90,47,13
GALAHAD,96,38,0
GALAHAD,89,39,12
GALAHAD,60,37,26
GALAHAD,43,12,0
GALAHAD,1,0,0
GALAHAD,13,6,1
GALAHAD,82,92,68
GALAHAD,90,88,0
GALAHAD,70,0,0
GALAHAD,38,75,7
GALAHAD,78,36,0
GALAHAD,49,86,0
GALAHAD,64,84,22
GALAHAD,71,5,5
GALAHAD,2,20,2
GALAHAD,37,0,0
GALAHAD,32,0,0
GALAHAD,74,15,0
GALAHAD,96,57,0
GALAHAD,24,0,0
GALAHAD,14,8,0
GALAHAD,11,29,0
GALAHAD,25,42,0
GALAHAD,35,74,12
GALAHAD,90,0,0
GALAHAD,82,0,0
GALAHAD,63,26,11
GALAHAD,30,0,0
GALAHAD,24,24,0
GALAHAD,88,0,0
GALAHAD,96,41,9
GALAHAD,20,65,7
GALAHAD,19,0,0
GALAHAD,83,0,0
GALAHAD,56,95,0
GALAHAD,47,69,0
GALAHAD,95,13,7
GALAHAD,35,55,6
GALAHAD,6,92,2
GALAHAD,76,0,0
GALAHAD,76,0,0
GALAHAD,91,32,0
GALAHAD,57,0,0
GALAHAD,44,91,0
GALAHAD,35,0,0
GALAHAD,83,0,0
GALAHAD,53,0,0
GALAHAD,6,0,0
GALAHAD,35,55,35
GALAHAD,97,32,0
GALAHAD,32,81,0
GALAHAD,60,21,13
GALAHAD,4,0,0
GALAHAD,86,72,0
GALAHAD,88,0,0
GALAHAD,18,0,0
GALAHAD,94,0,0
GALAHAD,80,39,0
GALAHAD,49,100,0
GALAHAD,41,81,33
GALAHAD,72,87,0
GALAHAD,61,0,0
GALAHAD,94,30,0
GALAHAD,90,27,0
GALAHAD,43,0,0
GALAHAD,52,0,0
GALAHAD,77,12,0
GALAHAD,20,14,0
GALAHAD,13,0,0
GALAHAD,88,71,0
GALAHAD,70,51,0
GALAHAD,100,49,19
GALAHAD,47,66,0
GALAHAD,61,10,5
GALAHAD,31,53,29
GALAHAD,75,0,0
GALAHAD,76,72,0
GALAHAD,90,80,0
GALAHAD,24,0,0
GALAHAD,94,46,0
GALAHAD,15,99,0
GALAHAD,68,96,0
GALAHAD,80,49,1
GALAHAD,55,0,0
GALAHAD,58,0,0
GALAHAD,59,0,0
GALAHAD,86,71,67
GALAHAD,91,11,0
GALAHAD,5,34,3
GALAHAD,23,96,0
GALAHAD,96,52,0
GALAHAD,25,0,0
GALAHAD,54,94,0
GALAHAD,61,81,33
GALAHAD,36,0,0
GALAHAD,80,95,0
GALAHAD,16,97,0
GALAHAD,33,3,0
GALAHAD,89,0,0
GALAHAD,89,85,0
GALAHAD,37,89,0
GALAHAD,33,41,0
GALAHAD,79,7,0
GALAHAD,5,97,0
GALAHAD,17,0,0
GALAHAD,64,0,0
GALAHAD,68,62,61
GALAHAD,40,0,0
GALAHAD,23,38,0
GALAHAD,62,100,58
GALAHAD,90,0,0
GALAHAD,98,0,0
GALAHAD,41,71,0
GALAHAD,13,44,0
GALAHAD,57,0,0
GALAHAD,6,39,0
GALAHAD,61,47,0
GALAHAD,25,0,0
GALAHAD,44,0,0
GALAHAD,6,0,0
GALAHAD,98,80,0
GALAHAD,18,45,0
GALAHAD,88,19,0
GALAHAD,88,100,0
GALAHAD,59,84,52
GALAHAD,75,0,0
GALAHAD,8,18,6
GALAHAD,90,0,0
GALAHAD,75,6,0
GALAHAD,90,0,0
GALAHAD,19,0,0
GALAHAD,7,0,0
GALAHAD,64,28,0
GALAHAD,28,39,0
GALAHAD,2,0,0
GALAHAD,79,21,0
GALAHAD,26,30,5
GALAHAD,97,0,0
GALAHAD,41,62,0
GALAHAD,47,82,0
GALAHAD,56,0,0
GALAHAD,88,0,0
GALAHAD,8,33,4
GALAHAD,19,67,6
GALAHAD,49,100,0
GALAHAD,9,28,4
GALAHAD,81,87,0
GALAHAD,47,29,26
GALAHAD,71,76,18
GALAHAD,14,0,0
GALAHAD,38,52,29
GALAHAD,3,11,0
GALAHAD,93,90,66
GALAHAD,75,12,0
GALAHAD,66,0,0
GALAHAD,39,0,0
GALAHAD,38,44,0
GALAHAD,43,0,0
GALAHAD,75,0,0
GALAHAD,12,56,0
GALAHAD,80,5,1
GALAHAD,65,75,0
GALAHAD,76,75,0
GALAHAD,95,99,0
GALAHAD,28,0,0
GALAHAD,9,32,6
GALAHAD,17,63,8
GALAHAD,26,21,5
GALAHAD,76,0,0
GALAHAD,41,68,2
GALAHAD,9,0,0
GALAHAD,38,0,0
GALAHAD,83,95,0
GALAHAD,94,29,0
GALAHAD,5,5,0
GALAHAD,57,92,0
GALAHAD,43,0,0
GALAHAD,74,32,16
GALAHAD,69,6,0
GALAHAD,32,0,0
GALAHAD,30,9,0
GALAHAD,29,76,0
GALAHAD,37,90,0
GALAHAD,73,0,0
GALAHAD,98,22,0
GALAHAD,75,0,0
GALAHAD,95,9,5
GALAHAD,21,53,0
GALAHAD,9,86,0
GALAHAD,41,1,1
GALAHAD,60,0,0
GALAHAD,69,60,17
GALAHAD,96,15,1
GALAHAD,97,0,0
GALAHAD,35,85,0
GALAHAD,11,34,0
GALAHAD,91,47,0
GALAHAD,69,37,26
GALAHAD,45,83,0
GALAHAD,62,55,0
GALAHAD,83,59,34
GALAHAD,4,0,0
GALAHAD,53,98,26
GALAHAD,58,44,43
GALAHAD,89,0,0
GALAHAD,77,37,0
GALAHAD,96,18,3
GALAHAD,49,0,0
GALAHAD,56,69,50
GALAHAD,11,95,0
GALAHAD,61,15,0
GALAHAD,47,0,0
GALAHAD,58,1,1
GALAHAD,89,97,0
GALAHAD,69,0,0
GALAHAD,67,18,0
GALAHAD,15,77,1
GALAHAD,88,41,5
GALAHAD,6,82,0
GALAHAD,58,89,0
GALAHAD,11,0,0
GALAHAD,50,0,0
GALAHAD,95,0,0
GALAHAD,54,0,0
GALAHAD,66,3,0
GALAHAD,73,31,0
GALAHAD,65,0,0
GALAHAD,56,0,0
GALAHAD,84,26,0
GALAHAD,46,0,0
GALAHAD,52,42,0
GALAHAD,94,29,0
GALAHAD,33,73,0
GALAHAD,93,35,0
GALAHAD,87,8,8
GALAHAD,22,82,0
GALAHAD,9,5,0
GALAHAD,58,0,0
GALAHAD,62,16,0
GALAHAD,99,86,0
GALAHAD,45,50,25
GALAHAD,55,93,0
GALAHAD,44,0,0
GALAHAD,34,31,0
GALAHAD,42,0,0
GALAHAD,23,99,22
GALAHAD,87,90,0
GALAHAD,48,0,0
GALAHAD,53,0,0
GALAHAD,87,55,0
GALAHAD,76,53,0
GALAHAD,89,0,0
GALAHAD,84,22,0
GALAHAD,40,0,0
GALAHAD,69,49,0
GALAHAD,21,0,0
GALAHAD,72,25,0
GALAHAD,10,52,0
GALAHAD,94,55,0
GALAHAD,2,55,0
GALAHAD,72,98,0
GALAHAD,18,0,0
GALAHAD,40,82,0
GALAHAD,10,22,0
GALAHAD,65,87,34
GALAHAD,95,7,2
GALAHAD,12,94,9
GALAHAD,2,0,0
GALAHAD,85,73,0
GALAHAD,23,82,5
GALAHAD,74,0,0
GALAHAD,87,94,0
GALAHAD,28,30,11
GALAHAD,53,15,0
GALAHAD,63,0,0
GALAHAD,50,3,0
GALAHAD,14,31,0
GALAHAD,10,61,0
GALAHAD,22,46,0
GALAHAD,8,74,0
GALAHAD,19,0,0
GALAHAD,54,26,24
GALAHAD,81,86,68
GALAHAD,75,93,57
GALAHAD,36,49,18
GALAHAD,74,38,0
GALAHAD,59,82,0
GALAHAD,99,19,0
GALAHAD,89,29,23
GALAHAD,20,39,20
GALAHAD,40,7,0
GALAHAD,15,50,0
GALAHAD,61,75,0
GALAHAD,71,40,0
GALAHAD,63,0,0
GALAHAD,96,0,0
GALAHAD,7,65,7
GALAHAD,98,0,0
GALAHAD,89,88,0
GALAHAD,93,0,0
GALAHAD,24,43,0
GALAHAD,22,41,20
GALAHAD,82,72,67
GALAHAD,16,88,0
GALAHAD,55,0,0
GALAHAD,47,93,24
GALAHAD,56,0,0
GALAHAD,27,50,21
GALAHAD,85,66,44
GALAHAD,46,0,0
GALAHAD,80,95,0
GALAHAD,1,59,0
GALAHAD,3,10,0
GALAHAD,28,0,0
GALAHAD,72,0,0
GALAHAD,10,17,0
GALAHAD,25,0,0
GALAHAD,75,0,0
GALAHAD,88,0,0
GALAHAD,45,0,0
GALAHAD,40,13,8
GALAHAD,76,51,38
GALAHAD,77,55,0
GALAHAD,91,7,5
GALAHAD,81,27,27
GALAHAD,33,0,0
GALAHAD,34,47,0
GALAHAD,15,40,0
GALAHAD,96,0,0
GALAHAD,87,97,0
GALAHAD,86,0,0
GALAHAD,54,0,0
GALAHAD,9,91,2
GALAHAD,58,0,0
GALAHAD,22,57,0
GALAHAD,44,70,27
GALAHAD,36,79,0
GALAHAD,69,9,0
GALAHAD,14,0,0
GALAHAD,4,71,0
GALAHAD,45,0,0
GALAHAD,91,60,0
GALAHAD,92,0,0
GALAHAD,69,0,0
GALAHAD,30,66,28
GALAHAD,93,53,0
GALAHAD,27,48,14
GALAHAD,24,47,21
GALAHAD,68,84,27
GALAHAD,64,97,0
GALAHAD,96,0,0
GALAHAD,12,0,0
GALAHAD,27,50,0
GALAHAD,73,0,0
GALAHAD,45,0,0
GALAHAD,8,7,7
GALAHAD,12,44,0
GALAHAD,17,53,0
GALAHAD,75,0,0
GALAHAD,89,37,0
GALAHAD,5,0,0
GALAHAD,60,100,0
GALAHAD,46,0,0
GALAHAD,43,18,0
GALAHAD,67,37,0
GALAHAD,1,28,0
GALAHAD,9,0,0
GALAHAD,6,34,1
GALAHAD,1,17,1
GALAHAD,14,48,1
GALAHAD,76,47,0
GALAHAD,57,65,0
GALAHAD,24,0,0
GALAHAD,91,8,0
GALAHAD,86,45,0
GALAHAD,24,0,0
GALAHAD,70,31,0
GALAHAD,51,0,0
GALAHAD,95,0,0
GALAHAD,27,63,23
GALAHAD,9,83,5
GALAHAD,20,61,0
GALAHAD,28,36,0
GALAHAD,20,0,0
GALAHAD,81,14,3
GALAHAD,89,27,0
GALAHAD,44,77,30
GALAHAD,49,64,0
GALAHAD,42,39,0
GALAHAD,38,0,0
GALAHAD,25,2,0
GALAHAD,78,74,0
GALAHAD,11,58,0
GALAHAD,16,59,0
GALAHAD,52,0,0
GALAHAD,13,31,4
GALAHAD,83,0,0
GALAHAD,20,38,0
GALAHAD,41,44,16
GALAHAD,60,0,0
GALAHAD,23,55,0
GALAHAD,88,77,64
GALAHAD,88,0,0
GALAHAD,27,87,0
GALAHAD,59,0,0
GALAHAD,100,11,0
GALAHAD,40,72,23
GALAHAD,4,92,0
GALAHAD,73,58,0
GALAHAD,92,0,0
GALAHAD,25,97,0
GALAHAD,58,34,0
GALAHAD,69,13,0
GALAHAD,69,0,0
GALAHAD,24,29,3
GALAHAD,69,0,0
GALAHAD,87,0,0
GALAHAD,16,44,0
GALAHAD,3,62,2
GALAHAD,59,66,51
GALAHAD,3,0,0
GALAHAD,88,0,0
GALAHAD,10,0,0
GALAHAD,33,8,0
GALAHAD,5,80,5
GALAHAD,93,0,0
GALAHAD,40,0,0
GALAHAD,50,38,0
GALAHAD,72,71,0
GALAHAD,80,72,0
GALAHAD,80,0,0
GALAHAD,40,19,6
GALAHAD,2,0,0
GALAHAD,26,63,5
GALAHAD,8,18,4
GALAHAD,96,87,0
GALAHAD,77,63,0
GALAHAD,98,0,0
GALAHAD,46,0,0
GALAHAD,46,41,0
GALAHAD,85,47,0
GALAHAD,15,33,0
GALAHAD,6,46,0
GALAHAD,52,92,47
GALAHAD,64,21,1
GALAHAD,23,97,10
GALAHAD,15,24,0
GALAHAD,76,83,0
GALAHAD,65,18,0
GALAHAD,23,0,0
GALAHAD,57,57,0
GALAHAD,78,59,37
GALAHAD,14,94,0
GALAHAD,49,0,0
GALAHAD,63,0,0
GALAHAD,60,40,0
GALAHAD,20,60,0
GALAHAD,64,26,0
GALAHAD,10,61,7
GALAHAD,69,12,9
GALAHAD,35,27,0
GALAHAD,74,0,0
GALAHAD,81,0,0
GALAHAD,65,5,1
GALAHAD,48,39,0
GALAHAD,65,72,0
GALAHAD,90,0,0
GALAHAD,56,0,0
GALAHAD,60,25,0
GALAHAD,41,78,11
GALAHAD,12,82,0
GALAHAD,31,48,15
GALAHAD,37,28,0
GALAHAD,99,0,0
GALAHAD,23,79,0
GALAHAD,57,57,21
GALAHAD,2,74,0
GALAHAD,70,0,0
GALAHAD,65,78,28
GALAHAD,57,66,0
GALAHAD,14,0,0
GALAHAD,7,0,0
GALAHAD,100,58,0
GALAHAD,99,87,78
GALAHAD,61,91,36
GALAHAD,88,26,0
GALAHAD,77,75,24
GALAHAD,85,45,0
GALAHAD,43,90,0
GALAHAD,63,0,0
GALAHAD,62,0,0
GALAHAD,92,0,0
GALAHAD,53,49,0
GALAHAD,85,68,0
GALAHAD,98,29,19
GALAHAD,16,0,0
GALAHAD,68,26,13
GALAHAD,81,0,0
GALAHAD,8,15,0
GALAHAD,70,0,0
GALAHAD,5,94,2
GALAHAD,2,77,1
GALAHAD,11,0,0
GALAHAD,4,56,2
GALAHAD,64,0,0
GALAHAD,44,35,0
GALAHAD,30,45,15
GALAHAD,48,28,0
GALAHAD,89,33,0
GALAHAD,7,0,0
GALAHAD,65,68,0
GALAHAD,12,42,0
GALAHAD,93,0,0
GALAHAD,56,29,28
GALAHAD,43,71,27
GALAHAD,84,0,0
GALAHAD,45,99,21
GALAHAD,54,0,0
GALAHAD,23,0,0
GALAHAD,39,35,18
GALAHAD,95,88,0
GALAHAD,41,14,0
GALAHAD,92,19,16
GALAHAD,76,3,0
GALAHAD,82,0,0
GALAHAD,37,71,36
GALAHAD,78,77,32
GALAHAD,91,82,0
GALAHAD,5,44,1
GALAHAD,39,8,6
GALAHAD,25,1,1
GALAHAD,17,0,0
GALAHAD,83,0,0
GALAHAD,81,0,0
GALAHAD,97,29,5
GALAHAD,9,83,2
GALAHAD,10,11,9
GALAHAD,3,0,0
GALAHAD,51,0,0
GALAHAD,96,97,0
GALAHAD,86,98,83
GALAHAD,89,0,0
GALAHAD,28,6,0
GALAHAD,85,31,26
GALAHAD,3,84,3
GALAHAD,71,78,0
GALAHAD,48,10,4
GALAHAD,43,75,25
GALAHAD,46,8,2
GALAHAD,24,0,0
GALAHAD,99,80,19
GALAHAD,32,43,0
GALAHAD,67,9,9
GALAHAD,93,0,0
GALAHAD,54,63,0
GALAHAD,17,10,0
GALAHAD,44,54,0
GALAHAD,94,0,0
GALAHAD,36,77,0
GALAHAD,4,0,0
GALAHAD,2,81,1
GALAHAD,29,36,11
GALAHAD,98,0,0
GALAHAD,59,91,0
GALAHAD,40,93,0
GALAHAD,25,66,0
GALAHAD,72,22,0
GALAHAD,71,0,0
GALAHAD,62,35,0
GALAHAD,71,0,0
GALAHAD,43,3,0
GALAHAD,95,42,0
GALAHAD,20,81,13
GALAHAD,100,86,33
GALAHAD,89,0,0
GALAHAD,58,36,0
GALAHAD,78,76,0
GALAHAD,100,14,0
GALAHAD,14,43,0
GALAHAD,41,0,0
GALAHAD,32,0,0
GALAHAD,63,62,0
GALAHAD,10,53,0
GALAHAD,47,0,0
GALAHAD,7,59,0
GALAHAD,61,37,33
GALAHAD,59,100,38
GALAHAD,44,47,6
GALAHAD,65,20,0
GALAHAD,29,97,28
GALAHAD,28,0,0
GALAHAD,87,89,81
GALAHAD,7,61,6
GALAHAD,22,70,14
GALAHAD,97,0,0
GALAHAD,48,0,0
GALAHAD,97,55,0
GALAHAD,50,4,0
GALAHAD,38,49,4
GALAHAD,37,32,16
GALAHAD,43,35,0
GALAHAD,2,96,2
GALAHAD,23,0,0
GALAHAD,63,84,0
GALAHAD,24,0,0
GALAHAD,41,26,12
GALAHAD,35,38,0
GALAHAD,52,0,0
GALAHAD,51,0,0
GALAHAD,59,0,0
GALAHAD,90,0,0
GALAHAD,45,26,0
GALAHAD,57,7,0
GALAHAD,41,0,0
GALAHAD,3,0,0
GALAHAD,22,9,0
GALAHAD,59,99,4
GALAHAD,64,89,0
GALAHAD,48,0,0
GALAHAD,51,0,0
GALAHAD,100,60,19
GALAHAD,84,0,0
GALAHAD,45,91,0
GALAHAD,76,57,0
GALAHAD,42,30,0
GALAHAD,16,0,0
GALAHAD,66,13,0
GALAHAD,62,87,0
GALAHAD,60,59,33
GALAHAD,31,0,0
GALAHAD,76,0,0
GALAHAD,90,14,5
GALAHAD,52,20,0
GALAHAD,2,39,0
GALAHAD,80,43,0
GALAHAD,38,44,0
GALAHAD,54,49,24
GALAHAD,94,0,0
GALAHAD,58,0,0
GALAHAD,37,47,20
GALAHAD,21,98,0
GALAHAD,100,0,0
GALAHAD,74,14,0
GALAHAD,88,46,34
GALAHAD,3,65,0
GALAHAD,64,0,0
GALAHAD,79,0,0
GALAHAD,3,0,0
GALAHAD,3,0,0
GALAHAD,11,21,0
GALAHAD,25,25,0
GALAHAD,15,94,0
GALAHAD,71,0,0
GALAHAD,3,55,2
GALAHAD,96,9,0
GALAHAD,87,0,0
GALAHAD,49,18,0
GALAHAD,83,55,5
GALAHAD,93,22,0
GALAHAD,82,60,0
GALAHAD,44,0,0
GALAHAD,86,47,0
GALAHAD,12,80,7
GALAHAD,29,59,20
GALAHAD,76,90,0
GALAHAD,4,75,0
GALAHAD,30,0,0
GALAHAD,21,0,0
GALAHAD,67,86,15
GALAHAD,79,0,0
GALAHAD,15,26,0
GALAHAD,80,59,0
GALAHAD,72,8,3
GALAHAD,56,12,5
GALAHAD,49,1,1
GALAHAD,59,0,0
GALAHAD,30,12,0
GALAHAD,54,0,0
GALAHAD,84,0,0
GALAHAD,94,24,5
GALAHAD,41,45,0
GALAHAD,29,49,8
GALAHAD,96,53,0
GALAHAD,48,34,0
GALAHAD,18,0,0
GALAHAD,28,70,27
GALAHAD,52,13,0
GALAHAD,30,75,0
GALAHAD,99,87,0
GALAHAD,22,90,0
GALAHAD,44,16,0
GALAHAD,32,50,0
GALAHAD,75,88,0
GALAHAD,10,57,0
GALAHAD,14,7,0
GALAHAD,90,51,0
GALAHAD,73,71,24
GALAHAD,48,0,0
GALAHAD,6,64,6
GALAHAD,95,0,0
GALAHAD,13,0,0
GALAHAD,99,0,0
GALAHAD,70,0,0
GALAHAD,48,49,41
GALAHAD,48,0,0
GALAHAD,80,3,3
GALAHAD,54,0,0
GALAHAD,68,26,0
GALAHAD,69,0,0
GALAHAD,22,6,5
GALAHAD,41,18,16
GALAHAD,39,72,0
GALAHAD,68,52,3
GALAHAD,49,76,19
GALAHAD,35,79,18
GALAHAD,71,6,0
GALAHAD,82,3,0
GALAHAD,27,53,0
GALAHAD,97,0,0
GALAHAD,38,13,0
GALAHAD,73,54,16
GALAHAD,9,10,2
GALAHAD,100,77,12
GALAHAD,24,18,1
GALAHAD,57,0,0
GALAHAD,90,0,0
GALAHAD,87,9,0
GALAHAD,62,59,0
GALAHAD,61,0,0
GALAHAD,21,93,20
GALAHAD,89,0,0
GALAHAD,82,49,0
GALAHAD,79,18,0
GALAHAD,95,15,0
GALAHAD,77,47,16
GALAHAD,79,0,0
GALAHAD,18,0,0
GALAHAD,59,7,6
GALAHAD,85,6,0
GALAHAD,99,59,0
GALAHAD,9,0,0
GALAHAD,93,46,6
GALAHAD,84,69,0
GALAHAD,31,18,0
GALAHAD,77,10,2
GALAHAD,96,44,0
GALAHAD,60,0,0
GALAHAD,53,0,0
GALAHAD,30,62,0
GALAHAD,22,70,10
GALAHAD,6,0,0
GALAHAD,70,86,55
GALAHAD,71,89,0
GALAHAD,17,98,0
GALAHAD,23,98,0
GALAHAD,79,0,0
GALAHAD,49,60,2
GALAHAD,15,9,0
GALAHAD,75,10,3
GALAHAD,2,0,0
GALAHAD,55,0,0
GALAHAD,6,0,0
GALAHAD,56,0,0
GALAHAD,57,51,3
GALAHAD,59,0,0
GALAHAD,36,0,0
GALAHAD,46,92,0
GALAHAD,23,0,0
GALAHAD,4,39,3
GALAHAD,39,0,0
GALAHAD,85,19,13
GALAHAD,36,81,0
GALAHAD,38,15,0
GALAHAD,92,74,41
GALAHAD,21,0,0
GALAHAD,49,0,0
GALAHAD,84,37,0
GALAHAD,83,4,0
GALAHAD,9,47,0
GALAHAD,97,94,0
GALAHAD,2,17,0
GALAHAD,69,26,0
GALAHAD,7,30,0
GALAHAD,68,0,0
GALAHAD,100,74,0
GALAHAD,53,42,0
GALAHAD,99,95,0
GALAHAD,2,77,0
GALAHAD,32,0,0
GALAHAD,59,52,0
GALAHAD,78,95,37
GALAHAD,31,30,9
GALAHAD,15,31,8
GALAHAD,5,27,5
GALAHAD,74,99,0
GALAHAD,61,9,3
GALAHAD,98,0,0
GALAHAD,93,0,0
GALAHAD,13,0,0
GALAHAD,36,69,2
GALAHAD,17,58,8
GALAHAD,82,2,0
GALAHAD,74,26,16
GALAHAD,53,0,0
GALAHAD,65,75,39
GALAHAD,31,62,0
GALAHAD,51,16,14
GALAHAD,69,16,10
GALAHAD,41,36,0
GALAHAD,9,0,0
GALAHAD,73,14,0
GALAHAD,56,0,0
GALAHAD,47,31,0
GALAHAD,20,0,0
GALAHAD,18,0,0
GALAHAD,9,0,0
GALAHAD,9,0,0
GALAHAD,59,92,0
GALAHAD,78,0,0
GALAHAD,35,72,0
GALAHAD,23,68,15
GALAHAD,46,55,2
GALAHAD,26,11,0
GALAHAD,55,5,0
GALAHAD,80,0,0
GALAHAD,66,4,1
GALAHAD,85,46,10
GALAHAD,90,81,0
GALAHAD,47,0,0
GALAHAD,65,4,0
GALAHAD,82,13,9
GALAHAD,53,44,0
GALAHAD,97,68,64
GALAHAD,36,79,0
GALAHAD,75,20,0
GALAHAD,23,0,0
GALAHAD,83,64,0
GALAHAD,6,0,0
GALAHAD,41,0,0
GALAHAD,56,46,0
GALAHAD,72,0,0
GALAHAD,6,0,0
GALAHAD,39,51,30
GALAHAD,34,0,0
GALAHAD,78,0,0
GALAHAD,80,98,0
GALAHAD,51,0,0
GALAHAD,38,0,0
GALAHAD,21,90,0
GALAHAD,33,49,10
GALAHAD,94,0,0
GALAHAD,4,23,4
GALAHAD,35,24,0
GALAHAD,42,79,20
GALAHAD,87,95,0
GALAHAD,58,71,0
GALAHAD,1,33,0
GALAHAD,43,35,0
GALAHAD,97,81,37
GALAHAD,93,0,0
GALAHAD,22,25,0
GALAHAD,68,69,0
GALAHAD,69,0,0
GALAHAD,18,21,0
GALAHAD,12,0,0
GALAHAD,64,42,24
GALAHAD,56,10,2
GALAHAD,75,0,0
GALAHAD,17,65,11
GALAHAD,68,0,0
GALAHAD,72,0,0
GALAHAD,96,0,0
GALAHAD,94,53,0
GALAHAD,98,22,0
GALAHAD,32,68,0
GALAHAD,66,0,0
GALAHAD,95,0,0
GALAHAD,8,89,0
GALAHAD,77,90,11
GALAHAD,86,16,0
GALAHAD,29,44,0
GALAHAD,84,69,0
GALAHAD,68,95,0
GALAHAD,77,36,0
GALAHAD,92,71,0
GALAHAD,4,55,0
GALAHAD,51,28,0
GALAHAD,39,0,0
GALAHAD,93,86,0
GALAHAD,78,73,0
GALAHAD,71,68,68
GALAHAD,88,0,0
GALAHAD,42,21,0
GALAHAD,54,88,0
GALAHAD,74,34,0
GALAHAD,33,16,0
GALAHAD,79,0,0
GALAHAD,46,71,0
GALAHAD,9,60,5
GALAHAD,20,57,0
GALAHAD,97,68,60
GALAHAD,49,53,46
GALAHAD,61,0,0
GALAHAD,1,69,1
GALAHAD,13,0,0
GALAHAD,87,0,0
GALAHAD,67,0,0
GALAHAD,1,0,0
GALAHAD,11,47,0
GALAHAD,27,29,6
GALAHAD,100,0,0
GALAHAD,33,28,0
GALAHAD,16,67,0
GALAHAD,77,0,0
GALAHAD,59,60,33
GALAHAD,73,59,0
GALAHAD,70,67,0
GALAHAD,79,96,0
GALAHAD,52,23,0
GALAHAD,70,91,19
GALAHAD,77,98,0
GALAHAD,51,20,0
GALAHAD,28,87,26
GALAHAD,30,36,0
GALAHAD,30,0,0
GALAHAD,42,41,14
GALAHAD,90,0,0
GALAHAD,77,0,0
GALAHAD,79,0,0
GALAHAD,20,19,0
GALAHAD,12,14,9
GALAHAD,59,0,0
GALAHAD,11,80,0
GALAHAD,55,69,32
GALAHAD,51,19,14
GALAHAD,81,0,0
GALAHAD,84,96,0
GALAHAD,51,68,0
GALAHAD,71,42,0
GALAHAD,6,0,0
GALAHAD,76,89,0
GALAHAD,62,55,0
GALAHAD,95,98,0
GALAHAD,8,68,0
GALAHAD,29,0,0
GALAHAD,34,70,29
GALAHAD,91,44,0
GALAHAD,16,0,0
GALAHAD,8,76,0
GALAHAD,18,15,0
GALAHAD,19,90,15
GALAHAD,40,38,0
GALAHAD,83,0,0
GALAHAD,69,73,43
GALAHAD,65,60,51
GALAHAD,46,26,21
GALAHAD,34,76,0
GALAHAD,14,95,0
GALAHAD,85,0,0
GALAHAD,71,31,0
GALAHAD,29,8,6
GALAHAD,41,67,0
GALAHAD,35,0,0
GALAHAD,43,0,0
GALAHAD,79,37,3
GALAHAD,91,66,0
GALAHAD,65,0,0
GALAHAD,95,21,0
GALAHAD,62,32,29
GALAHAD,64,12,5
GALAHAD,66,1,0
GALAHAD,89,0,0
GALAHAD,8,0,0
GALAHAD,27,94,21
GALAHAD,74,84,0
GALAHAD,11,24,1
GALAHAD,9,16,6
GALAHAD,64,0,0
GALAHAD,78,50,6
GALAHAD,44,0,0
GALAHAD,57,33,31
GALAHAD,37,0,0
GALAHAD,25,0,0
GALAHAD,50,25,25
GALAHAD,52,0,0
GALAHAD,92,44,0
GALAHAD,33,0,0
GALAHAD,3,80,0
GALAHAD,81,4,0
GALAHAD,48,9,0
GALAHAD,66,75,0
GALAHAD,86,42,0
GALAHAD,47,98,16
GALAHAD,63,0,0
GALAHAD,68,25,0
GALAHAD,17,68,7
GALAHAD,87,0,0
GALAHAD,80,0,0
GALAHAD,56,38,0
GALAHAD,53,39,7
GALAHAD,58,64,22
GALAHAD,76,0,0
GALAHAD,87,63,0
GALAHAD,9,72,0
GALAHAD,19,29,0
GALAHAD,35,69,0
GALAHAD,76,0,0
GALAHAD,38,22,8
GALAHAD,34,0,0
GALAHAD,79,0,0
GALAHAD,35,23,19
GALAHAD,74,41,28
GALAHAD,14,0,0
GALAHAD,89,0,0
GALAHAD,17,45,3
GALAHAD,83,0,0
GALAHAD,41,39,35
GALAHAD,34,0,0
GALAHAD,85,44,0
GALAHAD,24,37,19
GALAHAD,26,36,0
GALAHAD,57,7,1
GALAHAD,4,81,3
GALAHAD,82,68,0
GALAHAD,76,0,0
GALAHAD,28,49,0
GALAHAD,2,21,0
GALAHAD,65,13,8
GALAHAD,85,0,0
GALAHAD,87,0,0
GALAHAD,99,19,5
GALAHAD,42,0,0
GALAHAD,99,28,0
GALAHAD,91,33,0
GALAHAD,29,0,0
GALAHAD,15,68,0
GALAHAD,53,0,0
GALAHAD,56,0,0
GALAHAD,26,0,0
GALAHAD,49,0,0
GALAHAD,91,14,0
GALAHAD,98,0,0
GALAHAD,77,98,70
GALAHAD,61,28,12
GALAHAD,58,29,17
GALAHAD,10,33,2
GALAHAD,61,46,0
GALAHAD,4,0,0
GALAHAD,57,0,0
GALAHAD,89,0,0
GALAHAD,86,46,0
GALAHAD,96,38,2
GALAHAD,39,0,0
GALAHAD,66,89,0
GALAHAD,3,0,0
GALAHAD,88,0,0
GALAHAD,34,97,0
GALAHAD,59,67,0
GALAHAD,76,36,13
GALAHAD,25,17,0
GALAHAD,83,44,2
GALAHAD,39,50,1
GALAHAD,17,0,0
GALAHAD,40,0,0
GALAHAD,90,9,0
GALAHAD,32,2,0
GALAHAD,21,0,0
GALAHAD,34,0,0
GALAHAD,50,95,0
GALAHAD,25,77,0
GALAHAD,86,0,0
GALAHAD,51,80,0
GALAHAD,73,95,38
GALAHAD,28,0,0
GALAHAD,4,31,0
GALAHAD,21,24,20
GALAHAD,100,86,0
GALAHAD,85,0,0
GALAHAD,13,0,0
GALAHAD,93,72,44
GALAHAD,81,0,0
GALAHAD,6,5,0
GALAHAD,32,31,19
GALAHAD,50,0,0
GALAHAD,60,97,0
GALAHAD,47,12,7
GALAHAD,53,23,18
GALAHAD,47,6,0
GALAHAD,71,92,0
GALAHAD,59,64,0
GALAHAD,14,0,0
GALAHAD,44,0,0
GALAHAD,4,11,0
GALAHAD,46,63,0
GALAHAD,25,0,0
GALAHAD,42,11,2
GALAHAD,18,63,0
GALAHAD,56,29,0
GALAHAD,95,53,19
GALAHAD,57,9,0
GALAHAD,76,36,5
GALAHAD,27,0,0
GALAHAD,3,20,0
GALAHAD,64,0,0
GALAHAD,12,58,0
GALAHAD,49,74,0
GALAHAD,55,0,0
GALAHAD,6,49,0
GALAHAD,49,47,0
GALAHAD,87,87,0
GALAHAD,34,4,3
GALAHAD,15,16,13
GALAHAD,48,0,0
GALAHAD,64,0,0
GALAHAD,30,41,2
GALAHAD,19,41,1
GALAHAD,100,52,8
GALAHAD,36,99,0
GALAHAD,54,14,12
GALAHAD,7,9,0
GALAHAD,80,0,0
GALAHAD,47,34,0
GALAHAD,80,38,9
GALAHAD,3,0,0
GALAHAD,81,18,0
GALAHAD,80,48,0
GALAHAD,39,0,0
GALAHAD,87,0,0
GALAHAD,98,25,0
GALAHAD,68,16,2
GALAHAD,89,70,15
GALAHAD,99,75,0
GALAHAD,13,3,0
GALAHAD,14,60,0
GALAHAD,77,36,30
GALAHAD,78,23,11
GALAHAD,26,36,0
GALAHAD,25,0,0
GALAHAD,66,10,0
GALAHAD,35,90,1
GALAHAD,86,27,0
GALAHAD,11,53,0
GALAHAD,12,50,7
GALAHAD,6,0,0
GALAHAD,87,66,1
GALAHAD,66,29,0
GALAHAD,44,0,0
GALAHAD,58,68,0
GALAHAD,27,54,0
GALAHAD,11,41,0
GALAHAD,85,0,0
GALAHAD,13,93,0
GALAHAD,56,95,2
GALAHAD,14,26,4
GALAHAD,61,96,2
GALAHAD,20,0,0
GALAHAD,25,0,0
GALAHAD,9,0,0
GALAHAD,33,40,0
GALAHAD,69,0,0
GALAHAD,17,0,0
GALAHAD,64,30,3
GALAHAD,62,68,61
GALAHAD,1,25,0
GALAHAD,54,27,0
GALAHAD,31,49,0
GALAHAD,52,30,23
GALAHAD,35,41,8
GALAHAD,81,92,0
GALAHAD,8,72,5
GALAHAD,78,40,37
GALAHAD,4,19,0
GALAHAD,96,96,0
GALAHAD,19,60,4
GALAHAD,48,20,1
GALAHAD,52,25,0
GALAHAD,76,1,0
GALAHAD,95,51,0
GALAHAD,67,32,11
GALAHAD,58,32,0
GALAHAD,76,62,0
GALAHAD,93,92,68
GALAHAD,86,23,9
GALAHAD,26,0,0
GALAHAD,65,44,5
GALAHAD,7,63,3
GALAHAD,91,0,0
GALAHAD,93,49,25
GALAHAD,40,8,0
GALAHAD,73,69,29
GALAHAD,34,68,0
GALAHAD,14,29,4
GALAHAD,50,11,10
GALAHAD,89,0,0
GALAHAD,46,13,0
GALAHAD,79,41,0
GALAHAD,27,100,0
GALAHAD,21,0,0
GALAHAD,23,99,0
GALAHAD,80,20,0
GALAHAD,61,0,0
GALAHAD,32,11,3
GALAHAD,27,0,0
GALAHAD,40,0,0
GALAHAD,27,34,21
GALAHAD,46,27,0
GALAHAD,99,30,0
GALAHAD,40,5,5
GALAHAD,3,0,0
GALAHAD,98,82,0
GALAHAD,83,34,0
GALAHAD,88,70,0
GALAHAD,52,0,0
GALAHAD,64,0,0
GALAHAD,51,66,14
GALAHAD,25,43,20
GALAHAD,91,41,0
GALAHAD,35,90,26
GALAHAD,70,40,0
GALAHAD,43,0,0
GALAHAD,13,60,11
GALAHAD,53,26,16
GALAHAD,73,5,3
GALAHAD,69,30,0
GALAHAD,31,37,0
GALAHAD,65,17,7
GALAHAD,34,2,0
GALAHAD,59,11,0
GALAHAD,32,38,5
GALAHAD,100,62,25
GALAHAD,36,0,0
GALAHAD,50,11,0
GALAHAD,34,0,0
GALAHAD,19,0,0
GALAHAD,96,56,0
GALAHAD,15,0,0
GALAHAD,42,59,0
GALAHAD,54,91,0
GALAHAD,66,81,0
GALAHAD,24,0,0
GALAHAD,64,0,0
GALAHAD,40,61,0
GALAHAD,38,53,0
GALAHAD,38,27,19
GALAHAD,25,93,3
GALAHAD,9,20,0
GALAHAD,99,88,13
GALAHAD,48,55,0
GALAHAD,100,53,0
GALAHAD,52,17,0
GALAHAD,30,0,0
GALAHAD,45,27,0
GALAHAD,22,98,0
GALAHAD,79,62,0
GALAHAD,73,83,0
GALAHAD,3,23,0
GALAHAD,65,0,0
GALAHAD,51,0,0
GALAHAD,91,0,0
GALAHAD,6,97,0
GALAHAD,16,72,15
GALAHAD,57,0,0
GALAHAD,68,0,0
GALAHAD,35,61,0
GALAHAD,7,46,3
GALAHAD,23,23,22
GALAHAD,26,72,0
GALAHAD,56,0,0
GALAHAD,83,0,0
GALAHAD,49,75,0
GALAHAD,78,5,0
GALAHAD,82,47,0
GALAHAD,24,0,0
GALAHAD,44,0,0
GALAHAD,81,0,0
GALAHAD,32,0,0
GALAHAD,26,87,11
GALAHAD,57,60,0
GALAHAD,47,73,0
GALAHAD,6,88,5
GALAHAD,30,5,0
GALAHAD,59,0,0
GALAHAD,51,73,35
GALAHAD,6,0,0
GALAHAD,6,92,0
GALAHAD,45,18,0
GALAHAD,38,49,13
GALAHAD,71,62,0
GALAHAD,31,59,0
GALAHAD,18,5,5
GALAHAD,29,0,0
GALAHAD,84,30,0
GALAHAD,30,94,0
GALAHAD,22,63,0
GALAHAD,55,0,0
GALAHAD,75,35,0
GALAHAD,69,84,59
GALAHAD,62,0,0
GALAHAD,32,19,15
GALAHAD,84,0,0
GALAHAD,6,0,0
GALAHAD,38,8,0
GALAHAD,70,1,0
GALAHAD,23,37,0
GALAHAD,54,88,0
GALAHAD,67,93,0
GALAHAD,93,1,0
GALAHAD,82,0,0
GALAHAD,50,77,6
GALAHAD,14,22,8
GALAHAD,92,41,0
GALAHAD,34,0,0
GALAHAD,63,7,0
GALAHAD,49,74,8
GALAHAD,75,0,0
GALAHAD,23,100,0
GALAHAD,17,4,3
GALAHAD,60,89,15
GALAHAD,67,0,0
GALAHAD,48,0,0
GALAHAD,44,8,0
GALAHAD,31,45,13
GALAHAD,25,43,0
GALAHAD,18,49,0
GALAHAD,57,0,0
GALAHAD,3,2,1
GALAHAD,43,0,0
GALAHAD,67,41,34
GALAHAD,67,35,28
GALAHAD,42,0,0
GALAHAD,96,0,0
GALAHAD,6,54,2
GALAHAD,28,29,3
GALAHAD,90,0,0
GALAHAD,58,94,26
GALAHAD,60,0,0
GALAHAD,39,0,0
GALAHAD,97,19,0
GALAHAD,8,10,0
GALAHAD,44,0,0
GALAHAD,97,0,0
GALAHAD,47,92,0
GALAHAD,78,0,0
GALAHAD,81,0,0
GALAHAD,83,10,3
GALAHAD,96,0,0
GALAHAD,37,0,0
GALAHAD,55,0,0
GALAHAD,43,54,0
GALAHAD,23,0,0
GALAHAD,69,0,0
GALAHAD,60,29,0
GALAHAD,77,0,0
GALAHAD,80,88,35
GALAHAD,21,8,4
GALAHAD,52,26,0
GALAHAD,81,39,16
GALAHAD,9,24,0
GALAHAD,32,45,0
GALAHAD,89,68,63
GALAHAD,57,62,3
GALAHAD,98,33,4
GALAHAD,69,93,0
GALAHAD,58,73,0
GALAHAD,22,6,5
GALAHAD,17,0,0
GALAHAD,18,22,0
GALAHAD,80,0,0
GALAHAD,26,0,0
GALAHAD,5,29,0
GALAHAD,70,0,0
GALAHAD,92,0,0
GALAHAD,40,65,0
GALAHAD,68,2,0
GALAHAD,21,54,2
GALAHAD,68,63,21
GALAHAD,35,0,0
GALAHAD,25,0,0
GALAHAD,47,75,0
GALAHAD,3,9,1
GALAHAD,30,51,0
GALAHAD,67,20,0
GALAHAD,72,28,18
GALAHAD,53,49,0
GALAHAD,37,39,27
GALAHAD,46,0,0
GALAHAD,20,80,0
GALAHAD,61,99,0
GALAHAD,86,80,0
GALAHAD,34,0,0
GALAHAD,15,52,0
GALAHAD,23,91,0
GALAHAD,3,0,0
GALAHAD,34,1,0
GALAHAD,69,9,0
GALAHAD,23,0,0
GALAHAD,49,0,0
GALAHAD,19,34,0
GALAHAD,90,100,54
GALAHAD,49,67,4
GALAHAD,76,59,29
GALAHAD,69,63,0
GALAHAD,79,0,0
GALAHAD,1,14,0
GALAHAD,58,0,0
GALAHAD,2,75,1
GALAHAD,99,85,0
GALAHAD,1,27,0
GALAHAD,21,87,0
GALAHAD,22,74,0
GALAHAD,13,0,0
GALAHAD,36,0,0
GALAHAD,97,0,0
GALAHAD,37,37,0
GALAHAD,3,0,0
GALAHAD,62,0,0
GALAHAD,33,0,0
GALAHAD,80,71,0
GALAHAD,96,51,3
GALAHAD,20,15,0
GALAHAD,56,29,0
GALAHAD,12,83,0
GALAHAD,60,0,0
GALAHAD,41,45,1
GALAHAD,15,3,2
GALAHAD,70,42,33
GALAHAD,80,92,4
GALAHAD,76,82,0
GALAHAD,31,11,0
GALAHAD,94,91,0
GALAHAD,89,42,0
GALAHAD,9,54,0
GALAHAD,73,58,0
GALAHAD,50,27,19
GALAHAD,74,54,0
GALAHAD,56,57,40
GALAHAD,94,94,84
GALAHAD,45,0,0
GALAHAD,75,64,0
GALAHAD,60,79,0
GALAHAD,14,0,0
GALAHAD,94,0,0
GALAHAD,30,89,0
GALAHAD,29,18,15
GALAHAD,89,0,0
GALAHAD,46,63,6
GALAHAD,46,52,25
GALAHAD,98,39,0
GALAHAD,43,0,0
GALAHAD,9,74,2
GALAHAD,23,24,0
GALAHAD,58,59,4
GALAHAD,98,49,0
GALAHAD,37,42,0
GALAHAD,16,81,0
GALAHAD,94,74,0
GALAHAD,13,43,0
GALAHAD,55,72,0
GALAHAD,79,0,0
GALAHAD,99,79,0
GALAHAD,55,90,21
GALAHAD,74,0,0
GALAHAD,66,11,4
GALAHAD,39,5,0
GALAHAD,41,58,32
GALAHAD,3,0,0
GALAHAD,18,28,9
GALAHAD,58,0,0
GALAHAD,56,58,0
GALAHAD,30,0,0
GALAHAD,26,0,0
GALAHAD,55,0,0
GALAHAD,81,0,0
GALAHAD,97,0,0
GALAHAD,71,54,0
GALAHAD,8,74,0
GALAHAD,79,15,13
GALAHAD,70,15,0
GALAHAD,64,73,0
GALAHAD,90,0,0
GALAHAD,77,48,0
GALAHAD,30,22,0
GALAHAD,59,17,1
GALAHAD,26,40,4
GALAHAD,99,0,0
GALAHAD,6,0,0
GALAHAD,79,0,0
GALAHAD,56,24,0
GALAHAD,93,0,0
GALAHAD,15,81,0
GALAHAD,99,1,0
GALAHAD,12,62,9
GALAHAD,26,78,0
GALAHAD,33,78,18
GALAHAD,72,38,0
GALAHAD,71,4,0
GALAHAD,16,57,0
GALAHAD,6,77,0
GALAHAD,9,23,0
GALAHAD,78,0,0
GALAHAD,78,0,0
GALAHAD,86,0,0
GALAHAD,57,0,0
GALAHAD,56,95,0
GALAHAD,5,45,0
GALAHAD,56,64,0
GALAHAD,20,32,0
GALAHAD,27,0,0
GALAHAD,49,92,0
GALAHAD,46,45,29
GALAHAD,52,41,0
GALAHAD,90,0,0
GALAHAD,6,63,1
GALAHAD,90,52,21
GALAHAD,47,0,0
GALAHAD,74,71,0
GALAHAD,40,89,0
GALAHAD,45,13,0
GALAHAD,38,0,0
GALAHAD,46,58,0
GALAHAD,57,0,0
GALAHAD,36,99,15
GALAHAD,5,40,0
GALAHAD,91,0,0
GALAHAD,52,35,32
GALAHAD,82,48,0
GALAHAD,53,0,0
GALAHAD,31,52,0
GALAHAD,61,71,0
GALAHAD,26,76,11
GALAHAD,82,94,0
GALAHAD,25,83,0
GALAHAD,92,70,0
GALAHAD,91,0,0
GALAHAD,93,0,0
GALAHAD,81,11,5
GALAHAD,51,45,29
GALAHAD,93,7,6
GALAHAD,13,2,0
GALAHAD,10,89,0
GALAHAD,92,51,0
GALAHAD,47,25,0
GALAHAD,80,83,31
GALAHAD,90,89,0
GALAHAD,60,18,0
GALAHAD,23,0,0
GALAHAD,72,81,0
GALAHAD,55,0,0
GALAHAD,59,88,45
GALAHAD,83,75,0
GALAHAD,39,90,22
GALAHAD,87,27,0
GALAHAD,58,0,0
GALAHAD,26,51,15
GALAHAD,87,19,0
GALAHAD,3,70,3
GALAHAD,84,0,0
GALAHAD,89,0,0
GALAHAD,87,0,0
GALAHAD,74,44,0
GALAHAD,22,0,0
GALAHAD,26,66,0
GALAHAD,25,91,0
GALAHAD,16,79,0
GALAHAD,35,23,0
GALAHAD,27,0,0
GALAHAD,85,75,0
GALAHAD,98,48,0
GALAHAD,19,11,0
GALAHAD,52,23,14
GALAHAD,67,73,10
GALAHAD,17,20,0
GALAHAD,9,0,0
GALAHAD,56,0,0
GALAHAD,47,73,41
GALAHAD,74,6,5
GALAHAD,27,0,0
GALAHAD,28,42,16
GALAHAD,94,67,0
GALAHAD,62,100,26
GALAHAD,46,17,3
GALAHAD,70,76,0
GALAHAD,39,100,34
GALAHAD,75,84,28
GALAHAD,26,65,0
GALAHAD,56,95,26
GALAHAD,10,90,0
GALAHAD,9,90,0
GALAHAD,85,0,0
GALAHAD,77,0,0
GALAHAD,91,84,0
GALAHAD,34,51,0
GALAHAD,79,39,0
GALAHAD,1,0,0
GALAHAD,57,0,0
GALAHAD,83,54,0
GALAHAD,32,0,0
GALAHAD,39,76,0
GALAHAD,5,86,0
GALAHAD,28,0,0
GALAHAD,62,52,0
GALAHAD,7,54,0
GALAHAD,22,74,17
GALAHAD,25,0,0
GALAHAD,53,50,50
GALAHAD,15,0,0
GALAHAD,4,57,0
GALAHAD,74,19,0
GALAHAD,24,17,7
GALAHAD,7,0,0
GALAHAD,1,15,0
GALAHAD,21,41,2
GALAHAD,70,86,0
GALAHAD,71,70,0
GALAHAD,43,62,0
GALAHAD,95,97,0
GALAHAD,40,0,0
GALAHAD,38,92,34
GALAHAD,87,92,0
GALAHAD,36,0,0
GALAHAD,99,0,0
GALAHAD,88,23,0
GALAHAD,40,76,27
GALAHAD,35,19,0
GALAHAD,68,38,21
GALAHAD,55,34,13
GALAHAD,21,100,5
GALAHAD,86,45,0
GALAHAD,65,0,0
GALAHAD,40,93,4
GALAHAD,34,58,25
GALAHAD,94,88,44
GALAHAD,14,10,0
GALAHAD,2,0,0
GALAHAD,85,33,0
GALAHAD,59,34,0
GALAHAD,10,78,0
GALAHAD,50,0,0
GALAHAD,93,0,0
GALAHAD,28,82,0
GALAHAD,7,30,1
GALAHAD,46,39,0
GALAHAD,22,26,0
GALAHAD,12,0,0
GALAHAD,61,0,0
GALAHAD,44,40,3
GALAHAD,60,0,0
GALAHAD,89,30,16
GALAHAD,15,74,1
GALAHAD,7,64,4
GALAHAD,22,78,0
GALAHAD,29,21,0
GALAHAD,51,14,0
GALAHAD,42,0,0
GALAHAD,14,0,0
GALAHAD,88,0,0
GALAHAD,46,12,1
GALAHAD,34,9,0
GALAHAD,36,74,20
GALAHAD,11,0,0
GALAHAD,26,0,0
GALAHAD,11,71,4
GALAHAD,30,54,0
GALAHAD,39,95,0
GALAHAD,99,97,57
GALAHAD,22,0,0
GALAHAD,39,93,21
GALAHAD,7,42,0
GALAHAD,34,64,26
GALAHAD,33,70,19
GALAHAD,97,11,0
GALAHAD,41,46,7
GALAHAD,47,25,0
GALAHAD,99,21,0
GALAHAD,25,0,0
GALAHAD,71,0,0
GALAHAD,37,0,0
GALAHAD,64,0,0
GALAHAD,98,43,0
GALAHAD,96,60,44
GALAHAD,17,14,0
GALAHAD,33,79,12
GALAHAD,47,82,0
GALAHAD,26,62,0
GALAHAD,69,8,6
GALAHAD,10,0,0
GALAHAD,99,73,0
GALAHAD,50,70,29
GALAHAD,29,65,0
GALAHAD,41,79,10
GALAHAD,76,0,0
GALAHAD,79,24,22
GALAHAD,20,26,8
GALAHAD,59,0,0
GALAHAD,65,16,0
GALAHAD,85,37,0
GALAHAD,33,0,0
GALAHAD,26,0,0
GALAHAD,86,88,0
GALAHAD,98,55,0
GALAHAD,47,88,0
GALAHAD,94,18,0
GALAHAD,45,95,4
GALAHAD,36,84,6
GALAHAD,29,92,0
GALAHAD,62,61,0
GALAHAD,29,87,0
GALAHAD,38,53,0
GALAHAD,80,48,0
GALAHAD,28,0,0
GALAHAD,85,0,0
GALAHAD,4,84,3
GALAHAD,65,41,0
GALAHAD,35,52,34
GALAHAD,3,0,0
GALAHAD,71,50,22
GALAHAD,43,68,0
GALAHAD,12,86,0
GALAHAD,18,67,0
GALAHAD,43,40,0
GALAHAD,50,98,12
GALAHAD,10,0,0
GALAHAD,89,0,0
GALAHAD,62,38,33
GALAHAD,14,0,0
GALAHAD,99,16,15
GALAHAD,83,0,0
GALAHAD,40,0,0
GALAHAD,95,10,0
GALAHAD,28,83,7
GALAHAD,55,27,6
GALAHAD,41,45,20
GALAHAD,42,67,16
GALAHAD,47,0,0
GALAHAD,16,6,5
GALAHAD,85,35,0
GALAHAD,47,0,0
GALAHAD,61,66,0
GALAHAD,21,0,0
GALAHAD,57,0,0
GALAHAD,67,76,0
GALAHAD,85,59,7
GALAHAD,36,84,0
GALAHAD,16,87,0
GALAHAD,88,11,0
GALAHAD,69,0,0
GALAHAD,30,0,0
GALAHAD,83,73,0
GALAHAD,42,83,0
GALAHAD,62,0,0
GALAHAD,78,14,0
GALAHAD,24,43,0
GALAHAD,90,0,0
GALAHAD,45,42,0
GALAHAD,78,23,0
GALAHAD,99,88,0
GALAHAD,10,73,9
GALAHAD,51,69,19
GALAHAD,91,61,0
GALAHAD,99,73,0
GALAHAD,37,6,0
GALAHAD,36,85,0
GALAHAD,46,57,0
GALAHAD,69,0,0
GALAHAD,93,0,0
GALAHAD,71,79,25
GALAHAD,100,44,25
GALAHAD,36,15,0
GALAHAD,40,8,0
GALAHAD,87,76,0
GALAHAD,71,33,24
GALAHAD,85,20,0
GALAHAD,67,0,0
GALAHAD,42,22,13
GALAHAD,77,96,0
GALAHAD,93,82,0
GALAHAD,52,13,7
GALAHAD,71,10,4
GALAHAD,96,98,0
GALAHAD,69,79,29
GALAHAD,19,0,0
GALAHAD,73,21,0
GALAHAD,90,0,0
GALAHAD,89,20,16
GALAHAD,91,93,67
GALAHAD,88,20,0
GALAHAD,12,25,5
GALAHAD,22,0,0
GALAHAD,11,44,3
GALAHAD,88,53,0
GALAHAD,37,32,14
GALAHAD,69,0,0
GALAHAD,6,65,0
GALAHAD,6,54,5
GALAHAD,59,54,16
GALAHAD,52,89,13
GALAHAD,83,49,0
GALAHAD,30,0,0
GALAHAD,43,76,1
GALAHAD,28,0,0
GALAHAD,76,77,0
GALAHAD,88,0,0
GALAHAD,50,0,0
GALAHAD,5,0,0
GALAHAD,84,0,0
GALAHAD,33,26,9
GALAHAD,33,0,0
GALAHAD,73,7,7
GALAHAD,19,3,3
GALAHAD,84,83,67
GALAHAD,27,0,0
GALAHAD,69,7,7
GALAHAD,26,3,0
GALAHAD,24,55,6
GALAHAD,38,64,18
GALAHAD,77,0,0
GALAHAD,52,27,0
GALAHAD,10,0,0
GALAHAD,93,91,0
GALAHAD,30,28,0
GALAHAD,45,34,6
GALAHAD,11,60,3
GALAHAD,20,29,0
GALAHAD,76,0,0
GALAHAD,16,61,0
GALAHAD,85,89,34
GALAHAD,82,58,0
GALAHAD,25,0,0
GALAHAD,44,22,0
GALAHAD,46,11,4
GALAHAD,53,0,0
GALAHAD,43,37,0
GALAHAD,41,0,0
GALAHAD,71,0,0
GALAHAD,45,71,23
GALAHAD,40,60,13
GALAHAD,15,49,0
GALAHAD,99,7,4
GALAHAD,43,0,0
GALAHAD,42,68,39
GALAHAD,77,35,0
GALAHAD,83,0,0
GALAHAD,5,0,0
GALAHAD,100,19,0
GALAHAD,29,79,4
GALAHAD,99,52,27
GALAHAD,50,0,0
GALAHAD,31,0,0
GALAHAD,67,63,0
GALAHAD,65,0,0
GALAHAD,53,0,0
GALAHAD,44,86,6
GALAHAD,36,46,0
GALAHAD,7,97,0
GALAHAD,44,44,0
GALAHAD,55,41,0
GALAHAD,94,0,0
GALAHAD,73,5,5
GALAHAD,16,30,0
GALAHAD,4,0,0
GALAHAD,66,26,0
GALAHAD,83,61,0
GALAHAD,78,0,0
GALAHAD,28,83,20
GALAHAD,17,17,0
GALAHAD,74,13,0
GALAHAD,64,0,0
GALAHAD,93,0,0
GALAHAD,43,36,0
GALAHAD,79,83,0
GALAHAD,8,0,0
GALAHAD,2,72,0
GALAHAD,46,37,0
GALAHAD,61,0,0
GALAHAD,99,98,44
GALAHAD,70,0,0
GALAHAD,63,87,10
GALAHAD,40,93,0
GALAHAD,18,82,5
GALAHAD,24,42,10
GALAHAD,84,90,0
GALAHAD,44,0,0
GALAHAD,64,35,0
GALAHAD,40,11,0
GALAHAD,85,56,29
GALAHAD,21,24,8
GALAHAD,90,1,1
GALAHAD,38,0,0
GALAHAD,98,44,0
GALAHAD,65,0,0
GALAHAD,32,87,26
GALAHAD,46,23,0
GALAHAD,87,12,0
GALAHAD,78,0,0
GALAHAD,86,63,0
GALAHAD,80,45,35
GALAHAD,18,0,0
GALAHAD,46,84,1
GALAHAD,70,45,16
GALAHAD,27,48,0
GALAHAD,24,50,0
GALAHAD,100,47,0
GALAHAD,84,0,0
GALAHAD,9,36,8
GALAHAD,67,0,0
GALAHAD,50,82,0
GALAHAD,46,47,1
GALAHAD,61,75,0
GALAHAD,5,7,0
GALAHAD,65,82,26
GALAHAD,59,0,0
GALAHAD,29,0,0
GALAHAD,43,14,4
GALAHAD,36,52,19
GALAHAD,10,5,0
GALAHAD,42,70,0
GALAHAD,70,68,0
GALAHAD,8,0,0
GALAHAD,40,0,0
GALAHAD,27,15,0
GALAHAD,93,79,0
GALAHAD,84,0,0
GALAHAD,88,0,0
GALAHAD,38,42,0
GALAHAD,36,89,0
GALAHAD,71,93,0
GALAHAD,80,39,0
GALAHAD,81,0,0
GALAHAD,53,99,30
GALAHAD,25,0,0
GALAHAD,31,0,0
GALAHAD,46,0,0
GALAHAD,23,19,0
GALAHAD,12,59,0
GALAHAD,10,0,0
GALAHAD,30,28,0
GALAHAD,29,56,0
GALAHAD,49,94,27
GALAHAD,60,0,0
GALAHAD,5,0,0
GALAHAD,100,96,0
GALAHAD,32,68,6
GALAHAD,14,13,0
GALAHAD,8,0,0
GALAHAD,96,64,0
GALAHAD,69,0,0
GALAHAD,90,0,0
GALAHAD,49,0,0
GALAHAD,46,0,0
GALAHAD,87,38,0
GALAHAD,90,79,0
GALAHAD,62,0,0
GALAHAD,34,35,3
GALAHAD,54,0,0
GALAHAD,21,33,6
GALAHAD,36,22,0
GALAHAD,54,47,14
GALAHAD,90,94,28
GALAHAD,72,58,0
GALAHAD,38,0,0
GALAHAD,82,41,37
GALAHAD,21,0,0
GALAHAD,72,98,68
GALAHAD,46,0,0
GALAHAD,22,58,0
GALAHAD,75,74,0
GALAHAD,57,26,0
GALAHAD,18,72,0
GALAHAD,34,0,0
GALAHAD,33,0,0
GALAHAD,6,0,0
GALAHAD,99,40,29
GALAHAD,83,0,0
GALAHAD,50,38,0
GALAHAD,35,33,0
GALAHAD,97,8,3
GALAHAD,34,90,0
GALAHAD,98,96,0
GALAHAD,46,0,0
GALAHAD,37,0,0
GALAHAD,52,0,0
GALAHAD,20,0,0
GALAHAD,32,56,0
GALAHAD,97,0,0
GALAHAD,25,0,0
GALAHAD,56,7,0
GALAHAD,48,0,0
GALAHAD,51,0,0
GALAHAD,59,0,0
GALAHAD,32,25,0
GALAHAD,68,61,0
GALAHAD,17,0,0
GALAHAD,48,26,26
GALAHAD,94,0,0
GALAHAD,73,14,2
GALAHAD,28,93,16
GALAHAD,19,11,0
GALAHAD,100,36,29
GALAHAD,92,96,69
GALAHAD,18,0,0
GALAHAD,79,0,0
GALAHAD,7,0,0
GALAHAD,64,86,0
GALAHAD,25,91,0
GALAHAD,64,25,22
GALAHAD,89,34,0
GALAHAD,95,51,0
GALAHAD,55,10,6
GALAHAD,89,81,0
GALAHAD,67,19,17
GALAHAD,98,0,0
GALAHAD,77,16,0
GALAHAD,89,0,0
GALAHAD,38,87,0
GALAHAD,88,67,0
GALAHAD,54,0,0
GALAHAD,68,0,0
GALAHAD,97,44,0
GALAHAD,36,0,0
GALAHAD,31,72,31
GALAHAD,53,0,0
GALAHAD,14,10,7
GALAHAD,84,10,0
GALAHAD,74,83,66
GALAHAD,53,61,0
GALAHAD,4,60,0
GALAHAD,32,100,0
GALAHAD,54,0,0
GALAHAD,54,0,0
GALAHAD,39,0,0
GALAHAD,68,0,0
GALAHAD,10,0,0
GALAHAD,23,0,0
GALAHAD,64,24,0
GALAHAD,61,0,0
GALAHAD,36,0,0
GALAHAD,14,23,2
GALAHAD,14,89,10
