Farmer_Name,Dimension 1,Dimension 2,Dimension 3
Gawain,71,24,0
Gawain,71,81,71
Gawain,4,12,3
Gawain,85,80,0
Gawain,22,43,12
Gawain,5,0,0
Gawain,45,47,0
Gawain,11,39,0
Gawain,45,15,0
Gawain,93,0,0
Gawain,89,40,17
Gawain,41,18,0
Gawain,35,95,17
Gawain,79,0,0
Gawain,69,81,0
Gawain,51,8,2
Gawain,73,0,0
Gawain,87,0,0
Gawain,14,67,0
Gawain,63,99,25
Gawain,68,44,27
Gawain,37,16,2
Gawain,75,69,38
Gawain,14,27,0
Gawain,12,0,0
Gawain,21,71,16
Gawain,89,0,0
Gawain,36,60,0
Gawain,82,0,0
Gawain,17,99,0
Gawain,39,52,0
Gawain,89,71,0
Gawain,100,95,0
Gawain,8,45,0
Gawain,22,0,0
Gawain,80,3,0
Gawain,83,22,17
Gawain,100,10,0
Gawain,78,44,23
Gawain,68,4,3
Gawain,52,48,0
Gawain,40,0,0
Gawain,40,0,0
Gawain,40,0,0
Gawain,79,80,36
Gawain,69,0,0
Gawain,94,62,37
Gawain,100,1,1
Gawain,64,90,0
Gawain,81,0,0
Gawain,25,35,14
Gawain,29,4,0
Gawain,49,0,0
Gawain,66,82,45
Gawain,54,99,0
Gawain,14,55,0
Gawain,74,0,0
Gawain,90,0,0
Gawain,45,17,0
Gawain,98,13,0
Gawain,26,0,0
Gawain,81,62,0
Gawain,58,85,0
Gawain,76,0,0
Gawain,19,0,0
Gawain,71,0,0
Gawain,27,0,0
Gawain,58,25,0
Gawain,13,73,11
Gawain,44,27,0
Gawain,86,0,0
Gawain,77,23,0
Gawain,92,7,0
Gawain,29,83,1
Gawain,74,0,0
Gawain,85,77,53
Gawain,66,0,0
Gawain,2,0,0
Gawain,68,26,0
Gawain,100,34,0
Gawain,60,85,25
Gawain,41,0,0
Gawain,62,58,0
Gawain,98,4,4
Gawain,64,0,0
Gawain,45,0,0
Gawain,70,0,0
Gawain,82,77,15
Gawain,27,21,13
Gawain,70,68,0
Gawain,97,0,0
Gawain,23,0,0
Gawain,42,0,0
Gawain,19,53,6
Gawain,58,12,12
Gawain,30,34,2
Gawain,34,0,0
Gawain,14,58,14
Gawain,68,0,0
Gawain,18,22,0
Gawain,66,20,0
Gawain,8,0,0
Gawain,82,0,0
Gawain,85,0,0
Gawain,91,60,51
Gawain,15,57,0
Gawain,97,55,0
Gawain,93,9,1
Gawain,27,0,0
Gawain,40,83,0
Gawain,64,31,0
Gawain,76,36,13
Gawain,26,0,0
Gawain,45,3,1
Gawain,53,85,34
Gawain,98,91,0
Gawain,65,0,0
Gawain,17,42,4
Gawain,36,0,0
Gawain,97,40,0
Gawain,85,56,34
Gawain,15,7,0
Gawain,58,37,0
Gawain,87,71,0
Gawain,90,77,36
Gawain,76,83,0
Gawain,100,3,0
Gawain,90,12,0
Gawain,89,11,6
Gawain,61,27,27
Gawain,81,76,60
Gawain,20,89,18
Gawain,28,88,6
Gawain,96,73,0
Gawain,44,19,10
Gawain,89,45,0
Gawain,95,6,5
Gawain,44,17,5
Gawain,57,0,0
Gawain,73,0,0
Gawain,29,91,14
Gawain,40,58,0
Gawain,47,49,25
Gawain,43,0,0
Gawain,84,77,71
Gawain,45,0,0
Gawain,23,0,0
Gawain,45,60,28
Gawain,26,0,0
Gawain,10,79,7
Gawain,74,66,43
Gawain,100,35,24
Gawain,3,0,0
Gawain,22,44,0
Gawain,77,0,0
Gawain,98,99,0
Gawain,49,0,0
Gawain,74,0,0
Gawain,22,90,0
Gawain,11,0,0
Gawain,74,37,28
Gawain,86,0,0
Gawain,66,36,0
Gawain,76,61,0
Gawain,7,0,0
Gawain,26,0,0
Gawain,57,73,0
Gawain,88,50,0
Gawain,18,1,0
Gawain,49,16,10
Gawain,41,0,0
Gawain,65,88,50
Gawain,41,0,0
Gawain,16,0,0
Gawain,74,0,0
Gawain,91,0,0
Gawain,21,89,0
Gawain,76,57,0
Gawain,83,0,0
Gawain,28,40,7
Gawain,36,0,0
Gawain,44,0,0
Gawain,21,52,0
Gawain,95,70,0
Gawain,73,65,13
Gawain,91,0,0
Gawain,22,32,0
Gawain,94,96,0
Gawain,93,58,0
Gawain,17,88,13
Gawain,47,38,0
Gawain,10,7,6
Gawain,30,0,0
Gawain,40,22,22
Gawain,37,61,0
Gawain,57,4,0
Gawain,49,0,0
Gawain,23,0,0
Gawain,72,26,0
Gawain,24,0,0
Gawain,26,81,0
Gawain,52,84,0
Gawain,68,12,0
Gawain,73,94,0
Gawain,55,30,0
Gawain,48,6,0
Gawain,45,56,0
Gawain,6,77,4
Gawain,51,38,0
Gawain,25,44,12
Gawain,35,79,0
Gawain,30,36,22
Gawain,61,16,14
Gawain,67,78,42
Gawain,63,57,49
Gawain,64,4,3
Gawain,90,72,36
Gawain,75,0,0
Gawain,12,77,0
Gawain,12,10,2
Gawain,7,0,0
Gawain,31,0,0
Gawain,4,0,0
Gawain,48,51,12
Gawain,81,76,67
Gawain,50,78,0
Gawain,35,95,10
Gawain,21,11,6
Gawain,81,62,0
Gawain,30,89,0
Gawain,49,77,0
Gawain,50,42,0
Gawain,45,38,0
Gawain,45,0,0
Gawain,94,0,0
Gawain,18,68,0
Gawain,87,0,0
Gawain,41,0,0
Gawain,37,0,0
Gawain,74,42,12
Gawain,64,24,6
Gawain,53,46,0
Gawain,70,43,0
Gawain,61,0,0
Gawain,4,22,0
Gawain,79,17,0
Gawain,88,10,1
Gawain,3,0,0
Gawain,99,5,0
Gawain,9,75,0
Gawain,67,85,1
Gawain,80,60,8
Gawain,55,62,54
Gawain,44,0,0
Gawain,93,77,6
Gawain,99,97,0
Gawain,93,41,8
Gawain,10,48,7
Gawain,96,7,6
Gawain,4,48,2
Gawain,40,34,23
Gawain,21,87,0
Gawain,80,56,0
Gawain,25,26,2
Gawain,25,86,0
Gawain,12,0,0
Gawain,80,25,0
Gawain,44,29,0
Gawain,18,31,0
Gawain,53,90,0
Gawain,99,20,0
Gawain,74,34,0
Gawain,84,13,1
Gawain,3,82,0
Gawain,80,45,36
Gawain,66,3,3
Gawain,44,86,12
Gawain,6,0,0
Gawain,34,11,0
Gawain,80,22,0
Gawain,86,0,0
Gawain,30,40,0
Gawain,84,41,0
Gawain,11,0,0
Gawain,61,72,0
Gawain,26,50,0
Gawain,36,0,0
Gawain,17,10,0
Gawain,60,4,0
Gawain,34,19,0
Gawain,30,55,0
Gawain,71,0,0
Gawain,84,59,0
Gawain,8,39,0
Gawain,44,5,3
Gawain,84,48,5
Gawain,72,96,0
Gawain,11,84,0
Gawain,31,0,0
Gawain,45,0,0
Gawain,93,0,0
Gawain,96,0,0
Gawain,48,27,0
Gawain,62,88,0
Gawain,60,51,0
Gawain,8,1,0
Gawain,24,19,0
Gawain,58,8,0
Gawain,11,72,0
Gawain,50,0,0
Gawain,12,26,10
Gawain,72,4,2
Gawain,51,28,0
Gawain,15,10,0
Gawain,52,90,0
Gawain,7,83,6
Gawain,92,99,17
Gawain,21,100,20
Gawain,97,0,0
Gawain,44,0,0
Gawain,25,38,0
Gawain,19,22,0
Gawain,50,0,0
Gawain,56,42,0
Gawain,45,65,0
Gawain,48,0,0
Gawain,91,82,0
Gawain,66,15,10
Gawain,57,63,0
Gawain,31,0,0
Gawain,99,38,0
Gawain,61,0,0
Gawain,84,90,31
Gawain,18,51,18
Gawain,56,91,0
Gawain,8,0,0
Gawain,91,8,2
Gawain,90,71,0
Gawain,58,39,0
Gawain,57,5,5
Gawain,20,0,0
Gawain,1,98,0
Gawain,14,87,0
Gawain,71,63,15
Gawain,59,0,0
Gawain,68,5,0
Gawain,92,0,0
Gawain,35,28,0
Gawain,50,54,8
Gawain,52,80,0
Gawain,10,0,0
Gawain,89,26,0
Gawain,94,74,23
Gawain,89,73,70
Gawain,80,55,0
Gawain,81,79,0
Gawain,67,72,0
Gawain,2,0,0
Gawain,6,100,3
Gawain,38,83,8
Gawain,98,0,0
Gawain,75,52,0
Gawain,92,63,0
Gawain,74,87,0
Gawain,56,86,0
Gawain,50,75,0
Gawain,49,37,0
Gawain,73,0,0
Gawain,19,27,0
Gawain,9,37,0
Gawain,54,83,0
Gawain,56,5,3
Gawain,32,67,0
Gawain,16,89,0
Gawain,4,38,1
Gawain,16,83,0
Gawain,30,9,0
Gawain,32,67,0
Gawain,100,24,0
Gawain,9,39,5
Gawain,81,16,15
Gawain,93,0,0
Gawain,95,47,0
Gawain,37,100,0
Gawain,48,89,0
Gawain,41,54,17
Gawain,12,59,0
Gawain,40,43,33
Gawain,8,0,0
Gawain,34,0,0
Gawain,42,87,28
Gawain,63,41,0
Gawain,70,0,0
Gawain,28,49,15
Gawain,53,12,5
Gawain,15,0,0
Gawain,39,69,0
Gawain,71,4,1
Gawain,82,68,0
Gawain,82,6,3
Gawain,14,92,13
Gawain,60,94,0
Gawain,78,0,0
Gawain,96,0,0
Gawain,6,0,0
Gawain,60,0,0
Gawain,30,0,0
Gawain,40,3,3
Gawain,48,72,37
Gawain,45,0,0
Gawain,77,0,0
Gawain,17,8,0
Gawain,80,0,0
Gawain,77,14,10
Gawain,17,86,0
Gawain,61,16,0
Gawain,40,11,0
Gawain,45,29,28
Gawain,38,0,0
Gawain,11,0,0
Gawain,18,6,0
Gawain,88,0,0
Gawain,54,0,0
Gawain,41,28,21
Gawain,21,18,18
Gawain,15,0,0
Gawain,20,0,0
Gawain,42,11,0
Gawain,85,25,0
Gawain,85,60,0
Gawain,72,75,0
Gawain,25,66,0
Gawain,51,26,26
Gawain,21,17,3
Gawain,54,15,0
Gawain,1,43,0
Gawain,11,45,11
Gawain,14,9,7
Gawain,46,0,0
Gawain,47,44,36
Gawain,3,88,0
Gawain,71,36,17
Gawain,60,0,0
Gawain,24,50,0
Gawain,91,11,0
Gawain,16,0,0
Gawain,47,98,0
Gawain,82,63,52
Gawain,75,42,0
Gawain,46,19,0
Gawain,16,20,0
Gawain,13,60,0
Gawain,78,98,0
Gawain,38,91,7
Gawain,52,0,0
Gawain,35,0,0
Gawain,24,38,21
Gawain,15,17,0
Gawain,99,0,0
Gawain,6,62,0
Gawain,13,43,0
Gawain,84,0,0
Gawain,94,29,0
Gawain,36,66,16
Gawain,90,70,0
Gawain,63,90,0
Gawain,12,71,0
Gawain,10,46,0
Gawain,11,76,3
Gawain,47,21,10
Gawain,23,0,0
Gawain,22,49,21
Gawain,12,0,0
Gawain,69,61,0
Gawain,95,0,0
Gawain,19,0,0
Gawain,100,0,0
Gawain,88,1,0
Gawain,60,0,0
Gawain,99,0,0
Gawain,52,0,0
Gawain,30,0,0
Gawain,71,69,0
Gawain,96,1,0
Gawain,99,55,0
Gawain,53,70,0
Gawain,14,0,0
Gawain,39,58,5
Gawain,44,4,0
Gawain,84,80,0
Gawain,55,0,0
Gawain,85,79,7
Gawain,35,59,0
Gawain,30,99,20
Gawain,80,32,0
Gawain,63,15,0
Gawain,76,0,0
Gawain,29,33,29
Gawain,24,45,2
Gawain,61,0,0
Gawain,77,0,0
Gawain,68,5,0
Gawain,20,0,0
Gawain,93,0,0
Gawain,96,0,0
Gawain,2,98,0
Gawain,59,60,0
Gawain,5,76,0
Gawain,25,28,0
Gawain,94,94,0
Gawain,88,36,1
Gawain,55,37,0
Gawain,74,1,1
Gawain,58,0,0
Gawain,50,0,0
Gawain,94,0,0
Gawain,100,0,0
Gawain,98,0,0
Gawain,50,12,0
Gawain,82,20,0
Gawain,93,34,0
Gawain,51,71,0
Gawain,14,60,0
Gawain,51,0,0
Gawain,31,0,0
Gawain,17,27,0
Gawain,27,27,19
Gawain,40,62,0
Gawain,49,7,0
Gawain,64,44,0
Gawain,12,70,0
Gawain,82,90,27
Gawain,7,0,0
Gawain,13,78,0
Gawain,74,39,3
Gawain,64,32,15
Gawain,14,16,0
Gawain,98,40,0
Gawain,76,11,0
Gawain,94,12,10
Gawain,80,0,0
Gawain,36,8,8
Gawain,3,0,0
Gawain,89,73,0
Gawain,28,22,5
Gawain,33,0,0
Gawain,93,0,0
Gawain,26,71,0
Gawain,86,20,0
Gawain,40,16,4
Gawain,67,39,0
Gawain,65,4,4
Gawain,4,34,3
Gawain,17,40,0
Gawain,58,0,0
Gawain,57,0,0
Gawain,43,0,0
Gawain,81,0,0
Gawain,5,3,2
Gawain,23,30,0
Gawain,86,63,0
Gawain,22,59,0
Gawain,89,0,0
Gawain,28,8,3
Gawain,52,54,0
Gawain,96,24,0
Gawain,98,83,10
Gawain,94,0,0
Gawain,53,44,0
Gawain,97,10,0
Gawain,69,0,0
Gawain,44,0,0
Gawain,48,45,6
Gawain,91,81,81
Gawain,61,21,11
Gawain,15,0,0
Gawain,96,87,58
Gawain,78,0,0
Gawain,5,30,0
Gawain,88,0,0
Gawain,5,0,0
Gawain,81,58,0
Gawain,36,12,0
Gawain,17,0,0
Gawain,71,14,0
Gawain,100,4,1
Gawain,59,80,0
Gawain,65,1,1
Gawain,81,17,16
Gawain,64,0,0
Gawain,32,16,2
Gawain,41,0,0
Gawain,23,11,0
Gawain,44,15,8
Gawain,47,77,0
Gawain,25,72,0
Gawain,90,45,16
Gawain,35,0,0
Gawain,93,46,0
Gawain,32,58,0
Gawain,77,35,0
Gawain,57,54,20
Gawain,26,63,0
Gawain,27,13,13
Gawain,65,22,0
Gawain,52,2,0
Gawain,66,6,0
Gawain,95,0,0
Gawain,87,49,12
Gawain,89,51,4
Gawain,84,92,0
Gawain,15,94,0
Gawain,25,70,0
Gawain,81,48,35
Gawain,57,36,0
Gawain,63,42,20
Gawain,81,0,0
Gawain,71,48,0
Gawain,80,96,47
Gawain,64,0,0
Gawain,95,59,29
Gawain,43,37,25
Gawain,78,35,0
Gawain,82,43,0
Gawain,3,0,0
Gawain,12,92,0
Gawain,17,43,0
Gawain,70,99,58
Gawain,81,80,12
Gawain,21,0,0
Gawain,65,56,0
Gawain,50,29,0
Gawain,95,0,0
Gawain,95,16,0
Gawain,25,56,25
Gawain,11,0,0
Gawain,55,0,0
Gawain,40,33,0
Gawain,2,7,1
Gawain,87,73,0
Gawain,84,0,0
Gawain,33,47,5
Gawain,3,95,0
Gawain,83,28,0
Gawain,34,0,0
Gawain,95,38,0
Gawain,91,89,0
Gawain,24,6,0
Gawain,29,5,2
Gawain,54,99,0
Gawain,22,68,0
Gawain,85,79,0
Gawain,16,47,0
Gawain,13,0,0
Gawain,81,0,0
Gawain,78,0,0
Gawain,22,0,0
Gawain,100,42,0
Gawain,34,25,1
Gawain,44,25,0
Gawain,19,71,0
Gawain,98,61,0
Gawain,86,94,3
Gawain,60,77,0
Gawain,91,2,2
Gawain,43,0,0
Gawain,70,77,0
Gawain,89,51,0
Gawain,2,89,0
Gawain,23,0,0
Gawain,88,0,0
Gawain,26,41,0
Gawain,73,15,0
Gawain,89,54,0
Gawain,78,94,22
Gawain,62,99,38
Gawain,24,0,0
Gawain,47,39,20
Gawain,58,82,0
Gawain,24,98,0
Gawain,88,99,0
Gawain,41,96,28
Gawain,28,13,0
Gawain,92,0,0
Gawain,15,41,0
Gawain,33,91,1
Gawain,59,14,0
Gawain,45,19,0
Gawain,92,0,0
Gawain,73,64,29
Gawain,78,0,0
Gawain,70,73,38
Gawain,28,0,0
Gawain,87,23,0
Gawain,68,59,0
Gawain,31,92,0
Gawain,58,57,0
Gawain,24,75,0
Gawain,27,23,0
Gawain,11,0,0
Gawain,78,14,9
Gawain,34,5,4
Gawain,69,55,28
Gawain,12,8,2
Gawain,60,0,0
Gawain,15,0,0
Gawain,17,0,0
Gawain,10,41,0
Gawain,3,95,2
Gawain,79,88,21
Gawain,10,90,0
Gawain,95,1,0
Gawain,65,0,0
Gawain,29,20,0
Gawain,42,1,0
Gawain,83,0,0
Gawain,6,51,0
Gawain,93,0,0
Gawain,90,44,4
Gawain,14,87,3
Gawain,32,0,0
Gawain,84,0,0
Gawain,5,0,0
Gawain,3,71,0
Gawain,61,64,27
Gawain,9,91,0
Gawain,4,75,0
Gawain,37,38,0
Gawain,79,0,0
Gawain,51,56,38
Gawain,21,68,0
Gawain,22,3,0
Gawain,2,0,0
Gawain,97,14,6
Gawain,72,65,0
Gawain,60,69,49
Gawain,57,63,25
Gawain,25,28,25
Gawain,55,48,0
Gawain,41,66,13
Gawain,100,39,29
Gawain,13,36,1
Gawain,22,66,7
Gawain,78,0,0
Gawain,88,0,0
Gawain,30,50,0
Gawain,71,0,0
Gawain,47,20,0
Gawain,23,0,0
Gawain,24,6,0
Gawain,2,6,0
Gawain,59,0,0
Gawain,89,0,0
Gawain,85,95,0
Gawain,97,22,0
Gawain,39,0,0
Gawain,84,39,37
Gawain,95,28,10
Gawain,26,50,0
Gawain,12,34,3
Gawain,1,0,0
Gawain,24,75,0
Gawain,57,25,0
Gawain,73,9,0
Gawain,52,0,0
Gawain,42,90,0
Gawain,38,9,6
Gawain,93,1,0
Gawain,30,36,0
Gawain,10,0,0
Gawain,89,43,0
Gawain,18,83,3
Gawain,82,86,0
Gawain,32,77,0
Gawain,5,0,0
Gawain,1,0,0
Gawain,62,57,0
Gawain,1,37,0
Gawain,77,0,0
Gawain,3,88,1
Gawain,39,0,0
Gawain,98,75,16
Gawain,63,0,0
Gawain,11,18,9
Gawain,88,39,0
Gawain,84,16,11
Gawain,62,0,0
Gawain,7,0,0
Gawain,29,75,29
Gawain,57,48,0
Gawain,42,72,0
Gawain,28,0,0
Gawain,26,27,0
Gawain,59,0,0
Gawain,89,10,5
Gawain,52,0,0
Gawain,21,16,0
Gawain,32,0,0
Gawain,53,52,17
Gawain,96,62,18
Gawain,28,31,0
Gawain,19,93,0
Gawain,12,0,0
Gawain,37,0,0
Gawain,99,0,0
Gawain,66,0,0
Gawain,21,0,0
Gawain,5,0,0
Gawain,58,21,0
Gawain,11,67,11
Gawain,71,0,0
Gawain,37,21,0
Gawain,65,94,0
Gawain,36,68,14
Gawain,72,17,0
Gawain,70,67,0
Gawain,90,0,0
Gawain,28,36,0
Gawain,39,61,0
Gawain,80,0,0
Gawain,71,19,0
Gawain,27,59,0
Gawain,23,94,13
Gawain,84,100,0
Gawain,40,77,12
Gawain,75,0,0
Gawain,46,30,21
Gawain,30,0,0
Gawain,10,62,0
Gawain,85,42,10
Gawain,78,0,0
Gawain,2,11,1
Gawain,62,66,0
Gawain,24,98,0
Gawain,30,8,0
Gawain,9,53,0
Gawain,25,76,23
Gawain,70,0,0
Gawain,69,29,28
Gawain,100,63,0
Gawain,20,75,0
Gawain,80,6,0
Gawain,23,50,16
Gawain,64,0,0
Gawain,97,57,0
Gawain,21,17,0
Gawain,34,36,0
Gawain,72,74,0
Gawain,32,95,21
Gawain,99,0,0
Gawain,5,0,0
Gawain,38,19,0
Gawain,28,52,27
Gawain,44,55,12
Gawain,69,80,0
Gawain,69,46,0
Gawain,32,0,0
Gawain,36,40,0
Gawain,15,60,13
Gawain,41,64,0
Gawain,25,25,20
Gawain,26,81,0
Gawain,75,14,0
Gawain,1,18,0
Gawain,64,29,20
Gawain,9,37,0
Gawain,34,28,8
Gawain,98,70,66
Gawain,89,58,27
Gawain,29,47,0
Gawain,9,44,3
Gawain,7,28,5
Gawain,85,93,0
Gawain,43,55,0
Gawain,52,0,0
Gawain,82,0,0
Gawain,69,24,0
Gawain,89,36,18
Gawain,17,0,0
Gawain,46,0,0
Gawain,9,22,1
Gawain,47,0,0
Gawain,17,10,10
Gawain,97,35,0
Gawain,59,45,0
Gawain,65,0,0
Gawain,89,0,0
Gawain,44,25,0
Gawain,90,70,0
Gawain,63,0,0
Gawain,29,47,1
Gawain,70,0,0
Gawain,49,0,0
Gawain,38,0,0
Gawain,96,69,0
Gawain,83,0,0
Gawain,74,25,0
Gawain,88,0,0
Gawain,77,0,0
Gawain,56,6,0
Gawain,51,31,2
Gawain,61,0,0
Gawain,93,60,53
Gawain,100,50,0
Gawain,94,0,0
Gawain,42,0,0
Gawain,90,0,0
Gawain,60,18,0
Gawain,56,0,0
Gawain,44,7,0
Gawain,20,19,0
Gawain,11,84,0
Gawain,9,10,0
Gawain,29,65,0
Gawain,43,69,7
Gawain,67,0,0
Gawain,35,97,0
Gawain,59,53,10
Gawain,44,0,0
Gawain,64,98,0
Gawain,3,33,0
Gawain,3,74,0
Gawain,61,0,0
Gawain,54,65,0
Gawain,45,26,9
Gawain,99,27,0
Gawain,66,0,0
Gawain,41,47,0
Gawain,15,47,0
Gawain,27,0,0
Gawain,23,94,0
Gawain,31,0,0
Gawain,35,10,0
Gawain,71,62,0
Gawain,72,26,0
Gawain,22,18,0
Gawain,30,50,0
Gawain,63,53,12
Gawain,82,0,0
Gawain,41,67,0
Gawain,9,85,0
Gawain,60,0,0
Gawain,74,74,47
Gawain,58,64,16
Gawain,49,87,0
Gawain,50,9,7
Gawain,3,0,0
Gawain,28,0,0
Gawain,53,1,0
Gawain,93,0,0
Gawain,5,0,0
Gawain,14,2,0
Gawain,59,100,6
Gawain,93,0,0
Gawain,47,38,30
Gawain,99,99,53
Gawain,43,0,0
Gawain,65,61,0
Gawain,64,0,0
Gawain,56,91,0
Gawain,9,61,0
Gawain,60,98,0
Gawain,98,0,0
Gawain,36,36,0
Gawain,14,18,12
Gawain,28,46,0
Gawain,32,10,7
Gawain,42,0,0
Gawain,94,12,0
Gawain,3,21,0
Gawain,5,8,0
Gawain,11,5,0
Gawain,69,64,0
Gawain,97,0,0
Gawain,95,98,67
Gawain,67,24,16
Gawain,69,27,0
Gawain,43,0,0
Gawain,15,99,10
Gawain,29,0,0
Gawain,59,0,0
Gawain,15,48,0
Gawain,79,8,0
Gawain,38,91,16
Gawain,52,12,0
Gawain,85,33,0
Gawain,95,49,0
Gawain,64,42,29
Gawain,8,0,0
Gawain,60,76,0
Gawain,37,0,0
Gawain,80,20,13
Gawain,87,0,0
Gawain,98,0,0
Gawain,48,47,0
Gawain,83,0,0
Gawain,36,26,3
Gawain,37,92,0
Gawain,54,47,0
Gawain,58,0,0
Gawain,85,77,27
Gawain,35,6,0
Gawain,98,0,0
Gawain,22,42,13
Gawain,15,93,0
Gawain,14,45,0
Gawain,83,10,5
Gawain,41,0,0
Gawain,16,0,0
Gawain,70,0,0
Gawain,11,67,0
Gawain,11,35,0
Gawain,86,46,0
Gawain,19,0,0
Gawain,93,0,0
Gawain,95,29,0
Gawain,35,21,5
Gawain,40,41,0
Gawain,97,29,0
Gawain,27,92,17
Gawain,5,0,0
Gawain,64,10,0
Gawain,49,70,0
Gawain,15,10,0
Gawain,35,25,0
Gawain,13,0,0
Gawain,74,0,0
Gawain,13,0,0
Gawain,4,43,0
Gawain,6,69,0
Gawain,11,7,5
Gawain,55,0,0
Gawain,31,51,0
Gawain,60,0,0
Gawain,17,17,0
Gawain,47,0,0
Gawain,86,70,29
Gawain,12,61,0
Gawain,3,29,0
Gawain,53,68,0
Gawain,39,86,21
Gawain,25,94,0
Gawain,31,0,0
Gawain,78,89,68
Gawain,69,0,0
Gawain,63,24,0
Gawain,98,40,5
Gawain,80,54,13
Gawain,89,0,0
Gawain,55,0,0
Gawain,60,0,0
Gawain,48,91,0
Gawain,18,29,0
Gawain,2,48,0
Gawain,10,65,8
Gawain,98,53,40
Gawain,69,26,13
Gawain,72,90,0
Gawain,100,65,0
Gawain,63,17,15
Gawain,44,0,0
Gawain,86,0,0
Gawain,95,61,25
Gawain,70,95,69
Gawain,33,0,0
Gawain,22,97,0
Gawain,60,0,0
Gawain,95,0,0
Gawain,92,0,0
Gawain,56,32,0
Gawain,13,94,6
Gawain,45,69,0
Gawain,79,54,0
Gawain,89,70,63
Gawain,15,10,0
Gawain,51,80,27
Gawain,79,17,7
Gawain,33,75,9
Gawain,47,41,0
Gawain,56,0,0
Gawain,13,85,11
Gawain,69,80,0
Gawain,74,94,65
Gawain,62,99,32
Gawain,95,61,0
Gawain,51,0,0
Gawain,23,47,0
Gawain,10,0,0
Gawain,74,62,0
Gawain,10,0,0
Gawain,28,24,15
Gawain,42,0,0
Gawain,29,0,0
Gawain,31,98,0
Gawain,41,83,0
Gawain,88,88,81
Gawain,82,32,0
Gawain,31,0,0
Gawain,62,68,31
Gawain,75,0,0
Gawain,82,0,0
Gawain,27,50,0
Gawain,98,88,0
Gawain,25,30,10
Gawain,73,61,0
Gawain,22,66,0
Gawain,79,79,0
Gawain,79,58,0
Gawain,55,73,42
Gawain,58,58,0
Gawain,87,31,16
Gawain,96,48,0
Gawain,69,0,0
Gawain,48,50,0
Gawain,67,0,0
Gawain,15,72,0
Gawain,12,0,0
Gawain,46,0,0
Gawain,77,91,77
Gawain,92,0,0
Gawain,41,76,0
Gawain,55,85,0
Gawain,66,0,0
Gawain,57,68,0
Gawain,39,44,23
Gawain,97,0,0
Gawain,52,41,24
Gawain,56,55,0
Gawain,63,70,0
Gawain,17,21,0
Gawain,90,30,0
Gawain,13,0,0
Gawain,52,21,8
Gawain,91,91,0
Gawain,43,84,0
Gawain,4,0,0
Gawain,82,31,0
Gawain,37,47,8
Gawain,46,80,15
Gawain,67,21,6
Gawain,6,74,3
Gawain,16,73,13
Gawain,50,84,9
Gawain,48,0,0
Gawain,1,99,0
Gawain,14,25,0
Gawain,98,0,0
Gawain,83,0,0
Gawain,45,0,0
Gawain,13,16,0
Gawain,96,88,0
Gawain,36,7,5
Gawain,89,59,0
Gawain,45,50,0
Gawain,39,66,22
Gawain,16,0,0
Gawain,24,0,0
Gawain,62,17,0
Gawain,91,81,47
Gawain,75,24,0
Gawain,49,0,0
Gawain,75,45,8
Gawain,20,33,0
Gawain,92,75,66
Gawain,56,87,27
Gawain,2,0,0
Gawain,76,0,0
Gawain,41,93,0
Gawain,3,64,0
Gawain,11,57,0
Gawain,34,30,0
Gawain,60,54,0
Gawain,26,45,26
Gawain,10,0,0
Gawain,10,0,0
Gawain,48,0,0
Gawain,6,43,0
Gawain,100,87,0
Gawain,91,94,0
Gawain,77,68,38
Gawain,100,11,0
Gawain,16,74,7
Gawain,60,5,0
Gawain,74,96,28
Gawain,36,0,0
Gawain,20,98,0
Gawain,51,20,0
Gawain,12,24,0
Gawain,33,40,0
Gawain,66,0,0
Gawain,78,12,0
Gawain,63,91,32
Gawain,52,0,0
Gawain,75,68,0
Gawain,88,20,7
Gawain,67,26,0
Gawain,98,93,85
Gawain,42,5,4
Gawain,48,32,0
Gawain,49,50,21
Gawain,59,70,8
Gawain,88,76,0
Gawain,8,95,8
Gawain,93,72,15
Gawain,67,7,1
Gawain,63,34,0
Gawain,96,4,0
Gawain,1,0,0
Gawain,18,96,0
Gawain,87,0,0
Gawain,92,63,24
Gawain,90,78,0
Gawain,29,98,0
Gawain,31,54,0
Gawain,67,63,0
Gawain,41,3,0
Gawain,34,15,0
Gawain,7,5,0
Gawain,24,0,0
Gawain,65,71,0
Gawain,43,11,0
Gawain,25,43,16
Gawain,4,0,0
Gawain,27,0,0
Gawain,61,96,0
Gawain,21,0,0
Gawain,16,19,0
Gawain,87,0,0
Gawain,90,42,0
Gawain,78,0,0
Gawain,39,96,27
Gawain,86,94,30
Gawain,27,0,0
Gawain,48,14,13
Gawain,98,55,11
Gawain,85,77,0
Gawain,1,20,1
Gawain,25,24,0
Gawain,66,96,9
Gawain,98,0,0
Gawain,9,32,0
Gawain,91,0,0
Gawain,61,39,6
Gawain,7,0,0
Gawain,43,79,0
Gawain,83,50,19
Gawain,94,7,0
Gawain,60,0,0
Gawain,89,0,0
Gawain,7,23,2
Gawain,94,0,0
Gawain,51,57,0
Gawain,34,95,0
Gawain,70,0,0
Gawain,22,2,1
Gawain,23,32,0
Gawain,50,46,0
Gawain,58,0,0
Gawain,12,0,0
Gawain,24,89,0
Gawain,44,52,0
Gawain,53,0,0
Gawain,30,73,5
Gawain,84,49,0
Gawain,70,0,0
Gawain,66,83,45
Gawain,26,83,0
Gawain,43,0,0
Gawain,99,79,0
Gawain,80,4,0
Gawain,7,0,0
Gawain,58,82,0
Gawain,43,92,18
Gawain,34,0,0
Gawain,98,43,0
Gawain,6,95,3
Gawain,63,0,0
Gawain,2,100,1
Gawain,6,0,0
Gawain,20,0,0
Gawain,5,29,3
Gawain,5,0,0
Gawain,96,0,0
Gawain,45,0,0
Gawain,40,44,0
Gawain,67,83,0
Gawain,21,64,8
Gawain,8,6,1
Gawain,44,79,11
Gawain,60,62,0
Gawain,80,62,0
Gawain,48,12,0
Gawain,94,36,0
Gawain,43,0,0
Gawain,91,73,0
Gawain,8,78,8
Gawain,81,0,0
Gawain,45,74,0
Gawain,90,25,9
Gawain,38,0,0
Gawain,67,0,0
Gawain,43,44,0
Gawain,22,3,0
Gawain,38,13,5
Gawain,47,1,1
Gawain,54,34,15
Gawain,97,22,0
Gawain,14,68,0
Gawain,98,5,0
Gawain,100,0,0
Gawain,22,99,11
Gawain,95,0,0
Gawain,78,70,0
Gawain,31,17,0
Gawain,95,29,0
Gawain,44,0,0
Gawain,31,49,0
Gawain,45,53,0
Gawain,73,97,5
Gawain,76,0,0
Gawain,85,0,0
Gawain,68,18,1
Gawain,91,39,0
Gawain,84,59,0
Gawain,35,0,0
Gawain,63,40,0
Gawain,60,26,0
Gawain,9,0,0
Gawain,23,45,14
Gawain,61,73,0
Gawain,76,78,0
Gawain,46,81,45
Gawain,78,83,51
Gawain,66,98,0
Gawain,42,75,0
Gawain,100,27,8
Gawain,60,0,0
Gawain,61,64,35
Gawain,100,0,0
Gawain,15,83,14
Gawain,22,87,0
Gawain,57,75,14
Gawain,52,0,0
Gawain,76,100,16
Gawain,3,19,3
Gawain,45,62,0
Gawain,66,85,0
Gawain,84,0,0
Gawain,96,30,0
Gawain,65,0,0
Gawain,62,7,0
Gawain,85,34,0
Gawain,31,45,2
Gawain,77,0,0
Gawain,98,0,0
Gawain,11,0,0
Gawain,54,68,0
Gawain,26,66,0
Gawain,26,84,0
Gawain,63,89,0
Gawain,88,41,39
Gawain,28,58,26
Gawain,65,0,0
Gawain,32,38,0
Gawain,3,0,0
Gawain,90,85,54
Gawain,73,9,6
Gawain,42,0,0
Gawain,25,73,0
Gawain,95,19,13
Gawain,41,27,20
Gawain,65,14,3
Gawain,56,77,0
Gawain,71,30,26
Gawain,91,41,0
Gawain,31,38,18
Gawain,65,0,0
Gawain,3,87,0
Gawain,97,76,0
Gawain,62,38,0
Gawain,44,10,0
Gawain,58,0,0
Gawain,37,9,0
Gawain,75,59,0
Gawain,3,0,0
Gawain,2,58,1
Gawain,5,9,0
Gawain,82,10,0
Gawain,70,92,0
Gawain,85,41,8
Gawain,65,45,13
Gawain,74,0,0
Gawain,95,17,0
Gawain,6,83,0
Gawain,19,0,0
Gawain,14,7,2
Gawain,21,87,0
Gawain,18,67,14
Gawain,40,94,6
Gawain,50,0,0
Gawain,34,17,1
Gawain,98,0,0
Gawain,86,1,0
Gawain,54,100,0
Gawain,48,25,0
Gawain,14,33,7
Gawain,62,22,5
Gawain,91,64,61
Gawain,41,79,0
Gawain,60,96,0
Gawain,79,0,0
Gawain,10,82,4
Gawain,16,65,12
Gawain,25,45,0
Gawain,42,90,15
Gawain,12,14,0
Gawain,25,97,0
Gawain,84,0,0
Gawain,10,31,0
Gawain,46,0,0
Gawain,11,69,0
Gawain,71,0,0
Gawain,96,0,0
Gawain,74,0,0
Gawain,80,0,0
Gawain,19,0,0
Gawain,44,40,0
Gawain,40,57,0
Gawain,57,0,0
Gawain,89,20,0
Gawain,5,40,0
Gawain,34,33,0
Gawain,14,0,0
Gawain,13,35,13
Gawain,33,39,0
Gawain,70,99,0
Gawain,40,56,0
Gawain,11,22,9
Gawain,71,72,0
Gawain,48,74,0
Gawain,72,0,0
Gawain,98,83,0
Gawain,92,40,40
Gawain,8,0,0
Gawain,17,76,12
Gawain,46,75,26
Gawain,58,78,0
Gawain,14,40,0
Gawain,40,89,0
Gawain,83,0,0
Gawain,25,10,1
Gawain,56,26,0
Gawain,43,97,0
Gawain,93,0,0
Gawain,92,0,0
Gawain,51,53,0
Gawain,89,18,15
Gawain,50,0,0
Gawain,63,0,0
Gawain,92,0,0
Gawain,55,0,0
Gawain,95,17,0
Gawain,76,51,0
Gawain,36,0,0
Gawain,29,42,0
Gawain,56,45,41
Gawain,61,0,0
Gawain,10,0,0
Gawain,7,0,0
Gawain,85,36,0
Gawain,65,0,0
Gawain,76,18,0
Gawain,29,44,27
Gawain,90,30,0
Gawain,15,21,0
Gawain,42,0,0
Gawain,100,45,0
Gawain,34,26,0
Gawain,5,67,4
Gawain,69,9,0
Gawain,27,56,23
Gawain,84,91,0
Gawain,51,0,0
Gawain,11,56,7
Gawain,4,0,0
Gawain,22,32,19
Gawain,39,0,0
Gawain,36,42,26
Gawain,87,0,0
Gawain,51,0,0
Gawain,79,35,0
Gawain,28,0,0
Gawain,54,0,0
Gawain,19,86,16
Gawain,44,0,0
Gawain,27,88,0
Gawain,25,19,3
Gawain,9,0,0
Gawain,51,69,15
Gawain,49,91,28
Gawain,77,17,0
Gawain,88,89,0
Gawain,1,0,0
Gawain,6,25,0
Gawain,70,65,0
Gawain,25,26,0
Gawain,24,0,0
Gawain,25,23,0
Gawain,58,44,0
Gawain,23,0,0
Gawain,96,56,1
Gawain,98,15,0
Gawain,34,0,0
Gawain,62,0,0
Gawain,29,9,8
Gawain,93,0,0
Gawain,36,15,13
Gawain,55,16,0
Gawain,75,0,0
Gawain,50,0,0
Gawain,75,12,0
Gawain,71,0,0
Gawain,13,85,0
Gawain,41,47,1
Gawain,61,69,0
Gawain,25,17,0
Gawain,88,75,65
Gawain,23,0,0
Gawain,80,91,79
Gawain,41,11,11
Gawain,96,45,0
Gawain,54,7,6
Gawain,77,0,0
Gawain,83,18,0
Gawain,54,5,0
Gawain,97,0,0
Gawain,65,0,0
Gawain,52,79,0
Gawain,11,80,0
Gawain,5,0,0
Gawain,7,97,0
Gawain,71,54,27
Gawain,92,30,5
Gawain,86,0,0
Gawain,83,57,0
Gawain,29,97,23
Gawain,30,18,0
Gawain,23,24,22
Gawain,1,41,1
Gawain,4,50,0
Gawain,76,0,0
Gawain,60,63,0
Gawain,97,17,7
Gawain,7,0,0
Gawain,63,51,40
Gawain,99,0,0
Gawain,89,49,27
Gawain,6,0,0
Gawain,30,16,0
Gawain,15,27,0
Gawain,77,45,1
Gawain,29,97,26
Gawain,50,76,43
Gawain,82,82,0
Gawain,100,93,22
Gawain,72,50,0
Gawain,26,0,0
Gawain,12,0,0
Gawain,25,55,0
Gawain,30,100,0
Gawain,15,53,0
Gawain,24,0,0
Gawain,10,7,0
Gawain,55,27,0
Gawain,64,0,0
Gawain,24,5,0
Gawain,42,62,12
Gawain,4,43,0
Gawain,66,0,0
Gawain,50,11,0
Gawain,72,44,35
Gawain,34,21,0
Gawain,31,54,0
Gawain,58,67,0
Gawain,63,51,0
Gawain,8,0,0
Gawain,55,81,30
Gawain,49,0,0
Gawain,66,6,0
Gawain,29,89,17
Gawain,35,96,11
Gawain,21,0,0
Gawain,12,16,0
Gawain,50,33,19
Gawain,94,0,0
Gawain,6,43,0
Gawain,69,0,0
Gawain,47,32,29
Gawain,11,0,0
Gawain,85,0,0
Gawain,59,42,30
Gawain,72,23,0
Gawain,24,0,0
Gawain,77,41,19
Gawain,31,0,0
Gawain,77,30,0
Gawain,69,0,0
Gawain,34,18,0
Gawain,14,59,0
Gawain,6,75,1
Gawain,41,0,0
Gawain,96,22,16
Gawain,25,18,2
Gawain,99,4,0
Gawain,50,53,48
Gawain,60,0,0
Gawain,40,0,0
Gawain,68,0,0
Gawain,59,0,0
Gawain,89,94,37
Gawain,48,72,0
Gawain,31,78,28
Gawain,16,67,4
Gawain,60,33,16
Gawain,44,20,0
Gawain,17,43,0
Gawain,89,31,0
Gawain,89,0,0
Gawain,100,24,22
Gawain,57,16,10
Gawain,33,0,0
Gawain,56,0,0
Gawain,19,93,0
Gawain,90,0,0
Gawain,29,52,0
Gawain,55,48,46
Gawain,41,84,37
Gawain,24,0,0
Gawain,23,0,0
Gawain,5,0,0
Gawain,91,0,0
Gawain,3,75,0
Gawain,68,89,0
Gawain,70,46,19
Gawain,93,37,26
Gawain,17,0,0
Gawain,92,2,0
Gawain,77,0,0
Gawain,78,78,17
Gawain,58,95,0
Gawain,52,7,6
Gawain,93,0,0
Gawain,28,94,4
Gawain,86,96,10
Gawain,43,0,0
Gawain,9,88,2
Gawain,70,71,17
Gawain,42,27,0
Gawain,9,35,5
Gawain,46,30,0
Gawain,39,0,0
Gawain,68,20,0
Gawain,63,16,0
Gawain,66,86,0
Gawain,37,2,2
Gawain,8,60,3
Gawain,25,32,0
Gawain,46,0,0
Gawain,28,28,6
Gawain,36,0,0
Gawain,17,64,0
Gawain,5,39,3
Gawain,3,94,0
Gawain,94,97,0
Gawain,25,60,11
Gawain,73,27,11
Gawain,48,23,5
Gawain,44,89,3
Gawain,89,60,0
Gawain,53,0,0
Gawain,57,98,0
Gawain,6,83,0
Gawain,46,74,0
Gawain,60,55,0
Gawain,1,0,0
Gawain,25,45,0
Gawain,48,0,0
Gawain,39,45,0
Gawain,49,0,0
Gawain,82,58,0
Gawain,92,62,24
Gawain,82,71,7
Gawain,76,60,0
Gawain,1,19,1
Gawain,56,15,15
Gawain,72,25,19
Gawain,87,69,0
Gawain,59,47,31
Gawain,85,3,3
Gawain,30,7,6
Gawain,23,84,0
Gawain,24,61,0
Gawain,22,0,0
Gawain,97,20,20
Gawain,6,0,0
Gawain,45,6,6
Gawain,41,0,0
Gawain,10,83,4
Gawain,85,15,0
Gawain,27,52,0
Gawain,59,0,0
Gawain,75,62,0
Gawain,48,96,5
Gawain,85,58,1
Gawain,4,0,0
Gawain,51,0,0
Gawain,43,66,0
Gawain,60,0,0
Gawain,34,50,26
Gawain,33,46,0
Gawain,3,97,1
Gawain,96,18,18
Gawain,87,38,15
Gawain,44,63,3
Gawain,63,11,0
Gawain,91,82,0
Gawain,55,0,0
Gawain,28,0,0
Gawain,75,9,0
Gawain,46,98,0
Gawain,7,77,0
Gawain,17,90,0
Gawain,87,73,0
Gawain,93,85,0
Gawain,6,55,0
Gawain,12,39,6
Gawain,4,28,1
Gawain,79,21,0
Gawain,89,0,0
Gawain,99,23,9
Gawain,16,23,11
Gawain,43,0,0
Gawain,58,21,0
Gawain,2,13,0
Gawain,94,96,86
Gawain,76,52,0
Gawain,5,22,0
Gawain,74,0,0
Gawain,1,89,0
Gawain,83,0,0
Gawain,70,0,0
Gawain,36,38,0
Gawain,38,75,0
Gawain,56,2,2
Gawain,35,46,0
Gawain,6,42,0
Gawain,51,43,0
Gawain,11,73,11
Gawain,6,3,3
Gawain,47,3,0
Gawain,53,32,23
Gawain,6,57,6
Gawain,47,83,42
Gawain,46,19,0
Gawain,58,28,0
Gawain,21,86,2
Gawain,79,21,14
Gawain,20,5,2
Gawain,89,0,0
Gawain,96,71,0
Gawain,7,37,0
Gawain,41,0,0
Gawain,40,0,0
Gawain,39,5,0
Gawain,24,0,0
Gawain,75,71,0
Gawain,82,84,28
Gawain,10,58,0
Gawain,30,83,0
Gawain,29,27,0
Gawain,40,0,0
Gawain,44,0,0
Gawain,90,34,0
Gawain,9,83,7
Gawain,45,0,0
Gawain,41,0,0
Gawain,81,0,0
Gawain,87,13,7
Gawain,40,0,0
Gawain,54,0,0
Gawain,70,69,0
Gawain,91,18,0
Gawain,51,57,0
Gawain,59,0,0
Gawain,37,43,16
Gawain,27,81,0
Gawain,71,25,3
Gawain,78,99,0
Gawain,64,91,49
Gawain,93,86,82
Gawain,40,94,0
Gawain,56,0,0
Gawain,37,96,16
Gawain,70,61,0
Gawain,98,39,30
Gawain,84,30,4
Gawain,46,14,0
Gawain,94,51,0
Gawain,59,76,0
Gawain,71,62,0
Gawain,34,44,0
Gawain,18,0,0
Gawain,61,44,38
Gawain,7,22,7
Gawain,99,52,0
Gawain,25,0,0
Gawain,79,0,0
Gawain,89,0,0
Gawain,79,0,0
Gawain,26,79,9
Gawain,27,42,0
Gawain,91,56,0
Gawain,29,80,0
Gawain,68,55,0
Gawain,67,87,0
Gawain,46,31,25
Gawain,5,38,1
Gawain,51,0,0
Gawain,55,44,0
Gawain,75,0,0
Gawain,37,97,22
Gawain,31,3,0
Gawain,24,94,18
Gawain,3,0,0
Gawain,78,22,0
Gawain,23,28,0
Gawain,39,69,22
Gawain,48,16,9
Gawain,82,3,0
Gawain,55,69,44
Gawain,20,96,0
Gawain,32,59,5
Gawain,93,0,0
Gawain,63,0,0
Gawain,72,19,0
Gawain,95,13,0
Gawain,79,10,10
Gawain,6,49,0
Gawain,82,61,0
Gawain,90,19,0
Gawain,57,47,0
Gawain,93,89,0
Gawain,87,71,0
Gawain,28,81,0
Gawain,37,0,0
Gawain,90,52,0
Gawain,79,0,0
Gawain,2,22,0
Gawain,7,20,3
Gawain,99,96,79
Gawain,69,0,0
Gawain,1,37,0
Gawain,93,82,0
Gawain,78,0,0
Gawain,8,96,0
Gawain,14,9,3
Gawain,81,0,0
Gawain,77,7,0
Gawain,66,0,0
Gawain,96,90,29
Gawain,20,39,10
Gawain,84,3,3
Gawain,64,96,0
Gawain,40,46,0
Gawain,65,100,34
Gawain,80,41,0
Gawain,23,0,0
Gawain,54,76,0
Gawain,98,30,0
Gawain,70,0,0
Gawain,39,21,0
Gawain,98,3,3
Gawain,75,5,5
Gawain,34,0,0
Gawain,74,0,0
Gawain,77,0,0
Gawain,69,62,0
Gawain,65,8,6
Gawain,34,0,0
Gawain,23,29,0
Gawain,48,55,0
Gawain,8,73,8
Gawain,87,0,0
Gawain,57,52,0
Gawain,32,0,0
Gawain,14,86,0
Gawain,75,0,0
Gawain,25,0,0
Gawain,25,37,0
Gawain,38,7,0
Gawain,56,18,0
Gawain,72,0,0
Gawain,82,41,0
Gawain,34,0,0
Gawain,12,23,6
Gawain,48,0,0
Gawain,82,78,0
Gawain,71,9,6
Gawain,5,23,1
Gawain,3,67,0
Gawain,36,0,0
Gawain,18,0,0
Gawain,63,20,0
Gawain,66,76,0
Gawain,58,66,26
Gawain,28,72,0
Gawain,59,73,0
Gawain,79,46,24
Gawain,99,0,0
Gawain,9,95,0
Gawain,12,0,0
Gawain,23,72,0
Gawain,16,0,0
Gawain,84,26,0
Gawain,29,71,0
Gawain,41,29,0
Gawain,75,37,0
Gawain,74,41,0
Gawain,37,74,0
Gawain,19,0,0
Gawain,10,46,3
Gawain,81,0,0
Gawain,99,31,4
Gawain,17,33,0
Gawain,22,62,1
Gawain,21,29,1
Gawain,61,63,39
Gawain,66,77,0
Gawain,33,8,7
Gawain,60,30,22
Gawain,73,0,0
Gawain,29,36,0
Gawain,80,74,0
Gawain,64,71,64
Gawain,14,80,10
Gawain,15,87,0
Gawain,67,0,0
Gawain,50,55,0
Gawain,51,33,0
Gawain,20,60,10
Gawain,20,21,0
Gawain,83,0,0
Gawain,1,0,0
Gawain,81,48,42
Gawain,78,92,43
Gawain,51,0,0
Gawain,94,49,0
Gawain,44,58,23
Gawain,19,0,0
Gawain,64,46,19
Gawain,99,0,0
Gawain,65,53,0
Gawain,97,4,4
Gawain,24,0,0
Gawain,83,16,0
Gawain,81,0,0
Gawain,71,28,0
Gawain,21,57,9
Gawain,19,4,2
Gawain,15,74,0
Gawain,48,0,0
Gawain,14,70,0
Gawain,10,0,0
Gawain,34,0,0
Gawain,64,0,0
Gawain,82,2,1
Gawain,45,2,2
Gawain,65,0,0
Gawain,4,36,0
Gawain,13,29,0
Gawain,17,4,3
Gawain,80,42,0
Gawain,48,47,0
Gawain,41,0,0
Gawain,3,72,0
Gawain,36,10,0
Gawain,32,51,0
Gawain,27,80,10
Gawain,82,0,0
Gawain,55,88,0
Gawain,88,11,0
Gawain,49,91,12
Gawain,87,1,0
Gawain,2,83,0
Gawain,65,59,0
Gawain,92,4,0
Gawain,44,0,0
Gawain,33,0,0
Gawain,37,18,0
Gawain,95,0,0
Gawain,45,0,0
Gawain,37,55,5
Gawain,39,78,0
Gawain,59,54,0
Gawain,39,81,0
Gawain,87,14,7
Gawain,27,0,0
Gawain,18,22,0
Gawain,14,61,0
Gawain,96,0,0
Gawain,99,26,0
Gawain,20,38,0
Gawain,30,98,0
Gawain,50,33,0
Gawain,34,0,0
Gawain,23,64,0
Gawain,99,0,0
Gawain,42,70,0
Gawain,23,41,19
Gawain,93,11,0
Gawain,79,0,0
Gawain,92,0,0
Gawain,97,9,0
Gawain,40,0,0
Gawain,57,49,0
Gawain,13,57,0
Gawain,30,0,0
Gawain,92,21,0
Gawain,32,21,0
Gawain,42,96,0
Gawain,38,91,0
Gawain,55,50,13
Gawain,88,0,0
Gawain,96,30,0
Gawain,58,80,0
Gawain,56,18,2
Gawain,79,3,0
Gawain,20,0,0
Gawain,35,32,0
Gawain,7,69,6
Gawain,11,30,3
Gawain,49,0,0
Gawain,79,61,0
Gawain,52,6,2
Gawain,60,0,0
Gawain,44,19,0
Gawain,78,61,0
Gawain,18,0,0
Gawain,4,97,0
Gawain,76,77,35
Gawain,82,59,33
Gawain,9,19,7
Gawain,10,93,0
Gawain,48,51,0
Gawain,35,70,8
Gawain,95,0,0
Gawain,72,59,0
Gawain,58,0,0
Gawain,55,0,0
Gawain,70,7,0
Gawain,55,8,0
Gawain,92,0,0
Gawain,51,0,0
Gawain,87,35,21
Gawain,41,81,2
Gawain,69,0,0
Gawain,28,73,0
Gawain,69,26,20
Gawain,40,21,0
Gawain,46,45,44
Gawain,48,5,0
Gawain,67,58,0
Gawain,2,70,0
Gawain,7,88,0
Gawain,52,64,47
Gawain,57,0,0
Gawain,68,0,0
Gawain,29,0,0
Gawain,62,0,0
Gawain,80,39,17
Gawain,48,88,9
Gawain,32,78,0
Gawain,3,40,0
Gawain,27,0,0
Gawain,10,0,0
Gawain,78,54,0
Gawain,27,0,0
Gawain,13,98,0
Gawain,2,61,1
Gawain,74,0,0
Gawain,6,92,0
Gawain,13,0,0
Gawain,84,0,0
Gawain,97,31,1
Gawain,49,33,0
Gawain,7,20,0
Gawain,10,33,4
Gawain,24,14,0
Gawain,80,0,0
Gawain,34,49,0
Gawain,87,0,0
Gawain,66,0,0
Gawain,22,52,0
Gawain,27,0,0
Gawain,94,32,0
Gawain,15,0,0
Gawain,12,0,0
Gawain,86,92,0
Gawain,72,27,6
Gawain,62,47,0
Gawain,91,15,0
Gawain,28,97,0
Gawain,52,0,0
Gawain,88,43,0
Gawain,80,0,0
Gawain,31,63,14
Gawain,7,0,0
Gawain,92,0,0
Gawain,22,0,0
Gawain,77,0,0
Gawain,92,37,6
Gawain,8,0,0
Gawain,11,6,6
Gawain,100,72,15
Gawain,10,54,1
Gawain,70,29,19
Gawain,57,0,0
Gawain,39,4,0
Gawain,77,0,0
Gawain,89,96,0
Gawain,99,6,6
Gawain,65,0,0
Gawain,34,0,0
Gawain,6,0,0
Gawain,24,25,3
Gawain,12,17,0
Gawain,100,29,4
Gawain,74,0,0
Gawain,32,35,14
Gawain,100,48,30
Gawain,100,30,0
Gawain,96,40,0
Gawain,89,40,38
Gawain,87,60,0
Gawain,36,41,0
Gawain,95,0,0
Gawain,7,0,0
Gawain,11,0,0
Gawain,27,11,0
Gawain,43,0,0
Gawain,70,17,1
Gawain,29,67,0
Gawain,72,0,0
Gawain,4,7,0
Gawain,37,61,0
Gawain,74,68,0
Gawain,28,13,8
Gawain,22,28,0
Gawain,64,65,0
Gawain,59,68,5
Gawain,62,85,0
Gawain,26,59,0
Gawain,41,68,17
Gawain,19,99,10
Gawain,72,0,0
Gawain,1,68,0
Gawain,50,11,0
Gawain,52,6,0
Gawain,33,0,0
Gawain,7,0,0
Gawain,14,31,0
Gawain,20,22,2
Gawain,41,12,0
Gawain,19,0,0
Gawain,27,0,0
Gawain,58,100,36
Gawain,47,63,23
Gawain,52,0,0
Gawain,100,48,12
Gawain,79,0,0
Gawain,66,0,0
Gawain,56,30,27
Gawain,92,0,0
Gawain,55,0,0
Gawain,51,20,15
Gawain,88,30,25
Gawain,49,55,0
Gawain,15,68,12
Gawain,53,0,0
Gawain,19,94,17
Gawain,7,0,0
Gawain,58,95,0
Gawain,95,3,0
Gawain,42,84,24
Gawain,70,16,11
Gawain,29,0,0
Gawain,78,0,0
Gawain,56,5,0
Gawain,32,83,7
Gawain,84,77,0
Gawain,61,25,0
Gawain,7,0,0
Gawain,2,47,2
Gawain,73,0,0
Gawain,3,17,3
Gawain,98,0,0
Gawain,31,0,0
Gawain,86,19,0
Gawain,47,72,0
Gawain,88,11,11
Gawain,17,17,10
Gawain,36,0,0
Gawain,72,0,0
Gawain,88,57,0
Gawain,82,0,0
Gawain,84,35,0
Gawain,2,0,0
Gawain,69,80,0
Gawain,15,63,0
Gawain,75,66,61
Gawain,60,0,0
Gawain,34,66,0
Gawain,8,0,0
Gawain,75,32,23
Gawain,96,45,0
Gawain,10,34,0
Gawain,67,71,0
Gawain,18,79,0
Gawain,33,26,26
Gawain,4,40,1
Gawain,86,90,0
Gawain,8,0,0
Gawain,4,60,2
Gawain,16,99,0
Gawain,14,0,0
Gawain,38,38,0
Gawain,33,0,0
Gawain,95,75,50
Gawain,45,54,0
Gawain,71,46,20
Gawain,10,44,0
Gawain,13,0,0
Gawain,64,0,0
Gawain,78,0,0
Gawain,86,43,0
Gawain,80,36,6
Gawain,89,42,37
Gawain,71,0,0
Gawain,81,75,0
Gawain,96,76,50
Gawain,21,62,0
Gawain,65,76,0
Gawain,54,85,0
Gawain,98,0,0
Gawain,45,36,30
Gawain,49,0,0
Gawain,99,0,0
Gawain,99,0,0
Gawain,46,78,15
Gawain,51,18,0
Gawain,67,9,0
Gawain,67,24,0
Gawain,17,67,0
Gawain,48,5,0
Gawain,32,0,0
Gawain,9,84,0
Gawain,59,17,0
Gawain,15,0,0
Gawain,79,80,0
Gawain,55,0,0
Gawain,49,0,0
Gawain,82,0,0
Gawain,40,55,0
Gawain,25,7,2
Gawain,83,97,0
Gawain,46,0,0
Gawain,20,58,0
Gawain,81,0,0
Gawain,17,82,17
Gawain,12,0,0
Gawain,4,25,0
Gawain,58,31,16
Gawain,75,52,46
Gawain,9,90,0
Gawain,81,86,0
Gawain,30,0,0
Gawain,92,5,4
Gawain,77,63,0
Gawain,82,88,0
Gawain,92,0,0
Gawain,80,0,0
Gawain,68,7,0
Gawain,75,0,0
Gawain,36,0,0
Gawain,63,58,0
Gawain,26,0,0
Gawain,32,90,0
Gawain,93,10,0
Gawain,92,39,7
Gawain,84,0,0
Gawain,16,85,0
Gawain,85,0,0
Gawain,92,24,0
Gawain,41,36,0
Gawain,35,22,0
Gawain,14,22,3
Gawain,56,56,0
Gawain,1,95,1
Gawain,52,83,0
Gawain,20,67,6
Gawain,76,59,51
Gawain,97,0,0
Gawain,74,23,0
Gawain,74,0,0
Gawain,55,40,0
Gawain,27,28,5
Gawain,31,26,14
Gawain,36,0,0
Gawain,24,55,3
Gawain,45,26,18
Gawain,91,10,0
Gawain,90,0,0
Gawain,76,0,0
Gawain,15,36,3
Gawain,73,73,67
Gawain,32,0,0
Gawain,94,4,0
Gawain,11,50,0
Gawain,15,0,0
Gawain,1,88,1
Gawain,66,4,3
Gawain,43,87,19
Gawain,83,0,0
Gawain,27,24,11
Gawain,77,5,0
Gawain,25,84,20
Gawain,35,14,0
Gawain,57,71,38
Gawain,46,0,0
Gawain,80,37,0
Gawain,96,61,29
Gawain,68,78,0
Gawain,84,11,0
Gawain,6,0,0
Gawain,15,0,0
Gawain,13,44,0
Gawain,60,43,36
Gawain,61,88,0
Gawain,54,0,0
Gawain,1,10,0
Gawain,84,97,0
Gawain,10,80,4
Gawain,40,98,0
Gawain,87,0,0
Gawain,94,0,0
Gawain,69,19,0
Gawain,7,13,6
Gawain,37,0,0
Gawain,14,73,3
Gawain,84,66,0
Gawain,9,66,0
Gawain,45,9,0
Gawain,23,42,13
Gawain,60,57,56
Gawain,87,0,0
Gawain,24,20,10
Gawain,99,23,0
Gawain,12,0,0
Gawain,46,18,0
Gawain,40,3,0
Gawain,4,0,0
Gawain,39,73,22
Gawain,9,71,9
Gawain,39,0,0
Gawain,6,0,0
Gawain,10,0,0
Gawain,79,80,0
Gawain,22,0,0
Gawain,72,58,0
Gawain,29,68,0
Gawain,71,5,0
Gawain,10,53,0
Gawain,84,88,0
Gawain,91,78,42
Gawain,32,73,0
Gawain,76,20,0
Gawain,26,66,0
Gawain,77,0,0
Gawain,8,78,0
Gawain,9,31,0
Gawain,65,48,19
Gawain,74,0,0
Gawain,17,0,0
Gawain,77,0,0
Gawain,68,91,0
Gawain,93,0,0
Gawain,69,0,0
Gawain,60,35,0
Gawain,71,0,0
Gawain,96,16,5
Gawain,38,0,0
Gawain,65,8,5
Gawain,68,0,0
Gawain,43,78,0
Gawain,66,0,0
Gawain,47,7,0
Gawain,73,0,0
Gawain,76,46,0
Gawain,15,0,0
Gawain,92,0,0
Gawain,97,0,0
Gawain,65,0,0
Gawain,63,80,4
Gawain,56,82,0
Gawain,16,5,0
Gawain,77,0,0
Gawain,43,86,0
Gawain,88,42,0
Gawain,77,81,0
Gawain,47,34,0
Gawain,42,71,18
Gawain,78,99,9
Gawain,64,85,0
Gawain,11,10,0
Gawain,26,32,18
Gawain,41,71,33
Gawain,50,77,26
Gawain,91,38,33
Gawain,87,91,0
Gawain,31,11,3
Gawain,26,0,0
Gawain,92,13,7
Gawain,94,0,0
Gawain,17,33,13
Gawain,58,0,0
Gawain,27,33,23
Gawain,44,0,0
Gawain,53,14,13
Gawain,53,0,0
Gawain,36,95,0
Gawain,5,64,0
Gawain,8,0,0
Gawain,14,45,0
Gawain,26,0,0
Gawain,42,37,30
Gawain,32,0,0
Gawain,15,75,5
Gawain,98,14,0
Gawain,47,46,46
Gawain,18,85,0
Gawain,69,58,0
Gawain,82,48,0
Gawain,25,0,0
Gawain,89,46,39
Gawain,66,0,0
Gawain,75,59,26
Gawain,91,34,21
Gawain,2,82,0
Gawain,95,45,0
Gawain,77,0,0
Gawain,26,46,0
Gawain,50,87,22
Gawain,44,0,0
Gawain,58,0,0
Gawain,14,0,0
Gawain,33,0,0
Gawain,56,72,0
Gawain,99,0,0
Gawain,39,96,0
Gawain,11,30,0
Gawain,42,14,0
Gawain,2,44,2
Gawain,94,5,4
Gawain,92,0,0
Gawain,88,12,0
Gawain,91,0,0
Gawain,44,0,0
Gawain,87,71,0
Gawain,37,40,0
Gawain,73,0,0
Gawain,84,99,0
Gawain,52,0,0
Gawain,90,49,0
Gawain,23,30,0
Gawain,57,59,0
Gawain,69,63,4
Gawain,60,62,4
Gawain,43,37,0
Gawain,26,0,0
Gawain,48,28,9
Gawain,39,38,35
Gawain,55,29,0
Gawain,49,0,0
Gawain,89,95,19
Gawain,52,54,47
Gawain,98,75,50
Gawain,6,21,0
Gawain,5,0,0
Gawain,33,10,0
Gawain,55,49,12
Gawain,61,0,0
Gawain,86,0,0
Gawain,34,82,0
Gawain,90,3,1
Gawain,58,0,0
Gawain,97,22,4
Gawain,18,0,0
Gawain,36,31,0
Gawain,24,73,0
Gawain,18,13,10
Gawain,65,31,0
Gawain,72,79,0
Gawain,21,16,0
Gawain,71,57,26
Gawain,94,83,0
Gawain,48,66,10
Gawain,25,14,14
Gawain,12,33,10
Gawain,94,73,39
Gawain,16,91,7
Gawain,46,46,42
Gawain,100,86,0
Gawain,88,0,0
Gawain,1,9,0
Gawain,4,77,0
Gawain,54,82,0
Gawain,53,100,23
Gawain,19,33,0
Gawain,40,49,31
Gawain,27,65,0
Gawain,55,0,0
Gawain,85,0,0
Gawain,75,79,0
Gawain,89,38,0
Gawain,51,48,43
Gawain,34,24,13
Gawain,95,10,0
Gawain,67,22,11
Gawain,49,34,0
Gawain,55,32,0
Gawain,57,51,24
Gawain,56,11,0
Gawain,96,0,0
Gawain,36,0,0
Gawain,44,88,24
Gawain,33,44,0
Gawain,50,0,0
Gawain,61,23,0
Gawain,94,48,0
Gawain,29,0,0
Gawain,75,97,24
Gawain,34,61,14
Gawain,10,0,0
Gawain,17,42,0
Gawain,75,15,15
Gawain,32,29,0
Gawain,95,72,0
Gawain,29,0,0
Gawain,5,86,3
Gawain,20,99,0
Gawain,70,40,0
Gawain,43,41,0
Gawain,46,0,0
Gawain,91,50,0
Gawain,67,23,0
Gawain,72,0,0
Gawain,91,92,0
Gawain,42,0,0
Gawain,86,0,0
Gawain,65,54,0
Gawain,73,41,4
Gawain,1,0,0
Gawain,40,0,0
Gawain,42,0,0
Gawain,28,80,0
Gawain,18,65,17
Gawain,97,31,28
Gawain,20,86,6
Gawain,84,82,0
Gawain,82,43,0
Gawain,7,50,0
Gawain,13,0,0
Gawain,94,0,0
Gawain,43,37,0
Gawain,51,38,0
Gawain,77,0,0
Gawain,25,64,12
Gawain,54,19,0
Gawain,20,0,0
Gawain,59,0,0
Gawain,66,0,0
Gawain,51,63,0
Gawain,75,42,0
Gawain,51,0,0
Gawain,49,58,16
Gawain,95,23,0
Gawain,82,1,0
Gawain,78,0,0
Gawain,67,0,0
Gawain,69,0,0
Gawain,1,19,0
Gawain,31,2,0
Gawain,99,0,0
Gawain,82,98,61
Gawain,80,97,13
Gawain,27,62,17
Gawain,96,0,0
Gawain,37,0,0
Gawain,87,0,0
Gawain,41,34,0
Gawain,61,76,0
Gawain,82,17,14
Gawain,100,71,44
Gawain,87,72,58
Gawain,70,10,7
Gawain,44,50,33
Gawain,81,61,35
Gawain,46,0,0
Gawain,82,34,0
Gawain,35,59,0
Gawain,67,7,0
Gawain,95,0,0
Gawain,91,27,0
Gawain,95,64,0
Gawain,24,93,0
Gawain,30,87,0
Gawain,54,19,0
Gawain,81,0,0
Gawain,70,17,0
Gawain,28,10,0
Gawain,100,75,0
Gawain,90,21,0
Gawain,72,16,3
Gawain,23,16,0
Gawain,63,63,0
Gawain,4,51,2
Gawain,39,59,0
Gawain,2,0,0
Gawain,56,0,0
Gawain,40,0,0
Gawain,93,0,0
Gawain,74,3,0
Gawain,71,0,0
Gawain,70,2,0
Gawain,80,0,0
Gawain,76,0,0
Gawain,39,50,0
Gawain,55,6,4
Gawain,55,0,0
Gawain,32,85,0
Gawain,30,13,0
Gawain,53,0,0
Gawain,45,68,30
Gawain,77,0,0
Gawain,72,11,3
Gawain,31,93,12
Gawain,61,53,14
Gawain,46,24,0
Gawain,98,54,0
Gawain,59,49,0
Gawain,22,21,0
Gawain,61,0,0
Gawain,38,66,13
Gawain,9,0,0
Gawain,62,45,33
Gawain,51,48,0
Gawain,43,81,20
Gawain,41,0,0
Gawain,92,35,0
Gawain,36,0,0
Gawain,59,0,0
Gawain,10,0,0
Gawain,84,52,0
Gawain,57,0,0
Gawain,67,0,0
Gawain,68,0,0
Gawain,67,0,0
Gawain,31,0,0
Gawain,34,34,0
Gawain,14,4,0
Gawain,7,0,0
Gawain,58,0,0
Gawain,87,16,9
Gawain,10,0,0
Gawain,28,26,9
Gawain,77,86,0
Gawain,76,24,0
Gawain,33,0,0
Gawain,99,2,0
Gawain,49,49,0
Gawain,92,0,0
Gawain,31,0,0
Gawain,19,0,0
Gawain,53,35,5
Gawain,93,0,0
Gawain,37,0,0
Gawain,99,14,0
Gawain,79,95,78
Gawain,12,0,0
Gawain,71,0,0
Gawain,69,0,0
Gawain,34,55,0
Gawain,43,0,0
Gawain,32,93,0
Gawain,85,17,0
Gawain,64,61,8
Gawain,65,0,0
Gawain,13,81,0
Gawain,84,72,12
Gawain,99,71,0
Gawain,4,7,2
Gawain,29,100,0
Gawain,82,0,0
Gawain,97,84,0
Gawain,6,55,3
Gawain,43,24,0
Gawain,75,0,0
Gawain,17,0,0
Gawain,58,60,0
Gawain,71,17,1
Gawain,73,94,73
Gawain,58,50,48
Gawain,63,36,24
Gawain,16,46,0
Gawain,61,14,0
Gawain,33,26,0
Gawain,35,93,19
Gawain,56,63,20
Gawain,56,0,0
Gawain,49,0,0
Gawain,34,3,0
Gawain,88,74,0
Gawain,99,6,0
Gawain,58,0,0
Gawain,92,0,0
Gawain,53,0,0
Gawain,41,49,0
Gawain,95,93,42
Gawain,67,0,0
Gawain,35,37,0
Gawain,17,44,0
Gawain,62,2,0
Gawain,96,35,0
Gawain,53,35,0
Gawain,82,28,0
Gawain,43,0,0
Gawain,99,0,0
Gawain,75,0,0
Gawain,19,84,16
Gawain,58,76,0
Gawain,91,100,0
Gawain,41,86,0
Gawain,53,20,8
Gawain,56,83,28
Gawain,21,27,4
Gawain,99,0,0
Gawain,19,0,0
Gawain,3,0,0
Gawain,36,65,0
Gawain,18,0,0
Gawain,53,0,0
Gawain,49,0,0
Gawain,3,73,0
Gawain,41,11,0
Gawain,4,0,0
Gawain,43,0,0
Gawain,53,30,0
Gawain,74,0,0
Gawain,57,11,0
Gawain,94,0,0
Gawain,65,78,0
Gawain,35,29,10
Gawain,88,65,0
Gawain,42,0,0
Gawain,32,3,2
Gawain,19,91,0
Gawain,33,96,0
Gawain,23,0,0
Gawain,53,84,0
Gawain,57,77,0
Gawain,61,40,0
Gawain,96,19,0
Gawain,2,78,0
Gawain,32,0,0
Gawain,17,23,11
Gawain,89,98,0
Gawain,49,0,0
Gawain,18,48,0
Gawain,1,44,1
Gawain,90,84,0
Gawain,97,34,0
Gawain,72,75,2
Gawain,32,41,4
Gawain,33,43,25
Gawain,8,84,0
Gawain,46,67,0
Gawain,96,54,41
Gawain,60,85,23
Gawain,17,0,0
Gawain,80,71,40
Gawain,23,8,3
Gawain,100,4,1
Gawain,11,0,0
Gawain,28,28,0
Gawain,61,8,0
Gawain,54,0,0
Gawain,96,57,0
Gawain,81,44,0
Gawain,67,0,0
Gawain,30,26,3
Gawain,48,25,13
Gawain,64,0,0
Gawain,34,48,0
Gawain,42,0,0
Gawain,97,56,28
Gawain,52,31,30
Gawain,55,40,0
Gawain,23,4,0
Gawain,53,0,0
Gawain,43,32,0
Gawain,80,0,0
Gawain,40,38,3
Gawain,92,88,0
Gawain,85,76,0
Gawain,94,48,37
Gawain,78,0,0
Gawain,52,0,0
Gawain,50,0,0
Gawain,52,0,0
Gawain,50,5,0
Gawain,82,0,0
Gawain,16,70,0
Gawain,52,78,31
Gawain,29,0,0
Gawain,63,51,14
Gawain,87,0,0
Gawain,85,2,0
Gawain,28,0,0
Gawain,38,5,0
Gawain,37,54,18
Gawain,16,83,0
Gawain,33,26,13
Gawain,11,53,6
Gawain,41,49,0
Gawain,1,0,0
Gawain,82,0,0
Gawain,5,0,0
Gawain,60,26,15
Gawain,73,16,9
Gawain,48,0,0
Gawain,22,46,0
Gawain,62,0,0
Gawain,9,73,0
Gawain,82,65,25
Gawain,94,44,0
Gawain,61,72,47
Gawain,18,42,0
Gawain,8,54,0
Gawain,89,60,0
Gawain,14,45,0
Gawain,48,0,0
Gawain,58,70,0
Gawain,60,78,0
Gawain,99,0,0
Gawain,49,88,35
Gawain,37,0,0
Gawain,100,91,39
Gawain,9,0,0
Gawain,22,65,4
Gawain,82,44,0
Gawain,36,48,0
Gawain,22,67,0
Gawain,25,91,19
Gawain,99,0,0
Gawain,86,9,4
Gawain,63,98,0
Gawain,43,31,15
Gawain,86,45,10
Gawain,37,27,0
Gawain,51,8,0
Gawain,29,36,10
Gawain,92,48,0
Gawain,92,0,0
Gawain,12,68,0
Gawain,86,1,0
Gawain,73,64,0
Gawain,74,0,0
Gawain,83,85,60
Gawain,9,61,0
Gawain,86,82,0
Gawain,38,52,2
Gawain,94,98,73
Gawain,72,0,0
Gawain,45,70,25
Gawain,54,0,0
Gawain,35,0,0
Gawain,26,0,0
Gawain,84,35,32
Gawain,69,9,7
Gawain,23,30,3
Gawain,27,58,0
Gawain,89,26,0
Gawain,35,60,0
Gawain,77,78,0
Gawain,36,7,5
Gawain,1,0,0
Gawain,12,16,0
Gawain,61,93,0
Gawain,1,99,1
Gawain,90,6,5
Gawain,50,56,0
Gawain,91,0,0
Gawain,23,70,0
Gawain,93,8,7
Gawain,20,100,0
Gawain,47,93,22
Gawain,14,32,5
Gawain,77,76,0
Gawain,66,0,0
Gawain,40,64,0
Gawain,79,0,0
Gawain,85,0,0
Gawain,34,48,10
Gawain,82,44,39
Gawain,26,64,0
Gawain,72,82,3
Gawain,2,56,1
Gawain,91,18,17
Gawain,63,70,0
Gawain,54,39,24
Gawain,82,0,0
Gawain,9,44,0
Gawain,39,93,0
Gawain,65,97,0
Gawain,100,65,0
Gawain,68,92,0
Gawain,25,18,5
Gawain,89,27,0
Gawain,100,0,0
Gawain,76,0,0
Gawain,9,14,9
Gawain,80,95,0
Gawain,42,98,31
Gawain,82,89,0
Gawain,40,0,0
Gawain,53,93,0
Gawain,39,11,9
Gawain,62,38,0
Gawain,93,0,0
Gawain,12,59,0
Gawain,49,46,0
Gawain,49,45,0
Gawain,28,29,0
Gawain,38,41,0
Gawain,8,0,0
Gawain,35,73,11
Gawain,28,35,0
Gawain,45,48,17
Gawain,76,62,0
Gawain,77,2,1
Gawain,91,0,0
Gawain,42,32,25
Gawain,41,63,0
Gawain,21,0,0
Gawain,82,0,0
Gawain,99,0,0
Gawain,50,0,0
Gawain,25,31,0
Gawain,44,60,0
Gawain,78,44,0
Gawain,21,69,15
Gawain,41,72,1
Gawain,42,58,0
Gawain,30,0,0
Gawain,2,95,0
Gawain,58,0,0
Gawain,43,85,26
Gawain,2,50,0
Gawain,72,62,53
Gawain,37,27,0
Gawain,59,58,27
Gawain,84,21,0
Gawain,61,4,0
Gawain,27,4,0
Gawain,56,18,17
Gawain,7,0,0
Gawain,95,50,0
Gawain,31,0,0
Gawain,78,29,4
Gawain,83,0,0
Gawain,69,0,0
Gawain,21,43,0
Gawain,91,60,56
Gawain,68,0,0
Gawain,51,0,0
Gawain,47,13,9
Gawain,9,5,0
Gawain,38,49,0
Gawain,2,41,0
Gawain,66,0,0
Gawain,6,1,1
Gawain,54,0,0
Gawain,50,31,8
Gawain,15,6,0
Gawain,53,80,0
Gawain,32,0,0
Gawain,67,98,64
Gawain,17,0,0
Gawain,37,9,7
Gawain,68,0,0
Gawain,96,0,0
Gawain,71,17,0
Gawain,43,70,31
Gawain,70,29,11
Gawain,65,79,0
Gawain,59,53,0
Gawain,89,41,8
Gawain,91,10,0
Gawain,30,17,0
Gawain,45,41,0
Gawain,77,0,0
Gawain,38,87,7
Gawain,40,42,0
Gawain,79,0,0
Gawain,62,0,0
Gawain,80,0,0
Gawain,12,85,0
Gawain,39,0,0
Gawain,96,26,22
Gawain,42,42,0
Gawain,84,45,41
Gawain,56,0,0
Gawain,14,47,0
Gawain,84,0,0
Gawain,1,82,1
Gawain,10,24,10
Gawain,11,46,11
Gawain,33,67,0
Gawain,47,0,0
Gawain,64,0,0
Gawain,80,0,0
Gawain,62,0,0
Gawain,42,0,0
Gawain,69,21,0
Gawain,39,34,23
Gawain,68,0,0
Gawain,9,0,0
Gawain,35,0,0
Gawain,43,78,0
Gawain,71,39,6
Gawain,19,71,5
Gawain,78,40,37
Gawain,98,12,0
Gawain,45,26,7
Gawain,27,93,1
Gawain,64,0,0
Gawain,87,96,0
Gawain,19,13,11
Gawain,68,0,0
Gawain,91,76,44
Gawain,42,89,28
Gawain,24,5,0
Gawain,18,27,0
Gawain,45,44,41
Gawain,74,0,0
Gawain,94,59,0
Gawain,13,47,0
Gawain,9,0,0
Gawain,34,93,24
Gawain,30,0,0
Gawain,91,65,0
Gawain,1,83,0
Gawain,7,72,4
Gawain,9,0,0
Gawain,19,0,0
Gawain,7,97,3
Gawain,92,18,0
Gawain,37,69,16
Gawain,16,88,0
Gawain,76,19,1
Gawain,45,0,0
Gawain,22,0,0
Gawain,3,36,3
Gawain,13,0,0
Gawain,82,37,10
Gawain,13,43,0
Gawain,56,91,4
Gawain,37,0,0
Gawain,2,49,0
Gawain,2,25,1
Gawain,71,0,0
Gawain,67,3,2
Gawain,60,41,13
Gawain,97,20,0
Gawain,70,0,0
Gawain,10,88,6
Gawain,76,21,15
Gawain,79,11,0
Gawain,47,62,16
Gawain,88,19,0
Gawain,4,0,0
Gawain,94,38,6
Gawain,26,67,0
Gawain,65,60,0
Gawain,99,0,0
Gawain,32,74,0
Gawain,45,50,0
Gawain,85,0,0
Gawain,2,65,0
Gawain,63,32,23
Gawain,48,31,29
Gawain,80,27,0
Gawain,2,4,2
Gawain,34,82,0
Gawain,70,78,51
Gawain,59,41,8
Gawain,53,37,0
Gawain,38,0,0
Gawain,58,32,0
Gawain,83,30,0
Gawain,86,53,0
Gawain,45,39,0
Gawain,21,17,6
Gawain,6,0,0
Gawain,16,50,0
Gawain,40,0,0
Gawain,68,42,0
Gawain,76,41,7
Gawain,38,0,0
Gawain,40,38,2
Gawain,73,96,35
Gawain,32,45,24
Gawain,95,7,0
Gawain,11,70,5
Gawain,7,21,0
Gawain,87,25,0
Gawain,41,13,0
Gawain,84,3,0
Gawain,53,88,17
Gawain,93,42,0
Gawain,79,57,37
Gawain,27,38,0
Gawain,41,0,0
Gawain,59,1,1
Gawain,44,0,0
Gawain,100,0,0
Gawain,32,73,15
Gawain,9,0,0
Gawain,97,38,0
Gawain,66,0,0
Gawain,71,1,0
Gawain,38,0,0
Gawain,3,47,0
Gawain,3,61,0
Gawain,79,0,0
Gawain,62,84,0
Gawain,16,37,0
Gawain,19,69,12
Gawain,42,9,0
Gawain,91,20,1
Gawain,56,80,24
Gawain,15,68,0
Gawain,40,85,0
Gawain,13,0,0
Gawain,53,52,0
Gawain,69,8,0
Gawain,61,33,0
Gawain,4,63,0
Gawain,91,15,6
Gawain,31,65,9
Gawain,93,19,7
Gawain,46,75,0
Gawain,28,76,20
Gawain,3,62,0
Gawain,86,46,0
Gawain,83,40,36
Gawain,97,10,0
Gawain,47,0,0
Gawain,74,40,9
Gawain,4,58,0
Gawain,46,18,0
Gawain,89,0,0
Gawain,76,0,0
Gawain,71,15,4
Gawain,80,64,39
Gawain,87,0,0
Gawain,47,4,1
Gawain,87,87,0
Gawain,66,3,0
Gawain,45,66,0
Gawain,1,77,0
Gawain,31,3,0
Gawain,18,31,17
Gawain,4,0,0
Gawain,72,0,0
Gawain,1,2,1
Gawain,34,24,20
Gawain,45,69,44
Gawain,78,23,0
Gawain,40,77,0
Gawain,73,2,0
Gawain,53,54,0
Gawain,72,0,0
Gawain,56,0,0
Gawain,61,52,0
Gawain,89,37,0
Gawain,49,0,0
Gawain,42,0,0
Gawain,34,55,0
Gawain,64,22,10
Gawain,24,20,0
Gawain,58,44,0
Gawain,39,0,0
Gawain,34,70,0
Gawain,41,67,0
Gawain,60,0,0
Gawain,52,22,4
Gawain,42,46,0
Gawain,49,95,16
Gawain,51,0,0
Gawain,37,93,0
Gawain,62,76,2
Gawain,20,25,17
Gawain,20,0,0
Gawain,46,50,44
Gawain,9,0,0
Gawain,81,88,12
Gawain,66,0,0
Gawain,39,87,0
Gawain,32,32,16
Gawain,99,97,97
Gawain,17,0,0
Gawain,21,0,0
Gawain,62,58,46
Gawain,46,22,2
Gawain,60,70,0
Gawain,12,75,0
Gawain,79,0,0
Gawain,58,96,5
Gawain,74,68,55
Gawain,88,65,47
Gawain,44,50,0
Gawain,32,0,0
Gawain,71,0,0
Gawain,7,47,4
Gawain,57,47,13
Gawain,57,0,0
Gawain,37,0,0
Gawain,96,0,0
Gawain,93,37,10
Gawain,89,88,88
Gawain,50,0,0
Gawain,26,0,0
Gawain,73,94,0
Gawain,95,43,0
Gawain,8,18,4
Gawain,32,69,0
Gawain,13,14,0
Gawain,29,0,0
Gawain,50,39,0
Gawain,96,39,0
Gawain,60,0,0
Gawain,17,0,0
Gawain,3,71,3
Gawain,42,24,21
Gawain,91,0,0
Gawain,8,5,0
Gawain,96,0,0
Gawain,29,36,0
Gawain,12,0,0
Gawain,43,13,0
Gawain,61,93,3
Gawain,14,0,0
Gawain,8,0,0
Gawain,76,19,0
Gawain,15,0,0
Gawain,99,39,0
Gawain,10,17,0
Gawain,76,60,56
Gawain,16,14,0
Gawain,16,0,0
Gawain,67,26,0
Gawain,34,7,0
Gawain,32,0,0
Gawain,78,0,0
Gawain,48,88,20
Gawain,94,68,0
Gawain,62,0,0
Gawain,21,2,1
Gawain,7,7,3
Gawain,25,58,0
Gawain,95,94,52
Gawain,78,59,0
Gawain,10,93,0
Gawain,1,0,0
Gawain,29,64,0
Gawain,66,0,0
Gawain,100,0,0
Gawain,78,0,0
Gawain,98,77,0
Gawain,56,11,5
Gawain,86,29,20
Gawain,45,0,0
Gawain,63,11,5
Gawain,69,33,0
Gawain,91,0,0
Gawain,100,0,0
Gawain,54,65,0
Gawain,95,0,0
Gawain,12,0,0
Gawain,22,96,3
Gawain,27,59,0
Gawain,19,12,7
Gawain,23,79,0
Gawain,23,86,6
Gawain,65,0,0
Gawain,8,77,0
Gawain,77,28,0
Gawain,58,91,56
Gawain,34,89,14
Gawain,6,16,2
Gawain,74,54,0
Gawain,64,70,0
Gawain,18,94,1
Gawain,6,11,2
Gawain,55,78,0
Gawain,54,24,10
Gawain,99,30,21
Gawain,92,8,2
Gawain,78,91,0
Gawain,91,0,0
Gawain,80,62,0
Gawain,95,9,9
Gawain,65,5,2
Gawain,53,62,0
Gawain,60,62,42
Gawain,80,75,0
Gawain,30,26,0
Gawain,24,16,0
Gawain,28,0,0
Gawain,24,1,1
Gawain,56,0,0
Gawain,49,88,0
Gawain,20,52,13
Gawain,9,33,2
Gawain,20,55,0
Gawain,73,0,0
Gawain,30,0,0
Gawain,58,64,0
Gawain,16,24,0
Gawain,95,89,23
Gawain,57,90,5
Gawain,61,0,0
Gawain,13,57,0
Gawain,73,0,0
Gawain,40,47,36
Gawain,75,27,2
Gawain,86,0,0
Gawain,87,23,0
Gawain,71,91,0
Gawain,66,65,14
Gawain,94,5,5
Gawain,26,13,0
Gawain,15,17,0
Gawain,45,81,0
Gawain,59,0,0
Gawain,86,46,0
Gawain,39,59,0
Gawain,81,44,0
Gawain,51,70,0
Gawain,40,0,0
Gawain,14,39,0
Gawain,56,0,0
Gawain,51,29,0
Gawain,25,61,0
Gawain,75,0,0
Gawain,61,67,0
Gawain,53,100,0
Gawain,72,65,10
Gawain,66,4,4
Gawain,85,12,0
Gawain,36,84,0
Gawain,50,81,0
Gawain,84,71,0
Gawain,39,65,0
Gawain,41,33,0
Gawain,86,12,0
Gawain,58,30,0
Gawain,57,23,0
Gawain,8,100,6
Gawain,87,86,0
Gawain,61,76,27
Gawain,90,50,20
Gawain,91,81,0
Gawain,21,23,14
Gawain,49,16,0
Gawain,43,56,15
Gawain,76,90,41
Gawain,74,0,0
Gawain,80,70,0
Gawain,66,6,0
Gawain,54,0,0
Gawain,21,0,0
Gawain,20,44,7
Gawain,12,81,2
Gawain,77,0,0
Gawain,65,96,0
Gawain,60,0,0
Gawain,89,24,0
Gawain,88,0,0
Gawain,47,31,16
Gawain,2,85,0
Gawain,45,87,32
Gawain,44,30,0
Gawain,10,48,0
Gawain,88,0,0
Gawain,64,8,0
Gawain,8,76,2
Gawain,67,44,0
Gawain,96,95,46
Gawain,5,7,0
Gawain,50,0,0
Gawain,33,0,0
Gawain,52,5,0
Gawain,45,14,0
Gawain,85,54,0
Gawain,20,0,0
Gawain,31,98,0
Gawain,77,17,0
Gawain,15,89,0
Gawain,44,0,0
Gawain,31,38,0
Gawain,10,78,0
Gawain,67,19,5
Gawain,50,94,48
Gawain,62,80,22
Gawain,94,74,0
Gawain,11,0,0
Gawain,59,56,0
Gawain,59,100,14
Gawain,72,0,0
Gawain,18,96,0
Gawain,75,0,0
Gawain,88,14,0
Gawain,63,0,0
Gawain,89,70,0
Gawain,6,31,1
Gawain,63,2,0
Gawain,6,0,0
Gawain,1,72,0
Gawain,38,0,0
Gawain,35,23,0
Gawain,65,25,22
Gawain,7,0,0
Gawain,53,97,2
Gawain,44,22,0
Gawain,41,35,10
Gawain,91,0,0
Gawain,76,0,0
Gawain,10,75,0
Gawain,16,55,1
Gawain,36,21,0
Gawain,51,0,0
Gawain,26,61,6
Gawain,40,45,38
Gawain,65,87,18
Gawain,16,0,0
Gawain,28,13,0
Gawain,22,99,0
Gawain,38,4,0
Gawain,4,53,4
Gawain,17,11,3
Gawain,36,0,0
Gawain,74,0,0
Gawain,12,0,0
Gawain,39,21,0
Gawain,96,0,0
Gawain,40,92,0
Gawain,83,11,6
Gawain,91,54,47
Gawain,27,10,0
Gawain,58,52,29
Gawain,49,0,0
Gawain,15,46,2
Gawain,16,41,16
Gawain,92,0,0
Gawain,10,6,0
Gawain,46,63,0
Gawain,40,24,21
Gawain,82,0,0
Gawain,73,0,0
Gawain,75,12,0
Gawain,79,0,0
Gawain,15,8,0
Gawain,74,0,0
Gawain,90,41,22
Gawain,83,0,0
Gawain,53,0,0
Gawain,65,0,0
Gawain,91,79,15
Gawain,47,12,0
Gawain,2,56,0
Gawain,28,1,0
Gawain,37,14,0
Gawain,52,0,0
Gawain,47,87,40
Gawain,72,5,0
Gawain,99,58,2
Gawain,31,49,30
Gawain,32,0,0
Gawain,33,4,0
Gawain,69,28,11
Gawain,40,12,0
Gawain,92,15,0
Gawain,94,23,13
Gawain,95,0,0
Gawain,63,22,0
Gawain,96,42,35
Gawain,61,67,11
Gawain,67,54,35
Gawain,69,0,0
Gawain,29,80,0
Gawain,31,0,0
Gawain,100,39,0
Gawain,10,84,0
Gawain,21,0,0
Gawain,5,51,0
Gawain,34,0,0
Gawain,47,38,0
Gawain,55,59,6
Gawain,33,39,0
Gawain,26,7,1
Gawain,77,43,23
Gawain,64,7,0
Gawain,41,34,0
Gawain,21,93,0
Gawain,16,32,9
Gawain,37,53,13
Gawain,84,9,1
Gawain,13,0,0
Gawain,2,48,0
Gawain,3,28,0
Gawain,81,4,1
Gawain,23,43,0
Gawain,56,84,0
Gawain,44,93,0
Gawain,10,0,0
Gawain,4,17,2
Gawain,4,6,0
Gawain,41,23,0
Gawain,61,0,0
Gawain,11,3,0
Gawain,9,15,8
Gawain,45,94,0
Gawain,23,0,0
Gawain,95,12,3
Gawain,88,39,0
Gawain,76,0,0
Gawain,59,46,0
Gawain,6,67,0
Gawain,50,5,0
Gawain,79,55,0
Gawain,35,57,4
Gawain,97,0,0
Gawain,66,72,5
Gawain,96,96,0
Gawain,36,41,0
Gawain,84,6,6
Gawain,82,58,4
Gawain,13,0,0
Gawain,34,89,23
Gawain,54,12,0
Gawain,78,0,0
Gawain,2,84,0
Gawain,99,9,0
Gawain,80,40,0
Gawain,7,0,0
Gawain,73,78,62
Gawain,80,79,60
Gawain,86,93,10
Gawain,47,32,0
Gawain,59,97,2
Gawain,14,1,0
Gawain,56,60,0
Gawain,71,11,5
Gawain,36,30,13
Gawain,22,46,0
Gawain,28,12,9
Gawain,31,26,8
Gawain,65,3,0
Gawain,42,80,12
Gawain,83,0,0
Gawain,72,8,7
Gawain,90,70,0
Gawain,39,0,0
Gawain,53,13,5
Gawain,88,56,52
Gawain,74,60,0
Gawain,82,0,0
Gawain,6,59,0
Gawain,32,0,0
Gawain,21,56,11
Gawain,55,32,22
Gawain,22,4,0
Gawain,55,84,0
Gawain,97,21,0
Gawain,36,18,2
Gawain,90,0,0
Gawain,97,28,5
Gawain,65,26,6
Gawain,31,0,0
Gawain,78,46,0
Gawain,35,4,4
Gawain,63,74,59
Gawain,18,41,7
Gawain,77,44,0
Gawain,38,0,0
Gawain,66,79,0
Gawain,86,63,0
Gawain,63,50,7
Gawain,88,0,0
Gawain,50,27,0
Gawain,2,21,1
Gawain,68,13,0
Gawain,15,75,0
Gawain,19,0,0
Gawain,57,79,0
Gawain,13,0,0
Gawain,34,53,34
Gawain,48,23,16
Gawain,51,8,7
Gawain,1,0,0
Gawain,52,12,5
Gawain,7,0,0
Gawain,44,90,0
Gawain,51,6,5
Gawain,23,5,0
Gawain,64,30,27
Gawain,64,22,12
Gawain,64,49,48
Gawain,49,12,0
Gawain,62,69,0
Gawain,3,76,0
Gawain,61,92,44
Gawain,50,0,0
Gawain,52,28,0
Gawain,89,100,38
Gawain,94,82,58
Gawain,14,0,0
Gawain,81,59,38
Gawain,61,45,0
Gawain,34,0,0
Gawain,65,0,0
Gawain,9,0,0
Gawain,25,77,0
Gawain,26,0,0
Gawain,18,97,15
Gawain,6,16,5
Gawain,69,0,0
Gawain,58,2,0
Gawain,88,36,5
Gawain,73,5,0
Gawain,90,0,0
Gawain,81,33,23
Gawain,72,48,0
Gawain,80,70,24
Gawain,95,74,0
Gawain,9,28,2
Gawain,9,93,7
Gawain,79,0,0
Gawain,90,88,39
Gawain,35,0,0
Gawain,41,3,0
Gawain,44,44,7
Gawain,46,13,0
Gawain,65,0,0
Gawain,20,0,0
Gawain,2,32,0
Gawain,13,88,0
Gawain,53,70,0
Gawain,49,0,0
Gawain,9,56,0
Gawain,7,0,0
Gawain,81,56,37
Gawain,79,0,0
Gawain,95,0,0
Gawain,20,0,0
Gawain,91,45,15
Gawain,10,69,0
Gawain,87,25,0
Gawain,69,0,0
Gawain,38,56,0
Gawain,1,50,1
Gawain,21,6,0
Gawain,17,0,0
Gawain,27,66,27
Gawain,26,77,17
Gawain,85,37,21
Gawain,47,67,0
Gawain,27,42,0
Gawain,80,0,0
Gawain,1,0,0
Gawain,74,45,28
Gawain,6,7,4
Gawain,1,81,0
Gawain,17,4,0
Gawain,22,0,0
Gawain,66,80,39
Gawain,99,35,27
Gawain,78,36,24
Gawain,73,0,0
Gawain,7,22,0
Gawain,37,49,25
Gawain,38,21,0
Gawain,99,95,0
Gawain,37,86,0
Gawain,91,24,0
Gawain,70,0,0
Gawain,70,72,0
Gawain,100,0,0
Gawain,42,13,6
Gawain,14,0,0
Gawain,33,27,24
Gawain,43,4,0
Gawain,99,52,40
Gawain,51,0,0
Gawain,18,0,0
Gawain,4,91,3
Gawain,82,80,0
Gawain,20,15,0
Gawain,2,0,0
Gawain,4,35,0
Gawain,18,0,0
Gawain,96,45,0
Gawain,96,93,8
Gawain,17,17,0
Gawain,14,0,0
Gawain,42,0,0
Gawain,62,93,0
Gawain,63,3,1
Gawain,40,27,16
Gawain,78,0,0
Gawain,99,0,0
Gawain,38,0,0
Gawain,76,99,0
Gawain,99,42,0
Gawain,37,61,37
Gawain,6,44,0
Gawain,7,92,3
Gawain,56,58,50
Gawain,55,0,0
Gawain,6,33,0
Gawain,100,55,23
Gawain,64,86,21
Gawain,63,0,0
Gawain,88,0,0
Gawain,99,39,10
Gawain,61,65,0
Gawain,41,53,18
Gawain,75,21,0
Gawain,69,87,0
Gawain,40,0,0
Gawain,91,4,1
Gawain,45,0,0
Gawain,6,93,0
Gawain,4,14,4
Gawain,29,0,0
Gawain,59,50,0
Gawain,40,0,0
Gawain,37,61,0
Gawain,52,88,0
Gawain,16,37,0
Gawain,62,0,0
Gawain,70,77,25
Gawain,81,77,0
Gawain,72,4,0
Gawain,96,77,0
Gawain,36,0,0
Gawain,3,0,0
Gawain,3,57,0
Gawain,87,0,0
Gawain,98,82,50
Gawain,93,19,4
Gawain,80,97,0
Gawain,87,79,0
Gawain,12,9,0
Gawain,77,0,0
Gawain,44,10,0
Gawain,10,22,0
Gawain,14,77,11
Gawain,67,69,64
Gawain,16,67,0
Gawain,95,82,37
Gawain,30,69,0
Gawain,17,96,0
Gawain,13,88,6
Gawain,77,36,0
Gawain,69,63,0
Gawain,3,0,0
Gawain,19,57,13
Gawain,20,0,0
Gawain,29,0,0
Gawain,48,26,0
Gawain,35,0,0
Gawain,20,0,0
Gawain,44,1,1
Gawain,52,29,0
Gawain,31,5,0
Gawain,64,0,0
Gawain,68,87,25
Gawain,20,0,0
Gawain,47,58,3
Gawain,86,13,12
Gawain,4,45,0
Gawain,3,36,0
Gawain,56,0,0
Gawain,100,61,0
Gawain,11,83,0
Gawain,100,0,0
Gawain,61,0,0
Gawain,61,1,0
Gawain,53,41,0
Gawain,30,42,0
Gawain,8,0,0
Gawain,9,11,1
Gawain,32,89,0
Gawain,4,14,0
Gawain,22,59,0
Gawain,75,93,0
Gawain,46,100,0
Gawain,20,65,5
Gawain,30,12,6
Gawain,99,4,0
Gawain,15,54,15
Gawain,94,61,0
Gawain,37,27,8
Gawain,16,37,13
Gawain,98,5,0
Gawain,32,65,0
Gawain,10,0,0
Gawain,45,3,0
Gawain,67,79,0
Gawain,9,9,0
Gawain,55,70,22
Gawain,99,0,0
Gawain,23,18,0
Gawain,65,52,0
Gawain,3,1,0
Gawain,55,67,26
Gawain,81,2,2
Gawain,72,64,0
Gawain,15,18,0
Gawain,39,82,39
Gawain,34,0,0
Gawain,7,17,1
Gawain,85,58,8
Gawain,69,0,0
Gawain,61,0,0
Gawain,30,80,0
Gawain,6,30,3
Gawain,45,46,44
Gawain,36,44,0
Gawain,18,16,6
Gawain,47,0,0
Gawain,32,0,0
Gawain,86,40,32
Gawain,10,0,0
Gawain,46,0,0
Gawain,51,89,0
Gawain,19,0,0
Gawain,79,0,0
Gawain,90,49,0
Gawain,27,0,0
Gawain,69,82,55
Gawain,4,69,0
Gawain,32,73,0
Gawain,77,75,0
Gawain,37,1,1
Gawain,90,5,0
Gawain,81,0,0
Gawain,47,26,0
Gawain,64,0,0
Gawain,76,73,0
Gawain,77,40,0
Gawain,53,79,0
Gawain,34,72,0
Gawain,42,61,0
Gawain,65,83,0
Gawain,77,0,0
Gawain,12,54,0
Gawain,14,21,14
Gawain,85,100,0
Gawain,77,70,0
Gawain,40,54,19
Gawain,98,90,0
Gawain,5,0,0
Gawain,63,16,0
Gawain,87,69,0
Gawain,43,0,0
Gawain,47,93,0
Gawain,28,90,0
Gawain,14,63,0
Gawain,97,10,8
Gawain,26,64,0
Gawain,84,0,0
Gawain,97,44,0
Gawain,49,34,13
Gawain,53,38,19
Gawain,66,64,0
Gawain,19,94,0
Gawain,12,39,0
Gawain,69,86,0
Gawain,46,38,0
Gawain,69,0,0
Gawain,47,20,18
Gawain,59,36,3
Gawain,11,8,6
Gawain,66,54,0
Gawain,90,62,50
Gawain,38,55,29
Gawain,18,0,0
Gawain,19,25,9
Gawain,28,0,0
Gawain,21,0,0
Gawain,57,15,4
Gawain,38,51,0
Gawain,43,0,0
Gawain,52,61,0
Gawain,47,83,14
Gawain,99,8,0
Gawain,25,90,23
Gawain,66,92,0
Gawain,48,35,0
Gawain,29,0,0
Gawain,81,68,0
Gawain,90,52,0
Gawain,31,0,0
Gawain,45,7,6
Gawain,6,0,0
Gawain,28,47,0
Gawain,92,87,71
Gawain,48,56,0
Gawain,96,0,0
Gawain,35,77,26
Gawain,47,72,0
Gawain,28,0,0
Gawain,37,0,0
Gawain,64,15,0
Gawain,69,59,37
Gawain,49,0,0
Gawain,53,58,0
Gawain,73,69,0
Gawain,87,21,18
Gawain,82,83,0
Gawain,86,0,0
Gawain,80,68,0
Gawain,7,79,0
Gawain,15,27,13
Gawain,67,76,57
Gawain,62,17,1
Gawain,59,4,0
Gawain,12,23,3
Gawain,48,30,16
Gawain,2,43,0
Gawain,57,36,14
Gawain,73,76,27
Gawain,47,45,0
Gawain,16,0,0
Gawain,93,0,0
Gawain,4,2,0
Gawain,50,0,0
Gawain,20,0,0
Gawain,84,91,0
Gawain,62,68,0
Gawain,61,65,0
Gawain,43,0,0
Gawain,5,0,0
Gawain,19,95,0
Gawain,58,2,2
Gawain,80,99,21
Gawain,37,25,0
Gawain,38,55,0
Gawain,45,45,0
Gawain,83,0,0
Gawain,17,68,0
Gawain,6,56,4
Gawain,29,0,0
Gawain,19,33,18
Gawain,4,99,4
Gawain,72,0,0
Gawain,54,0,0
Gawain,86,99,76
Gawain,71,90,44
Gawain,74,90,0
Gawain,85,0,0
Gawain,42,10,5
Gawain,88,40,0
Gawain,36,0,0
Gawain,18,98,5
Gawain,25,0,0
Gawain,8,83,0
Gawain,62,84,57
Gawain,86,81,39
Gawain,86,0,0
Gawain,46,36,9
Gawain,55,46,16
Gawain,76,0,0
Gawain,10,49,0
Gawain,99,97,49
Gawain,1,80,1
Gawain,62,82,0
Gawain,88,69,33
Gawain,45,23,0
Gawain,85,88,0
Gawain,6,34,0
Gawain,94,0,0
Gawain,98,0,0
Gawain,30,94,0
Gawain,57,86,28
Gawain,76,18,0
Gawain,47,58,0
Gawain,47,0,0
Gawain,28,0,0
Gawain,76,16,2
Gawain,30,0,0
Gawain,5,58,1
Gawain,35,0,0
Gawain,11,16,0
Gawain,3,83,2
Gawain,84,99,14
Gawain,100,82,68
Gawain,17,50,0
Gawain,85,45,0
Gawain,19,54,0
Gawain,4,0,0
Gawain,73,0,0
Gawain,8,45,0
Gawain,58,0,0
Gawain,86,95,59
Gawain,6,0,0
Gawain,31,44,0
Gawain,66,49,0
Gawain,79,24,0
Gawain,38,0,0
Gawain,89,49,0
Gawain,93,26,0
Gawain,66,38,0
Gawain,92,47,0
Gawain,75,0,0
Gawain,97,20,4
Gawain,97,0,0
Gawain,8,5,2
Gawain,23,0,0
Gawain,62,0,0
Gawain,48,0,0
Gawain,15,53,0
Gawain,38,77,0
Gawain,13,4,0
Gawain,94,32,0
Gawain,99,50,0
Gawain,15,62,12
Gawain,61,61,0
Gawain,39,23,0
Gawain,49,0,0
Gawain,10,0,0
Gawain,16,66,0
Gawain,10,0,0
Gawain,14,56,0
Gawain,36,0,0
Gawain,63,83,0
Gawain,44,62,16
Gawain,53,90,0
Gawain,91,0,0
Gawain,99,27,7
Gawain,97,57,41
Gawain,10,72,7
Gawain,77,0,0
Gawain,18,21,5
Gawain,25,0,0
Gawain,8,1,0
Gawain,35,0,0
Gawain,16,95,0
Gawain,5,0,0
Gawain,50,32,13
Gawain,100,86,39
Gawain,60,28,0
Gawain,29,12,5
Gawain,39,22,20
Gawain,2,98,0
Gawain,16,40,0
Gawain,2,40,0
Gawain,56,0,0
Gawain,84,57,0
Gawain,56,0,0
Gawain,62,0,0
Gawain,96,84,0
Gawain,65,3,0
Gawain,5,16,0
Gawain,86,37,0
Gawain,40,96,0
Gawain,43,0,0
Gawain,52,0,0
Gawain,78,86,0
Gawain,62,83,4
Gawain,12,2,1
Gawain,28,79,0
Gawain,3,19,0
Gawain,13,10,0
Gawain,29,34,0
Gawain,9,0,0
Gawain,91,0,0
Gawain,22,8,0
Gawain,73,90,27
Gawain,68,59,0
Gawain,54,63,0
Gawain,72,30,11
Gawain,50,24,3
Gawain,99,0,0
Gawain,63,71,0
Gawain,41,35,33
Gawain,11,2,0
Gawain,94,0,0
Gawain,34,54,0
Gawain,3,39,0
Gawain,40,21,7
Gawain,59,0,0
Gawain,32,0,0
Gawain,26,0,0
Gawain,44,29,27
Gawain,9,0,0
Gawain,43,34,10
Gawain,44,3,0
Gawain,36,55,24
Gawain,99,0,0
Gawain,75,39,39
Gawain,61,13,12
Gawain,56,0,0
Gawain,6,95,6
Gawain,88,98,0
Gawain,71,80,60
Gawain,23,10,0
Gawain,89,59,0
Gawain,90,1,0
Gawain,82,10,5
Gawain,95,22,3
Gawain,19,88,6
Gawain,50,8,4
Gawain,60,63,3
Gawain,97,2,2
Gawain,90,17,13
Gawain,33,0,0
Gawain,71,69,0
Gawain,5,3,1
Gawain,48,97,34
Gawain,46,6,0
Gawain,13,65,0
Gawain,58,53,0
Gawain,31,0,0
Gawain,83,0,0
Gawain,88,0,0
Gawain,69,0,0
Gawain,76,56,10
Gawain,73,0,0
Gawain,6,13,0
Gawain,21,53,20
Gawain,15,15,8
Gawain,84,6,0
Gawain,43,39,0
Gawain,46,82,31
Gawain,38,0,0
Gawain,12,37,0
Gawain,78,0,0
Gawain,73,0,0
Gawain,90,82,21
Gawain,28,99,0
Gawain,99,98,36
Gawain,20,39,19
Gawain,53,0,0
Gawain,8,0,0
Gawain,9,80,1
Gawain,4,0,0
Gawain,91,54,0
Gawain,8,42,3
Gawain,61,0,0
Gawain,4,91,0
Gawain,4,0,0
Gawain,1,86,0
Gawain,43,0,0
Gawain,92,71,0
Gawain,32,8,0
Gawain,5,58,0
Gawain,41,68,12
Gawain,87,14,4
Gawain,48,69,0
Gawain,68,0,0
Gawain,50,31,0
Gawain,51,83,0
Gawain,38,42,0
Gawain,69,75,0
Gawain,85,3,0
Gawain,64,73,0
Gawain,98,34,0
Gawain,78,16,13
Gawain,50,0,0
Gawain,16,76,0
Gawain,69,35,5
Gawain,30,61,0
Gawain,84,100,0
Gawain,3,45,2
Gawain,32,13,10
Gawain,44,66,0
Gawain,47,6,6
Gawain,24,0,0
Gawain,50,0,0
Gawain,8,39,6
Gawain,92,52,0
Gawain,52,84,0
Gawain,37,76,32
Gawain,56,0,0
Gawain,79,25,14
Gawain,84,51,0
Gawain,76,0,0
Gawain,52,61,0
Gawain,91,61,42
Gawain,50,29,0
Gawain,86,0,0
Gawain,64,0,0
Gawain,6,98,0
Gawain,48,3,0
Gawain,58,27,0
Gawain,4,0,0
Gawain,99,0,0
Gawain,43,62,0
Gawain,54,99,0
Gawain,96,47,0
Gawain,61,20,0
Gawain,47,12,12
Gawain,3,63,0
Gawain,52,2,2
Gawain,92,64,52
Gawain,69,22,4
Gawain,4,2,2
Gawain,78,0,0
Gawain,98,58,0
Gawain,87,86,0
Gawain,29,20,0
Gawain,93,87,0
Gawain,17,70,9
Gawain,77,79,33
Gawain,10,43,0
Gawain,25,45,0
Gawain,15,78,0
Gawain,96,0,0
Gawain,88,45,29
Gawain,96,24,11
Gawain,74,67,0
Gawain,18,49,0
Gawain,37,0,0
Gawain,20,12,0
Gawain,35,97,0
Gawain,84,0,0
Gawain,28,0,0
Gawain,35,54,0
Gawain,48,71,0
Gawain,11,57,0
Gawain,63,49,0
Gawain,28,0,0
Gawain,4,41,0
Gawain,77,33,1
Gawain,83,22,0
Gawain,30,0,0
Gawain,22,29,20
Gawain,70,0,0
Gawain,56,12,0
Gawain,22,53,13
Gawain,92,96,0
Gawain,100,27,0
Gawain,41,68,32
Gawain,74,95,26
Gawain,11,63,4
Gawain,49,76,0
Gawain,17,35,6
Gawain,82,0,0
Gawain,70,59,0
Gawain,76,17,0
Gawain,3,0,0
Gawain,39,97,0
Gawain,6,33,0
Gawain,55,0,0
Gawain,86,92,0
Gawain,51,44,0
Gawain,80,0,0
Gawain,53,0,0
Gawain,50,89,0
Gawain,42,73,40
Gawain,25,0,0
Gawain,40,62,38
Gawain,46,78,40
Gawain,38,1,0
Gawain,17,0,0
Gawain,30,84,9
Gawain,56,0,0
Gawain,94,44,43
Gawain,85,0,0
Gawain,89,49,48
Gawain,44,0,0
Gawain,11,84,0
Gawain,40,43,0
Gawain,54,0,0
Gawain,30,0,0
Gawain,77,78,0
Gawain,41,0,0
Gawain,71,37,31
Gawain,21,0,0
Gawain,92,55,0
Gawain,39,5,2
Gawain,53,0,0
Gawain,79,35,1
Gawain,5,44,0
Gawain,63,28,0
Gawain,2,73,0
Gawain,3,48,0
Gawain,13,96,2
Gawain,25,28,0
Gawain,72,20,0
Gawain,57,100,0
Gawain,18,17,7
Gawain,55,66,39
Gawain,48,74,0
Gawain,84,52,51
Gawain,30,63,0
Gawain,63,27,20
Gawain,56,5,1
Gawain,67,0,0
Gawain,25,26,0
Gawain,97,87,27
Gawain,75,0,0
Gawain,14,82,3
Gawain,27,0,0
Gawain,14,79,3
Gawain,83,10,5
Gawain,40,63,34
Gawain,73,45,0
Gawain,9,0,0
Gawain,13,75,0
Gawain,62,25,15
Gawain,18,77,0
Gawain,56,78,0
Gawain,82,0,0
Gawain,24,18,11
Gawain,35,0,0
Gawain,46,36,21
Gawain,58,38,13
Gawain,74,4,3
Gawain,59,68,7
Gawain,65,13,11
Gawain,84,39,0
Gawain,40,0,0
Gawain,49,0,0
Gawain,40,96,3
Gawain,74,68,0
Gawain,7,0,0
Gawain,25,54,6
Gawain,63,70,0
Gawain,65,62,0
Gawain,31,0,0
Gawain,91,24,0
Gawain,79,62,57
Gawain,44,62,0
Gawain,47,23,10
Gawain,21,0,0
Gawain,54,0,0
Gawain,34,7,0
Gawain,17,15,11
Gawain,24,84,0
Gawain,64,26,8
Gawain,93,0,0
Gawain,54,45,42
Gawain,82,15,0
Gawain,58,0,0
Gawain,55,0,0
Gawain,22,80,0
Gawain,27,85,0
Gawain,39,67,0
Gawain,83,0,0
Gawain,22,0,0
Gawain,50,3,0
Gawain,31,46,0
Gawain,83,83,0
Gawain,34,0,0
Gawain,67,0,0
Gawain,67,48,0
Gawain,30,55,7
Gawain,70,73,34
Gawain,36,84,0
Gawain,97,0,0
Gawain,71,0,0
Gawain,82,46,0
Gawain,32,52,4
Gawain,12,86,0
Gawain,5,79,0
Gawain,62,61,0
Gawain,87,23,0
Gawain,66,98,32
Gawain,60,89,0
Gawain,49,34,29
Gawain,88,0,0
Gawain,40,87,0
Gawain,80,38,13
Gawain,92,12,0
Gawain,83,7,2
Gawain,13,11,0
Gawain,46,76,0
Gawain,56,74,24
Gawain,19,0,0
Gawain,10,63,0
Gawain,94,42,23
Gawain,57,25,14
Gawain,70,0,0
Gawain,32,66,28
Gawain,33,76,18
Gawain,100,0,0
Gawain,81,77,35
Gawain,76,82,0
Gawain,95,0,0
Gawain,19,69,18
Gawain,92,52,0
Gawain,73,75,71
Gawain,100,43,15
Gawain,74,68,0
Gawain,15,51,13
Gawain,79,0,0
Gawain,89,80,42
Gawain,21,5,3
Gawain,25,33,0
Gawain,91,0,0
Gawain,55,67,44
Gawain,5,0,0
Gawain,10,22,0
Gawain,95,94,66
Gawain,69,50,0
Gawain,59,86,0
Gawain,68,65,50
Gawain,37,5,2
Gawain,3,93,1
Gawain,64,0,0
Gawain,60,54,0
Gawain,47,0,0
Gawain,81,77,0
Gawain,49,25,1
Gawain,22,0,0
Gawain,74,0,0
Gawain,71,92,0
Gawain,63,60,0
Gawain,44,0,0
Gawain,84,0,0
Gawain,7,0,0
Gawain,5,17,5
Gawain,6,38,0
Gawain,63,11,0
Gawain,90,0,0
Gawain,37,74,16
Gawain,89,87,75
Gawain,84,0,0
Gawain,87,56,0
Gawain,59,39,0
Gawain,100,47,46
Gawain,12,47,0
Gawain,39,41,23
Gawain,48,0,0
Gawain,46,50,3
Gawain,24,0,0
Gawain,13,0,0
Gawain,41,73,31
Gawain,15,31,0
Gawain,64,94,0
Gawain,44,51,0
Gawain,97,31,27
Gawain,30,90,0
Gawain,4,52,0
Gawain,32,0,0
Gawain,78,0,0
Gawain,10,31,0
Gawain,63,75,43
Gawain,13,0,0
Gawain,45,81,0
Gawain,77,0,0
Gawain,96,98,86
Gawain,75,94,0
Gawain,100,83,29
Gawain,12,31,0
Gawain,58,12,3
Gawain,39,51,0
Gawain,30,61,0
Gawain,50,62,0
Gawain,84,22,7
Gawain,21,63,0
Gawain,17,35,0
Gawain,67,0,0
Gawain,69,39,0
Gawain,2,26,0
Gawain,55,0,0
Gawain,17,0,0
Gawain,83,1,0
Gawain,20,0,0
Gawain,44,0,0
Gawain,53,31,0
Gawain,72,17,0
Gawain,60,0,0
Gawain,17,0,0
Gawain,57,0,0
Gawain,17,44,6
Gawain,1,20,1
Gawain,72,89,11
Gawain,2,58,0
Gawain,58,0,0
Gawain,23,97,20
Gawain,37,0,0
Gawain,8,91,0
Gawain,29,9,0
Gawain,66,36,27
Gawain,61,17,11
Gawain,65,48,0
Gawain,64,41,0
Gawain,64,72,5
Gawain,99,31,6
Gawain,85,79,0
Gawain,72,45,0
Gawain,86,0,0
Gawain,28,61,14
Gawain,19,35,0
Gawain,60,17,5
Gawain,21,0,0
Gawain,31,19,0
Gawain,32,85,0
Gawain,4,0,0
Gawain,77,33,0
Gawain,49,24,0
Gawain,67,0,0
Gawain,7,0,0
Gawain,88,87,0
Gawain,18,59,0
Gawain,96,51,34
Gawain,100,96,1
Gawain,29,40,25
Gawain,81,91,0
Gawain,51,80,0
Gawain,19,70,18
Gawain,7,0,0
Gawain,16,94,15
Gawain,35,47,0
Gawain,87,66,0
Gawain,7,93,1
Gawain,100,0,0
Gawain,9,16,7
Gawain,86,79,0
Gawain,2,4,0
Gawain,8,0,0
Gawain,47,27,21
Gawain,69,9,5
Gawain,21,73,0
Gawain,26,25,0
Gawain,9,34,0
Gawain,35,47,29
Gawain,83,8,0
Gawain,1,0,0
Gawain,49,81,0
Gawain,86,6,4
Gawain,72,36,1
Gawain,67,75,0
Gawain,46,0,0
Gawain,99,80,52
Gawain,74,0,0
Gawain,56,18,0
Gawain,68,25,0
Gawain,57,17,0
Gawain,55,16,0
Gawain,32,85,0
Gawain,21,54,0
Gawain,53,0,0
Gawain,39,0,0
Gawain,38,0,0
Gawain,13,88,0
Gawain,44,42,20
Gawain,27,43,23
Gawain,48,100,0
Gawain,31,70,0
Gawain,9,60,0
Gawain,30,4,0
Gawain,19,87,0
Gawain,19,47,0
Gawain,70,85,23
Gawain,100,92,0
Gawain,18,27,13
Gawain,20,0,0
Gawain,18,67,11
Gawain,69,88,16
Gawain,20,0,0
Gawain,88,9,7
Gawain,37,85,18
Gawain,21,63,10
Gawain,57,0,0
Gawain,36,49,3
Gawain,92,98,0
Gawain,28,0,0
Gawain,10,47,0
Gawain,42,32,0
Gawain,62,0,0
Gawain,50,0,0
Gawain,48,69,0
Gawain,23,51,0
Gawain,70,32,0
Gawain,88,17,0
Gawain,87,59,0
Gawain,95,8,2
Gawain,96,91,0
Gawain,43,57,0
Gawain,77,80,0
Gawain,68,73,0
Gawain,57,0,0
Gawain,32,0,0
Gawain,76,0,0
Gawain,69,26,0
Gawain,36,89,30
Gawain,27,0,0
Gawain,24,22,0
Gawain,24,0,0
Gawain,73,0,0
Gawain,69,75,0
Gawain,79,0,0
Gawain,37,61,37
Gawain,36,8,6
Gawain,97,0,0
Gawain,85,4,0
Gawain,53,0,0
Gawain,53,26,0
Gawain,48,93,0
Gawain,95,38,0
Gawain,62,0,0
Gawain,36,80,33
Gawain,52,53,0
Gawain,100,81,24
Gawain,62,64,0
Gawain,50,98,0
Gawain,85,90,7
Gawain,7,7,0
Gawain,66,51,0
Gawain,63,73,53
Gawain,12,77,0
Gawain,30,0,0
Gawain,13,99,0
Gawain,6,58,0
Gawain,83,59,0
Gawain,98,55,0
Gawain,25,0,0
Gawain,9,64,0
Gawain,20,0,0
Gawain,82,38,0
Gawain,78,70,0
Gawain,74,0,0
Gawain,95,0,0
Gawain,51,0,0
Gawain,52,52,6
Gawain,94,74,0
Gawain,15,66,0
Gawain,83,0,0
Gawain,26,0,0
Gawain,82,54,23
Gawain,86,99,0
Gawain,13,42,0
Gawain,97,63,0
Gawain,52,63,24
Gawain,83,73,0
Gawain,56,66,21
Gawain,6,0,0
Gawain,88,57,0
Gawain,17,0,0
Gawain,6,80,2
Gawain,14,6,0
Gawain,77,0,0
Gawain,75,0,0
Gawain,60,66,1
Gawain,49,0,0
Gawain,83,0,0
Gawain,7,0,0
Gawain,86,24,0
Gawain,92,26,0
Gawain,90,79,0
Gawain,93,73,0
Gawain,59,66,32
Gawain,68,0,0
Gawain,31,91,0
Gawain,84,78,63
Gawain,16,78,12
Gawain,87,28,0
Gawain,48,74,0
Gawain,42,0,0
Gawain,45,37,0
Gawain,40,97,0
Gawain,72,0,0
Gawain,81,0,0
Gawain,6,0,0
Gawain,13,77,8
Gawain,94,25,0
Gawain,32,95,17
Gawain,80,18,0
Gawain,100,3,0
Gawain,36,53,0
Gawain,77,0,0
Gawain,58,50,14
Gawain,51,0,0
Gawain,65,5,0
Gawain,90,44,0
Gawain,97,94,36
Gawain,37,58,0
Gawain,94,55,34
Gawain,89,0,0
Gawain,65,90,0
Gawain,10,0,0
Gawain,8,42,2
Gawain,58,7,0
Gawain,54,64,0
Gawain,77,0,0
Gawain,71,0,0
Gawain,2,89,2
Gawain,94,37,26
Gawain,86,42,0
Gawain,54,63,0
Gawain,44,42,0
Gawain,61,0,0
Gawain,33,53,0
Gawain,55,0,0
Gawain,75,58,25
Gawain,49,6,0
Gawain,100,36,0
Gawain,76,84,0
Gawain,52,41,21
Gawain,50,0,0
Gawain,94,75,0
Gawain,65,51,19
Gawain,10,0,0
Gawain,6,0,0
Gawain,17,39,13
Gawain,26,98,0
Gawain,79,42,0
Gawain,90,46,0
Gawain,30,19,0
Gawain,60,46,46
Gawain,8,43,0
Gawain,20,80,0
Gawain,88,62,55
Gawain,22,95,0
Gawain,24,0,0
Gawain,65,0,0
Gawain,38,0,0
Gawain,52,19,0
Gawain,36,22,0
Gawain,45,7,2
Gawain,54,35,0
Gawain,1,13,1
Gawain,61,31,0
Gawain,17,0,0
Gawain,11,0,0
Gawain,20,0,0
Gawain,79,19,0
Gawain,36,18,17
Gawain,58,0,0
Gawain,36,32,0
Gawain,16,29,15
Gawain,55,8,0
Gawain,18,56,0
Gawain,9,35,0
Gawain,95,80,9
Gawain,15,50,0
Gawain,17,0,0
Gawain,85,0,0
Gawain,64,68,57
Gawain,38,0,0
Gawain,39,86,8
Gawain,81,0,0
Gawain,80,81,0
Gawain,64,0,0
Gawain,53,86,0
Gawain,31,35,4
Gawain,65,0,0
Gawain,93,55,36
Gawain,87,0,0
Gawain,41,0,0
Gawain,58,5,0
Gawain,70,19,0
Gawain,50,24,0
Gawain,40,51,0
Gawain,52,0,0
Gawain,93,64,0
Gawain,12,0,0
Gawain,40,26,0
Gawain,68,20,0
Gawain,93,93,0
Gawain,99,38,0
Gawain,71,93,0
Gawain,25,86,16
Gawain,54,15,0
Gawain,88,0,0
Gawain,75,59,11
Gawain,14,42,0
Gawain,86,65,6
Gawain,18,0,0
Gawain,34,0,0
Gawain,41,0,0
Gawain,2,0,0
Gawain,45,51,0
Gawain,66,97,0
Gawain,2,92,0
Gawain,22,48,0
Gawain,40,0,0
Gawain,32,48,0
Gawain,31,45,0
Gawain,46,61,21
Gawain,81,4,0
Gawain,67,92,0
Gawain,46,3,0
Gawain,99,34,0
Gawain,52,38,0
Gawain,29,21,0
Gawain,57,7,0
Gawain,24,39,3
Gawain,50,44,0
Gawain,4,6,4
Gawain,4,19,0
Gawain,49,42,0
Gawain,1,0,0
Gawain,4,87,0
Gawain,1,25,1
Gawain,22,0,0
Gawain,100,82,0
Gawain,86,8,3
Gawain,41,75,0
Gawain,58,0,0
Gawain,91,40,0
Gawain,72,46,0
Gawain,23,59,8
Gawain,41,78,0
Gawain,51,45,0
Gawain,23,27,0
Gawain,54,9,0
Gawain,89,0,0
Gawain,82,73,0
Gawain,55,85,0
Gawain,72,0,0
Gawain,5,69,0
Gawain,72,0,0
Gawain,64,0,0
Gawain,8,0,0
Gawain,55,18,0
Gawain,35,3,0
Gawain,41,0,0
Gawain,80,37,0
Gawain,76,92,0
Gawain,31,9,0
Gawain,92,0,0
Gawain,66,0,0
Gawain,13,0,0
Gawain,84,98,42
Gawain,10,70,10
Gawain,49,0,0
Gawain,66,78,0
Gawain,54,0,0
Gawain,68,46,0
Gawain,84,27,0
Gawain,32,6,3
Gawain,91,0,0
Gawain,37,80,0
Gawain,1,0,0
Gawain,8,21,0
Gawain,62,0,0
Gawain,8,46,1
Gawain,12,90,0
Gawain,88,0,0
Gawain,25,5,4
Gawain,42,0,0
Gawain,75,24,0
Gawain,90,43,0
Gawain,70,14,5
Gawain,54,69,0
Gawain,55,27,0
Gawain,54,0,0
Gawain,59,22,0
Gawain,55,14,13
Gawain,53,19,0
Gawain,68,57,0
Gawain,35,16,1
Gawain,77,0,0
Gawain,88,25,2
Gawain,58,14,14
Gawain,20,2,2
Gawain,75,89,13
Gawain,65,72,7
Gawain,27,87,27
Gawain,21,89,0
Gawain,3,100,0
Gawain,12,39,0
Gawain,64,67,0
Gawain,26,0,0
Gawain,35,13,1
Gawain,13,63,2
Gawain,19,46,0
Gawain,27,85,0
Gawain,83,57,0
Gawain,12,0,0
Gawain,88,89,12
Gawain,27,0,0
Gawain,85,78,53
Gawain,65,43,0
Gawain,89,0,0
Gawain,6,0,0
Gawain,65,52,0
Gawain,42,32,1
Gawain,76,0,0
Gawain,34,21,0
Gawain,61,16,4
Gawain,17,0,0
Gawain,29,72,0
Gawain,45,82,0
Gawain,82,36,8
Gawain,29,2,1
Gawain,89,27,1
Gawain,31,64,27
Gawain,8,54,0
Gawain,54,55,0
Gawain,1,32,1
Gawain,45,29,0
Gawain,39,0,0
Gawain,26,0,0
Gawain,46,97,0
Gawain,37,27,0
Gawain,24,0,0
Gawain,94,86,0
Gawain,39,5,3
Gawain,27,93,6
Gawain,62,31,8
Gawain,29,0,0
Gawain,6,32,0
Gawain,97,0,0
Gawain,93,79,0
Gawain,65,26,0
Gawain,22,78,16
Gawain,38,0,0
Gawain,55,55,0
Gawain,69,83,0
Gawain,43,86,0
Gawain,85,19,0
Gawain,75,2,0
Gawain,80,7,0
Gawain,61,94,0
Gawain,35,52,0
Gawain,84,0,0
Gawain,26,38,0
Gawain,71,13,0
Gawain,21,90,0
Gawain,15,81,0
Gawain,54,74,0
Gawain,72,96,0
Gawain,53,72,0
Gawain,84,97,0
Gawain,10,97,0
Gawain,81,19,0
Gawain,63,33,27
Gawain,47,51,8
Gawain,11,1,0
Gawain,79,16,0
Gawain,90,0,0
Gawain,57,36,0
Gawain,20,19,0
Gawain,63,41,0
Gawain,14,98,10
Gawain,22,57,0
Gawain,79,90,65
Gawain,74,99,3
Gawain,94,92,53
Gawain,76,0,0
Gawain,87,2,0
Gawain,58,61,37
Gawain,15,86,0
Gawain,12,65,3
Gawain,45,14,0
Gawain,67,0,0
Gawain,8,75,0
Gawain,16,0,0
Gawain,4,0,0
Gawain,76,50,0
Gawain,53,50,0
Gawain,88,0,0
Gawain,76,0,0
Gawain,99,13,6
Gawain,29,29,0
Gawain,77,55,42
Gawain,87,25,14
Gawain,44,97,12
Gawain,7,52,3
Gawain,90,22,0
Gawain,33,89,25
Gawain,17,0,0
Gawain,42,84,0
Gawain,54,83,12
Gawain,3,0,0
Gawain,21,0,0
Gawain,52,97,25
Gawain,62,15,13
Gawain,39,2,1
Gawain,38,0,0
Gawain,63,0,0
Gawain,55,77,38
Gawain,68,19,0
Gawain,67,82,0
Gawain,14,29,0
Gawain,79,12,0
Gawain,78,22,0
Gawain,38,7,0
Gawain,50,56,0
Gawain,81,0,0
Gawain,82,77,0
Gawain,42,0,0
Gawain,68,18,0
Gawain,17,0,0
Gawain,90,79,0
Gawain,94,10,0
Gawain,74,78,0
Gawain,38,30,26
Gawain,13,98,0
Gawain,75,30,0
Gawain,34,30,0
Gawain,34,82,0
Gawain,9,0,0
Gawain,24,0,0
Gawain,5,51,0
Gawain,81,0,0
Gawain,30,49,0
Gawain,63,0,0
Gawain,93,10,0
Gawain,74,0,0
Gawain,54,0,0
Gawain,61,0,0
Gawain,31,85,9
Gawain,50,10,1
Gawain,83,28,23
Gawain,59,63,0
Gawain,60,18,6
Gawain,65,97,45
Gawain,19,22,11
Gawain,78,0,0
Gawain,73,25,0
Gawain,73,75,0
Gawain,58,45,0
Gawain,85,25,0
Gawain,14,77,0
Gawain,61,44,0
Gawain,59,100,0
Gawain,98,0,0
Gawain,46,37,29
Gawain,13,4,4
Gawain,56,44,0
Gawain,75,0,0
Gawain,23,50,0
Gawain,70,86,0
Gawain,47,5,2
Gawain,78,86,50
Gawain,77,49,40
Gawain,5,72,1
Gawain,47,44,36
Gawain,70,94,0
Gawain,9,72,0
Gawain,83,95,0
Gawain,58,0,0
Gawain,64,28,17
Gawain,50,86,32
Gawain,50,0,0
Gawain,49,40,0
Gawain,12,44,7
Gawain,84,66,0
Gawain,78,93,0
Gawain,14,14,0
Gawain,71,17,0
Gawain,84,69,0
Gawain,98,0,0
Gawain,32,87,0
Gawain,66,80,63
Gawain,51,1,0
Gawain,50,0,0
Gawain,45,1,0
Gawain,50,0,0
Gawain,67,9,0
Gawain,50,49,40
Gawain,62,58,18
Gawain,14,82,3
Gawain,81,0,0
Gawain,50,98,0
Gawain,96,95,18
Gawain,76,47,43
Gawain,95,63,0
Gawain,78,21,0
Gawain,52,0,0
Gawain,81,93,0
Gawain,96,66,41
Gawain,8,0,0
Gawain,81,42,26
Gawain,23,79,0
Gawain,8,0,0
Gawain,85,77,0
Gawain,73,1,0
Gawain,61,0,0
Gawain,44,70,10
Gawain,53,55,0
Gawain,36,0,0
Gawain,31,19,0
Gawain,91,9,0
Gawain,65,0,0
Gawain,51,0,0
Gawain,81,18,6
Gawain,71,70,0
Gawain,83,58,0
Gawain,67,59,0
Gawain,20,0,0
Gawain,90,0,0
Gawain,37,38,31
Gawain,24,97,1
Gawain,42,0,0
Gawain,24,96,8
Gawain,54,69,16
Gawain,67,42,0
Gawain,49,77,0
Gawain,5,22,4
Gawain,20,60,0
Gawain,90,59,0
Gawain,96,81,42
Gawain,2,40,2
Gawain,27,8,5
Gawain,72,80,54
Gawain,8,33,0
Gawain,71,98,4
Gawain,54,0,0
Gawain,28,0,0
Gawain,58,56,20
Gawain,46,26,1
Gawain,52,92,0
Gawain,20,40,7
Gawain,11,74,0
Gawain,72,14,0
Gawain,96,42,27
Gawain,49,56,0
Gawain,10,74,0
Gawain,8,0,0
Gawain,37,0,0
Gawain,28,0,0
Gawain,77,81,0
Gawain,27,0,0
Gawain,26,64,0
Gawain,33,43,0
Gawain,71,0,0
Gawain,4,22,3
Gawain,21,0,0
Gawain,15,0,0
Gawain,43,0,0
Gawain,94,43,0
Gawain,74,37,2
Gawain,66,88,37
Gawain,76,3,1
Gawain,17,63,13
Gawain,74,24,0
Gawain,8,96,2
Gawain,3,18,0
Gawain,6,0,0
Gawain,71,23,0
Gawain,13,54,3
Gawain,40,94,19
Gawain,44,0,0
Gawain,74,51,0
Gawain,49,35,10
Gawain,67,0,0
Gawain,24,95,7
Gawain,74,7,0
Gawain,90,100,11
Gawain,86,32,0
Gawain,45,69,0
Gawain,74,43,42
Gawain,74,37,31
Gawain,82,0,0
Gawain,34,30,14
Gawain,68,44,0
Gawain,50,35,0
Gawain,76,28,0
Gawain,52,0,0
Gawain,52,16,6
Gawain,7,0,0
Gawain,91,57,1
Gawain,60,3,1
Gawain,6,0,0
Gawain,57,20,0
Gawain,57,59,0
Gawain,90,26,0
Gawain,68,0,0
Gawain,43,70,0
Gawain,87,65,0
Gawain,60,38,0
Gawain,86,0,0
Gawain,94,72,0
Gawain,83,36,0
Gawain,70,0,0
Gawain,9,8,0
Gawain,20,20,3
Gawain,31,64,0
Gawain,46,98,0
Gawain,44,75,0
Gawain,98,86,83
Gawain,76,99,0
Gawain,64,100,0
Gawain,49,0,0
Gawain,53,95,0
Gawain,8,13,8
Gawain,89,0,0
Gawain,85,52,0
Gawain,64,56,0
Gawain,100,0,0
Gawain,54,0,0
Gawain,43,59,13
Gawain,9,75,0
Gawain,71,0,0
Gawain,74,13,10
Gawain,96,67,17
Gawain,95,50,0
Gawain,85,73,0
Gawain,75,0,0
Gawain,44,7,0
Gawain,3,78,0
Gawain,64,32,26
Gawain,53,56,0
Gawain,61,0,0
Gawain,8,0,0
Gawain,57,91,0
Gawain,19,0,0
Gawain,21,36,0
Gawain,100,49,0
Gawain,64,22,0
Gawain,32,0,0
Gawain,85,92,0
Gawain,54,0,0
Gawain,27,37,0
Gawain,91,66,0
Gawain,27,65,0
Gawain,25,0,0
Gawain,59,82,0
Gawain,90,2,0
Gawain,18,0,0
Gawain,64,8,2
Gawain,24,28,0
Gawain,12,78,0
Gawain,83,0,0
Gawain,56,0,0
Gawain,91,56,0
Gawain,49,65,0
Gawain,41,0,0
Gawain,67,0,0
Gawain,75,67,0
Gawain,20,69,0
Gawain,28,61,9
Gawain,73,0,0
Gawain,46,0,0
Gawain,93,0,0
Gawain,47,69,43
Gawain,70,0,0
Gawain,3,68,0
Gawain,81,74,0
Gawain,69,23,13
Gawain,68,71,0
Gawain,61,82,0
Gawain,17,14,0
Gawain,41,48,25
Gawain,64,0,0
Gawain,61,15,0
Gawain,28,93,0
Gawain,55,0,0
Gawain,28,80,0
Gawain,38,39,32
Gawain,43,9,9
Gawain,100,5,0
Gawain,64,87,0
Gawain,47,13,0
Gawain,21,49,0
Gawain,64,29,0
Gawain,41,22,17
Gawain,23,96,21
Gawain,11,80,0
Gawain,39,92,0
Gawain,47,59,26
Gawain,51,84,0
Gawain,14,0,0
Gawain,32,49,0
Gawain,93,20,0
Gawain,30,10,10
Gawain,44,34,0
Gawain,93,61,0
Gawain,42,81,35
Gawain,41,94,28
Gawain,90,97,85
Gawain,33,0,0
Gawain,88,26,21
Gawain,57,57,10
Gawain,93,21,0
Gawain,18,82,0
Gawain,77,17,0
Gawain,100,7,6
Gawain,97,0,0
Gawain,69,49,0
Gawain,99,55,0
Gawain,84,52,47
Gawain,75,59,0
Gawain,53,6,0
Gawain,62,33,30
Gawain,16,24,8
Gawain,35,0,0
Gawain,40,20,0
Gawain,33,96,18
Gawain,22,0,0
Gawain,41,1,1
Gawain,52,91,39
Gawain,92,44,0
Gawain,16,81,0
Gawain,28,85,0
Gawain,26,15,0
Gawain,95,81,57
Gawain,67,35,1
Gawain,39,0,0
Gawain,80,99,45
Gawain,53,13,0
Gawain,88,0,0
Gawain,75,0,0
Gawain,37,80,0
Gawain,82,0,0
Gawain,72,87,0
Gawain,28,34,0
Gawain,64,0,0
Gawain,25,0,0
Gawain,19,93,0
Gawain,27,0,0
Gawain,7,0,0
Gawain,86,63,0
Gawain,62,0,0
Gawain,61,33,22
Gawain,55,9,4
Gawain,2,76,0
Gawain,13,0,0
Gawain,56,64,31
Gawain,71,0,0
Gawain,42,7,0
Gawain,68,0,0
Gawain,69,0,0
Gawain,61,0,0
Gawain,28,0,0
Gawain,14,23,0
Gawain,31,21,0
Gawain,72,79,52
Gawain,37,48,0
Gawain,61,37,0
Gawain,78,0,0
Gawain,87,82,0
Gawain,6,95,6
Gawain,90,38,7
Gawain,92,85,42
Gawain,68,92,0
Gawain,84,0,0
Gawain,12,4,0
Gawain,2,0,0
Gawain,91,55,0
Gawain,50,0,0
Gawain,1,100,0
Gawain,100,0,0
Gawain,87,0,0
Gawain,61,83,40
Gawain,9,0,0
Gawain,82,83,25
Gawain,75,79,0
Gawain,87,76,72
Gawain,25,100,0
Gawain,91,80,0
Gawain,70,62,0
Gawain,13,0,0
Gawain,57,70,0
Gawain,41,53,0
Gawain,20,11,0
Gawain,13,59,0
Gawain,50,12,0
Gawain,15,30,0
Gawain,36,43,14
Gawain,55,0,0
Gawain,49,91,0
Gawain,70,3,0
Gawain,32,0,0
Gawain,83,8,0
Gawain,18,81,12
Gawain,93,9,0
Gawain,7,26,6
Gawain,80,25,17
Gawain,26,18,0
Gawain,7,0,0
Gawain,100,41,0
Gawain,25,49,0
Gawain,88,0,0
Gawain,92,32,0
Gawain,99,10,0
Gawain,40,49,0
Gawain,57,0,0
Gawain,90,48,26
Gawain,12,52,0
Gawain,34,72,0
Gawain,79,77,33
Gawain,62,1,0
Gawain,6,0,0
Gawain,77,0,0
Gawain,90,63,14
Gawain,39,0,0
Gawain,64,0,0
Gawain,1,15,1
Gawain,33,0,0
Gawain,60,10,3
Gawain,59,80,0
Gawain,39,73,10
Gawain,22,70,0
Gawain,38,35,0
Gawain,4,34,3
Gawain,3,13,1
Gawain,61,19,12
Gawain,21,5,0
Gawain,87,15,0
Gawain,86,57,0
Gawain,87,0,0
Gawain,57,0,0
Gawain,62,0,0
Gawain,33,87,14
Gawain,72,20,20
Gawain,63,0,0
Gawain,65,67,24
Gawain,98,14,0
Gawain,98,9,0
Gawain,86,91,0
Gawain,38,29,14
Gawain,17,0,0
Gawain,9,58,5
Gawain,99,0,0
Gawain,11,0,0
Gawain,64,77,25
Gawain,67,52,0
Gawain,81,2,0
Gawain,54,67,0
Gawain,96,64,0
Gawain,20,0,0
Gawain,36,0,0
Gawain,91,61,15
Gawain,99,39,0
Gawain,28,54,13
Gawain,82,0,0
Gawain,76,96,61
Gawain,35,0,0
Gawain,99,0,0
Gawain,56,79,0
Gawain,93,60,5
Gawain,2,74,0
Gawain,55,99,0
Gawain,61,0,0
Gawain,48,39,15
Gawain,74,20,12
Gawain,3,0,0
Gawain,50,28,15
Gawain,49,51,36
Gawain,51,25,11
Gawain,80,0,0
Gawain,26,8,0
Gawain,9,77,8
Gawain,12,86,0
Gawain,84,78,0
Gawain,97,51,0
Gawain,15,0,0
Gawain,51,0,0
Gawain,53,12,0
Gawain,18,26,0
Gawain,62,0,0
Gawain,8,70,7
Gawain,15,95,7
Gawain,9,94,3
Gawain,52,67,0
Gawain,71,0,0
Gawain,26,53,0
Gawain,96,25,8
Gawain,95,0,0
Gawain,58,0,0
Gawain,64,0,0
Gawain,72,39,0
Gawain,90,54,0
Gawain,95,88,0
Gawain,65,0,0
Gawain,51,91,0
Gawain,86,20,0
Gawain,97,44,17
Gawain,59,85,0
Gawain,98,84,0
Gawain,81,43,33
Gawain,65,11,5
Gawain,25,0,0
Gawain,56,0,0
Gawain,58,68,0
Gawain,51,0,0
Gawain,16,0,0
Gawain,82,38,1
Gawain,28,92,0
Gawain,54,24,0
Gawain,94,0,0
Gawain,68,0,0
Gawain,82,86,0
Gawain,20,58,0
Gawain,27,35,0
Gawain,68,0,0
Gawain,69,72,47
Gawain,55,0,0
Gawain,75,60,0
Gawain,9,71,0
Gawain,28,0,0
Gawain,74,68,0
Gawain,21,75,1
Gawain,3,29,1
Gawain,8,99,0
Gawain,53,73,49
Gawain,50,0,0
Gawain,37,37,0
Gawain,86,15,13
Gawain,42,0,0
Gawain,88,0,0
Gawain,51,21,0
Gawain,73,0,0
Gawain,48,35,0
Gawain,92,8,4
Gawain,77,3,0
Gawain,64,0,0
Gawain,19,43,0
Gawain,40,36,0
Gawain,38,92,5
Gawain,65,85,14
Gawain,37,88,0
Gawain,79,34,20
Gawain,44,80,0
Gawain,20,92,0
Gawain,60,59,55
Gawain,11,27,0
Gawain,23,52,11
Gawain,3,29,0
Gawain,26,0,0
Gawain,85,0,0
Gawain,15,0,0
Gawain,55,11,11
Gawain,58,81,0
Gawain,27,13,0
Gawain,22,43,0
Gawain,68,80,0
Gawain,27,41,25
Gawain,56,20,20
Gawain,8,56,0
Gawain,53,33,15
Gawain,51,84,0
Gawain,74,49,15
Gawain,14,78,0
Gawain,65,0,0
Gawain,14,97,0
Gawain,91,86,0
Gawain,88,78,0
Gawain,70,0,0
Gawain,8,70,0
Gawain,3,39,1
Gawain,48,61,0
Gawain,5,0,0
Gawain,24,49,0
Gawain,24,53,8
Gawain,87,26,24
Gawain,42,33,10
Gawain,25,42,0
Gawain,88,32,0
Gawain,54,3,0
Gawain,89,0,0
Gawain,65,76,0
Gawain,11,52,0
Gawain,33,0,0
Gawain,55,0,0
Gawain,47,0,0
Gawain,63,46,24
Gawain,75,75,0
Gawain,87,89,64
Gawain,76,0,0
Gawain,47,0,0
Gawain,55,0,0
Gawain,72,43,0
Gawain,17,0,0
Gawain,75,0,0
Gawain,15,20,1
Gawain,57,96,52
Gawain,52,2,1
Gawain,94,0,0
Gawain,2,20,2
Gawain,80,81,0
Gawain,35,0,0
Gawain,11,22,0
Gawain,27,0,0
Gawain,77,4,4
Gawain,51,61,0
Gawain,91,49,0
Gawain,50,7,0
Gawain,59,63,26
Gawain,48,25,0
Gawain,56,67,0
Gawain,96,68,18
Gawain,37,0,0
Gawain,87,23,0
Gawain,24,81,4
Gawain,53,38,11
Gawain,83,96,0
Gawain,22,0,0
Gawain,95,12,0
Gawain,21,0,0
Gawain,25,4,3
Gawain,11,32,9
Gawain,1,0,0
Gawain,35,0,0
Gawain,52,2,0
Gawain,14,100,0
Gawain,73,74,36
Gawain,25,0,0
Gawain,42,95,32
Gawain,100,0,0
Gawain,18,70,0
Gawain,66,86,0
Gawain,62,5,0
Gawain,52,69,50
Gawain,59,0,0
Gawain,93,41,0
Gawain,67,0,0
Gawain,39,100,17
Gawain,66,48,0
Gawain,93,45,0
Gawain,45,70,0
Gawain,62,0,0
Gawain,95,3,1
Gawain,68,74,0
Gawain,63,49,0
Gawain,11,0,0
Gawain,4,69,1
Gawain,53,65,0
Gawain,97,85,0
Gawain,26,75,2
Gawain,62,80,7
Gawain,27,0,0
Gawain,28,25,0
Gawain,53,0,0
Gawain,84,50,0
Gawain,9,76,0
Gawain,98,97,0
Gawain,9,0,0
Gawain,72,57,0
Gawain,14,86,0
Gawain,41,75,0
Gawain,75,11,0
Gawain,48,0,0
Gawain,2,64,0
Gawain,70,56,0
Gawain,87,85,0
Gawain,74,59,50
Gawain,24,34,0
Gawain,23,26,0
Gawain,8,0,0
Gawain,50,19,8
Gawain,27,34,0
Gawain,67,51,21
Gawain,82,0,0
Gawain,46,99,0
Gawain,35,21,19
Gawain,59,38,0
Gawain,37,0,0
Gawain,19,0,0
Gawain,28,86,0
Gawain,87,97,16
Gawain,71,88,0
Gawain,1,80,0
Gawain,43,0,0
Gawain,94,71,34
Gawain,28,53,0
Gawain,91,17,0
Gawain,81,71,50
Gawain,85,68,0
Gawain,12,0,0
Gawain,79,91,38
Gawain,9,52,0
Gawain,34,0,0
Gawain,7,0,0
Gawain,82,6,0
Gawain,12,27,0
Gawain,9,0,0
Gawain,15,72,0
Gawain,83,57,0
Gawain,95,44,22
Gawain,40,33,0
Gawain,97,71,0
Gawain,96,0,0
Gawain,43,11,0
Gawain,5,0,0
Gawain,18,0,0
Gawain,54,0,0
Gawain,10,95,10
Gawain,21,0,0
Gawain,7,49,0
Gawain,48,39,0
Gawain,99,53,27
Gawain,95,0,0
Gawain,94,17,0
Gawain,94,7,0
Gawain,70,61,6
Gawain,70,83,8
Gawain,99,0,0
Gawain,8,0,0
