Farmer_Name,Dimension 1,Dimension 2,Dimension 3
gawain,5,13,0
gawain,50,0,0
gawain,43,28,0
gawain,68,93,0
gawain,92,14,0
gawain,11,98,0
gawain,57,6,0
gawain,60,72,0
gawain,90,94,0
gawain,68,77,5
gawain,52,21,14
gawain,46,0,0
gawain,45,14,3
gawain,4,52,0
gawain,15,0,0
gawain,57,49,49
gawain,95,87,0
gawain,84,98,0
gawain,55,58,0
gawain,46,58,0
gawain,39,64,10
gawain,26,77,0
gawain,76,72,0
gawain,42,0,0
gawain,62,49,0
gawain,61,0,0
gawain,7,0,0
gawain,29,0,0
gawain,98,43,0
gawain,55,26,0
gawain,51,63,0
gawain,52,0,0
gawain,50,14,0
gawain,5,9,0
gawain,79,0,0
gawain,46,68,25
gawain,23,87,0
gawain,13,36,0
gawain,2,34,0
gawain,84,95,68
gawain,71,74,0
gawain,67,0,0
gawain,45,19,3
gawain,97,0,0
gawain,21,16,5
gawain,64,89,0
gawain,95,42,1
gawain,55,62,47
gawain,76,83,69
gawain,2,59,0
gawain,71,0,0
gawain,22,57,19
gawain,98,94,25
gawain,24,0,0
gawain,95,37,0
gawain,92,21,0
gawain,35,0,0
gawain,57,88,45
gawain,96,44,0
gawain,76,0,0
gawain,50,81,0
gawain,73,21,10
gawain,37,13,9
gawain,97,0,0
gawain,80,0,0
gawain,8,9,6
gawain,68,4,4
gawain,6,83,0
gawain,85,82,40
gawain,67,0,0
gawain,3,0,0
gawain,90,83,0
gawain,93,0,0
gawain,58,0,0
gawain,33,0,0
gawain,87,32,15
gawain,26,36,0
gawain,58,76,29
gawain,43,80,0
gawain,30,33,6
gawain,22,0,0
gawain,100,0,0
gawain,14,77,0
gawain,26,0,0
gawain,53,6,0
gawain,18,76,0
gawain,63,70,0
gawain,84,0,0
gawain,2,66,2
gawain,78,0,0
gawain,62,0,0
gawain,47,90,0
gawain,61,77,28
gawain,59,0,0
gawain,30,1,0
gawain,43,61,0
gawain,90,30,0
gawain,82,81,0
gawain,41,69,0
gawain,70,74,0
gawain,74,0,0
gawain,21,71,0
gawain,67,54,18
gawain,86,84,78
gawain,31,0,0
gawain,1,0,0
gawain,12,55,4
gawain,6,77,0
gawain,55,68,0
gawain,5,33,3
gawain,94,26,11
gawain,21,55,0
gawain,99,82,0
gawain,60,69,45
gawain,81,57,0
gawain,53,98,0
gawain,24,97,0
gawain,95,0,0
gawain,43,69,0
gawain,20,0,0
gawain,91,0,0
gawain,45,81,36
gawain,46,0,0
gawain,88,0,0
gawain,9,13,0
gawain,77,2,0
gawain,2,17,1
gawain,71,16,0
gawain,84,5,1
gawain,84,25,0
gawain,62,5,0
gawain,29,39,0
gawain,98,22,0
gawain,93,98,28
gawain,92,71,63
gawain,62,75,0
gawain,32,65,0
gawain,39,49,8
gawain,15,0,0
gawain,62,0,0
gawain,88,0,0
gawain,99,0,0
gawain,7,88,0
gawain,56,0,0
gawain,8,57,6
gawain,13,55,0
gawain,10,44,0
gawain,10,71,4
gawain,71,0,0
gawain,36,60,0
gawain,71,81,0
gawain,48,0,0
gawain,18,49,0
gawain,37,89,0
gawain,2,0,0
gawain,27,100,7
gawain,25,6,3
gawain,98,86,0
gawain,78,73,72
gawain,26,45,23
gawain,76,29,20
gawain,48,32,0
gawain,16,64,0
gawain,39,90,36
gawain,19,0,0
gawain,10,33,0
gawain,18,35,16
gawain,44,60,0
gawain,10,0,0
gawain,14,0,0
gawain,28,14,0
gawain,71,0,0
gawain,53,52,0
gawain,98,44,0
gawain,14,0,0
gawain,39,46,8
gawain,26,14,0
gawain,29,43,0
gawain,87,0,0
gawain,1,27,1
gawain,52,84,31
gawain,40,0,0
gawain,67,9,3
gawain,80,38,5
gawain,39,18,0
gawain,42,0,0
gawain,93,66,0
gawain,85,85,0
gawain,83,0,0
gawain,86,69,34
gawain,23,0,0
gawain,11,0,0
gawain,38,83,0
gawain,3,10,2
gawain,14,0,0
gawain,76,50,0
gawain,44,3,0
gawain,5,0,0
gawain,36,37,0
gawain,39,88,0
gawain,49,0,0
gawain,36,7,0
gawain,30,0,0
gawain,98,66,0
gawain,56,36,35
gawain,65,97,0
gawain,69,33,0
gawain,61,0,0
gawain,16,0,0
gawain,38,7,5
gawain,37,66,32
gawain,58,92,0
gawain,87,53,8
gawain,93,8,4
gawain,77,74,0
gawain,49,99,0
gawain,47,0,0
gawain,26,0,0
gawain,9,38,0
gawain,53,0,0
gawain,87,87,0
gawain,8,12,1
gawain,58,16,3
gawain,1,71,0
gawain,66,73,62
gawain,32,0,0
gawain,21,0,0
gawain,55,56,40
gawain,70,8,0
gawain,97,63,6
gawain,15,49,0
gawain,90,36,0
gawain,2,0,0
gawain,57,59,0
gawain,36,80,0
gawain,69,0,0
gawain,12,75,4
gawain,8,0,0
gawain,86,41,20
gawain,65,44,0
gawain,32,0,0
gawain,10,39,7
gawain,95,0,0
gawain,15,81,4
gawain,24,89,17
gawain,49,0,0
gawain,28,0,0
gawain,19,18,0
gawain,56,0,0
gawain,98,0,0
gawain,91,39,0
gawain,59,0,0
gawain,31,0,0
gawain,14,0,0
gawain,5,57,0
gawain,12,0,0
gawain,58,0,0
gawain,30,0,0
gawain,38,0,0
gawain,58,0,0
gawain,58,0,0
gawain,33,0,0
gawain,100,75,22
gawain,68,20,0
gawain,58,70,0
gawain,68,0,0
gawain,74,0,0
gawain,87,0,0
gawain,44,0,0
gawain,40,85,0
gawain,91,81,0
gawain,72,71,1
gawain,28,94,0
gawain,91,11,0
gawain,79,0,0
gawain,66,78,39
gawain,11,0,0
gawain,98,29,0
gawain,42,0,0
gawain,85,62,0
gawain,20,0,0
gawain,73,62,0
gawain,75,45,0
gawain,67,53,39
gawain,48,15,0
gawain,36,0,0
gawain,25,8,4
gawain,18,0,0
gawain,8,30,0
gawain,1,0,0
gawain,71,95,0
gawain,2,80,0
gawain,6,25,0
gawain,37,33,0
gawain,27,25,0
gawain,38,0,0
gawain,17,60,0
gawain,14,53,0
gawain,15,81,0
gawain,69,18,0
gawain,84,0,0
gawain,77,46,2
gawain,9,100,0
gawain,10,52,9
gawain,67,24,10
gawain,95,59,1
gawain,28,61,0
gawain,25,68,14
gawain,39,25,0
gawain,45,64,0
gawain,14,0,0
gawain,34,21,0
gawain,49,38,0
gawain,87,59,0
gawain,35,10,0
gawain,21,45,0
gawain,26,8,0
gawain,74,97,0
gawain,12,14,0
gawain,1,61,0
gawain,11,26,2
gawain,63,0,0
gawain,95,70,0
gawain,66,34,0
gawain,80,83,9
gawain,2,0,0
gawain,66,64,19
gawain,59,53,0
gawain,60,87,9
gawain,8,84,3
gawain,58,0,0
gawain,32,0,0
gawain,18,15,13
gawain,11,6,0
gawain,3,16,3
gawain,81,84,0
gawain,28,99,15
gawain,94,0,0
gawain,10,1,1
gawain,66,0,0
gawain,3,0,0
gawain,32,2,0
gawain,93,33,0
gawain,25,50,16
gawain,70,99,0
gawain,94,8,0
gawain,57,34,0
gawain,67,0,0
gawain,60,11,0
gawain,50,73,0
gawain,65,0,0
gawain,95,43,0
gawain,71,57,48
gawain,66,0,0
gawain,2,1,0
gawain,15,13,12
gawain,39,47,0
gawain,16,0,0
gawain,45,99,0
gawain,82,0,0
gawain,51,20,0
gawain,10,15,6
gawain,94,0,0
gawain,4,1,0
gawain,88,90,0
gawain,62,46,0
gawain,1,85,0
gawain,51,0,0
gawain,100,37,12
gawain,47,0,0
gawain,1,0,0
gawain,46,100,25
gawain,80,30,27
gawain,86,3,1
gawain,18,0,0
gawain,97,15,0
gawain,43,13,0
gawain,69,24,0
gawain,76,0,0
gawain,7,36,0
gawain,95,73,0
gawain,43,87,0
gawain,71,76,0
gawain,92,93,80
gawain,96,3,0
gawain,5,94,0
gawain,69,37,21
gawain,46,0,0
gawain,8,0,0
gawain,79,0,0
gawain,6,33,0
gawain,79,98,0
gawain,36,71,33
gawain,19,0,0
gawain,32,77,27
gawain,57,0,0
gawain,98,35,24
gawain,69,73,26
gawain,20,67,0
gawain,51,75,0
gawain,96,0,0
gawain,20,0,0
gawain,8,100,0
gawain,55,97,0
gawain,25,0,0
gawain,52,0,0
gawain,81,34,26
gawain,37,0,0
gawain,86,0,0
gawain,24,0,0
gawain,79,17,8
gawain,27,5,0
gawain,91,99,42
gawain,81,13,0
gawain,75,88,0
gawain,95,78,0
gawain,20,64,0
gawain,95,34,0
gawain,21,0,0
gawain,29,29,0
gawain,70,13,0
gawain,82,21,0
gawain,34,0,0
gawain,1,0,0
gawain,100,30,4
gawain,79,99,0
gawain,84,21,0
gawain,45,81,10
gawain,96,95,0
gawain,63,77,0
gawain,45,12,0
gawain,28,0,0
gawain,57,0,0
gawain,21,83,5
gawain,97,0,0
gawain,99,0,0
gawain,82,0,0
gawain,43,89,28
gawain,55,63,0
gawain,62,59,0
gawain,11,0,0
gawain,96,48,0
gawain,72,10,1
gawain,86,0,0
gawain,54,80,12
gawain,16,0,0
gawain,91,88,29
gawain,14,7,0
gawain,90,92,16
gawain,59,0,0
gawain,30,28,5
gawain,62,0,0
gawain,88,0,0
gawain,36,67,0
gawain,13,96,0
gawain,35,3,0
gawain,58,76,58
gawain,37,62,37
gawain,29,46,14
gawain,7,95,2
gawain,61,0,0
gawain,18,45,0
gawain,21,0,0
gawain,36,82,29
gawain,28,0,0
gawain,89,52,0
gawain,64,98,0
gawain,82,92,0
gawain,97,0,0
gawain,97,44,0
gawain,33,52,6
gawain,22,0,0
gawain,70,0,0
gawain,74,0,0
gawain,72,29,0
gawain,93,0,0
gawain,77,97,45
gawain,27,9,0
gawain,58,0,0
gawain,46,46,0
gawain,47,0,0
gawain,39,72,3
gawain,19,2,2
gawain,66,0,0
gawain,22,39,0
gawain,44,69,0
gawain,32,32,3
gawain,72,0,0
gawain,40,87,14
gawain,31,33,0
gawain,46,71,41
gawain,3,52,0
gawain,41,0,0
gawain,29,13,3
gawain,38,99,0
gawain,20,32,11
gawain,8,28,3
gawain,74,8,0
gawain,96,34,34
gawain,50,0,0
gawain,6,73,0
gawain,48,54,25
gawain,99,34,0
gawain,96,46,0
gawain,94,31,0
gawain,88,68,0
gawain,21,11,2
gawain,79,0,0
gawain,80,57,14
gawain,8,75,2
gawain,5,38,5
gawain,42,44,35
gawain,63,22,0
gawain,78,54,34
gawain,12,68,12
gawain,12,15,0
gawain,68,64,48
gawain,23,58,0
gawain,39,0,0
gawain,53,18,0
gawain,53,0,0
gawain,90,66,0
gawain,21,44,11
gawain,12,0,0
gawain,1,0,0
gawain,66,0,0
gawain,62,0,0
gawain,37,63,0
gawain,4,63,0
gawain,68,89,1
gawain,12,73,0
gawain,43,72,40
gawain,47,26,10
gawain,99,50,0
gawain,68,68,15
gawain,74,0,0
gawain,38,45,0
gawain,46,0,0
gawain,87,43,0
gawain,24,57,0
gawain,85,60,0
gawain,55,94,47
gawain,35,0,0
gawain,28,86,0
gawain,34,0,0
gawain,79,93,24
gawain,51,46,0
gawain,76,1,1
gawain,97,61,16
gawain,13,27,0
gawain,95,78,68
gawain,55,0,0
gawain,90,86,55
gawain,2,16,0
gawain,92,0,0
gawain,69,0,0
gawain,90,0,0
gawain,56,15,0
gawain,33,26,13
gawain,63,0,0
gawain,22,73,0
gawain,30,25,0
gawain,58,0,0
gawain,12,88,0
gawain,88,54,0
gawain,88,2,0
gawain,31,52,0
gawain,12,44,11
gawain,74,60,0
gawain,54,4,0
gawain,39,22,0
gawain,11,57,0
gawain,27,95,0
gawain,8,0,0
gawain,41,0,0
gawain,97,66,0
gawain,91,74,0
gawain,36,41,0
gawain,12,85,0
gawain,4,54,0
gawain,47,5,0
gawain,24,81,2
gawain,52,39,0
gawain,39,0,0
gawain,62,0,0
gawain,9,43,0
gawain,90,62,0
gawain,91,2,1
gawain,35,38,6
gawain,27,56,0
gawain,83,1,1
gawain,20,35,0
gawain,88,65,0
gawain,52,0,0
gawain,46,96,0
gawain,71,20,2
gawain,56,0,0
gawain,94,0,0
gawain,18,0,0
gawain,62,48,32
gawain,40,88,0
gawain,69,0,0
gawain,11,83,0
gawain,63,61,0
gawain,58,59,0
gawain,58,0,0
gawain,76,77,62
gawain,25,0,0
gawain,90,84,9
gawain,11,73,7
gawain,88,100,0
gawain,74,1,1
gawain,58,85,0
gawain,93,25,21
gawain,67,67,0
gawain,51,12,0
gawain,26,47,0
gawain,53,41,7
gawain,55,93,0
gawain,28,74,7
gawain,8,59,0
gawain,40,33,0
gawain,6,97,0
gawain,38,85,0
gawain,15,0,0
gawain,29,30,9
gawain,35,0,0
gawain,75,0,0
gawain,91,52,25
gawain,40,0,0
gawain,63,0,0
gawain,44,0,0
gawain,21,0,0
gawain,99,72,0
gawain,68,38,25
gawain,39,27,0
gawain,69,0,0
gawain,8,4,4
gawain,81,84,37
gawain,24,49,23
gawain,6,77,6
gawain,32,89,16
gawain,1,0,0
gawain,1,47,0
gawain,88,19,0
gawain,98,79,0
gawain,73,0,0
gawain,89,88,0
gawain,54,0,0
gawain,80,50,0
gawain,50,68,0
gawain,77,0,0
gawain,96,41,2
gawain,99,0,0
gawain,9,31,0
gawain,9,0,0
gawain,39,1,0
gawain,45,93,37
gawain,53,0,0
gawain,45,0,0
gawain,41,51,0
gawain,40,63,0
gawain,68,26,0
gawain,41,22,2
gawain,34,0,0
gawain,41,0,0
gawain,17,8,7
gawain,52,83,47
gawain,39,29,0
gawain,4,81,0
gawain,88,19,0
gawain,33,44,0
gawain,58,0,0
gawain,39,0,0
gawain,81,4,0
gawain,46,0,0
gawain,96,0,0
gawain,23,62,13
gawain,26,89,5
gawain,34,0,0
gawain,51,97,0
gawain,26,34,8
gawain,81,57,13
gawain,12,77,9
gawain,62,86,56
gawain,82,0,0
gawain,92,0,0
gawain,49,0,0
gawain,95,99,0
gawain,8,82,7
gawain,53,94,0
gawain,3,0,0
gawain,76,17,1
gawain,83,0,0
gawain,79,0,0
gawain,22,0,0
gawain,10,1,1
gawain,35,0,0
gawain,35,97,0
gawain,85,4,0
gawain,88,29,0
gawain,38,95,0
gawain,78,93,0
gawain,70,67,8
gawain,94,52,22
gawain,14,0,0
gawain,73,0,0
gawain,52,41,6
gawain,81,33,1
gawain,47,86,0
gawain,94,94,31
gawain,73,0,0
gawain,62,0,0
gawain,89,42,0
gawain,16,85,3
gawain,48,89,0
gawain,73,100,71
gawain,32,67,0
gawain,56,2,2
gawain,5,0,0
gawain,41,0,0
gawain,88,78,76
gawain,61,16,9
gawain,28,25,0
gawain,39,0,0
gawain,36,20,13
gawain,33,0,0
gawain,64,36,36
gawain,39,84,0
gawain,82,23,0
gawain,80,0,0
gawain,23,90,15
gawain,66,0,0
gawain,12,51,2
gawain,31,37,0
gawain,93,99,0
gawain,56,0,0
gawain,73,0,0
gawain,63,96,0
gawain,42,91,37
gawain,89,46,0
gawain,34,70,0
gawain,76,37,26
gawain,35,37,0
gawain,31,0,0
gawain,10,86,0
gawain,81,30,0
gawain,40,45,34
gawain,69,74,0
gawain,94,28,22
gawain,15,64,0
gawain,64,0,0
gawain,53,0,0
gawain,49,0,0
gawain,73,30,18
gawain,55,0,0
gawain,76,68,33
gawain,5,0,0
gawain,83,74,24
gawain,30,98,7
gawain,89,29,0
gawain,49,81,6
gawain,31,2,1
gawain,60,0,0
gawain,27,0,0
gawain,66,35,13
gawain,72,0,0
gawain,86,0,0
gawain,82,47,4
gawain,88,0,0
gawain,18,95,15
gawain,59,44,6
gawain,82,0,0
gawain,78,0,0
gawain,14,12,11
gawain,26,24,0
gawain,19,78,0
gawain,86,0,0
gawain,51,0,0
gawain,56,0,0
gawain,8,99,0
gawain,96,0,0
gawain,86,14,0
gawain,100,72,0
gawain,72,50,0
gawain,28,58,0
gawain,95,73,0
gawain,88,27,0
gawain,67,8,1
gawain,17,31,10
gawain,54,16,0
gawain,49,94,0
gawain,35,0,0
gawain,1,19,0
gawain,65,0,0
gawain,7,0,0
gawain,31,0,0
gawain,58,45,0
gawain,41,0,0
gawain,92,0,0
gawain,59,8,0
gawain,94,0,0
gawain,26,100,0
gawain,11,11,2
gawain,54,57,0
gawain,61,12,0
gawain,78,0,0
gawain,28,39,2
gawain,36,80,0
gawain,46,84,0
gawain,89,87,0
gawain,95,46,0
gawain,86,63,0
gawain,29,0,0
gawain,84,0,0
gawain,82,68,60
gawain,44,57,40
gawain,76,0,0
gawain,31,84,0
gawain,99,0,0
gawain,91,0,0
gawain,40,67,0
gawain,76,44,0
gawain,42,91,6
gawain,17,69,8
gawain,33,14,10
gawain,78,18,0
gawain,6,11,4
gawain,35,100,28
gawain,62,44,0
gawain,58,40,0
gawain,56,13,0
gawain,71,0,0
gawain,87,11,10
gawain,60,50,11
gawain,18,0,0
gawain,3,93,0
gawain,51,23,20
gawain,18,16,3
gawain,2,81,2
gawain,65,0,0
gawain,79,60,0
gawain,70,79,0
gawain,10,41,0
gawain,81,91,0
gawain,92,0,0
gawain,81,0,0
gawain,4,84,0
gawain,22,87,20
gawain,90,56,9
gawain,77,51,0
gawain,27,98,0
gawain,36,54,0
gawain,69,39,0
gawain,90,9,0
gawain,86,0,0
gawain,54,0,0
gawain,20,90,9
gawain,74,98,0
gawain,19,0,0
gawain,54,34,1
gawain,13,87,10
gawain,79,65,0
gawain,44,0,0
gawain,75,75,0
gawain,91,0,0
gawain,45,33,21
gawain,63,35,0
gawain,63,0,0
gawain,19,69,0
gawain,44,0,0
gawain,6,7,0
gawain,77,51,0
gawain,82,47,7
gawain,17,0,0
gawain,45,51,5
gawain,4,0,0
gawain,94,97,0
gawain,60,0,0
gawain,44,7,3
gawain,31,30,0
gawain,30,6,5
gawain,54,96,0
gawain,1,0,0
gawain,49,29,0
gawain,26,93,0
gawain,61,95,0
gawain,33,52,31
gawain,21,0,0
gawain,40,63,17
gawain,76,34,0
gawain,87,81,0
gawain,6,63,0
gawain,39,79,27
gawain,92,45,0
gawain,94,0,0
gawain,31,0,0
gawain,28,0,0
gawain,32,0,0
gawain,40,39,6
gawain,25,75,0
gawain,41,73,0
gawain,8,31,0
gawain,74,90,0
gawain,41,0,0
gawain,55,0,0
gawain,89,3,0
gawain,49,42,0
gawain,72,0,0
gawain,39,0,0
gawain,41,46,0
gawain,94,82,0
gawain,57,0,0
gawain,4,46,1
gawain,88,3,0
gawain,16,61,3
gawain,45,42,0
gawain,42,61,26
gawain,15,58,12
gawain,48,33,1
gawain,44,0,0
gawain,29,49,0
gawain,12,7,7
gawain,95,0,0
gawain,46,66,0
gawain,1,0,0
gawain,24,62,13
gawain,77,0,0
gawain,76,0,0
gawain,74,21,7
gawain,95,63,0
gawain,61,0,0
gawain,42,0,0
gawain,65,69,14
gawain,5,48,0
gawain,54,85,0
gawain,28,88,0
gawain,25,73,0
gawain,99,40,0
gawain,70,0,0
gawain,77,87,19
gawain,90,56,0
gawain,95,0,0
gawain,45,0,0
gawain,16,39,13
gawain,49,10,0
gawain,50,13,0
gawain,52,75,0
gawain,19,8,0
gawain,59,58,0
gawain,40,84,0
gawain,24,41,1
gawain,16,35,0
gawain,33,0,0
gawain,87,7,0
gawain,60,53,0
gawain,50,84,0
gawain,52,36,3
gawain,69,57,0
gawain,26,88,18
gawain,91,0,0
gawain,60,13,7
gawain,97,32,0
gawain,69,0,0
gawain,40,42,0
gawain,25,96,19
gawain,28,44,0
gawain,60,74,31
gawain,23,50,20
gawain,49,28,0
gawain,11,40,5
gawain,73,93,0
gawain,11,27,0
gawain,91,37,9
gawain,88,58,0
gawain,29,0,0
gawain,71,88,0
gawain,21,7,0
gawain,72,35,0
gawain,64,77,14
gawain,73,93,0
gawain,14,26,4
gawain,80,0,0
gawain,49,84,0
gawain,5,24,0
gawain,68,67,0
gawain,22,0,0
gawain,27,79,0
gawain,83,0,0
gawain,85,45,27
gawain,42,1,0
gawain,70,16,4
gawain,37,56,0
gawain,22,42,0
gawain,45,86,0
gawain,32,63,0
gawain,69,0,0
gawain,53,76,0
gawain,15,0,0
gawain,76,0,0
gawain,32,31,12
gawain,98,37,0
gawain,84,0,0
gawain,5,5,0
gawain,86,74,0
gawain,5,0,0
gawain,6,32,0
gawain,29,46,0
gawain,9,44,6
gawain,57,0,0
gawain,62,0,0
gawain,18,2,0
gawain,69,0,0
gawain,97,84,0
gawain,31,71,26
gawain,33,98,17
gawain,58,0,0
gawain,98,62,61
gawain,75,0,0
gawain,41,42,0
gawain,61,0,0
gawain,21,80,15
gawain,57,0,0
gawain,36,0,0
gawain,64,0,0
gawain,27,0,0
gawain,84,30,16
gawain,83,0,0
gawain,89,64,54
gawain,1,0,0
gawain,45,0,0
gawain,81,92,0
gawain,69,20,0
gawain,87,31,24
gawain,23,82,0
gawain,61,68,35
gawain,85,0,0
gawain,85,0,0
gawain,7,20,5
gawain,86,48,6
gawain,82,6,0
gawain,50,94,0
gawain,77,0,0
gawain,54,52,0
gawain,40,44,0
gawain,1,91,1
gawain,2,15,0
gawain,39,0,0
gawain,80,0,0
gawain,73,0,0
gawain,62,0,0
gawain,61,0,0
gawain,29,12,7
gawain,86,0,0
gawain,93,42,0
gawain,42,8,0
gawain,2,69,0
gawain,52,68,0
gawain,99,78,0
gawain,1,0,0
gawain,44,86,0
gawain,91,8,1
gawain,57,77,42
gawain,28,52,2
gawain,95,35,0
gawain,63,91,0
gawain,63,40,13
gawain,15,30,0
gawain,53,66,0
gawain,57,0,0
gawain,88,0,0
gawain,9,72,5
gawain,12,66,5
gawain,83,0,0
gawain,8,0,0
gawain,55,57,49
gawain,48,21,18
gawain,9,85,2
gawain,82,0,0
gawain,1,96,0
gawain,8,0,0
gawain,62,0,0
gawain,82,0,0
gawain,77,0,0
gawain,11,22,4
gawain,44,0,0
gawain,53,31,0
gawain,72,0,0
gawain,2,0,0
gawain,21,65,7
gawain,60,51,12
gawain,42,26,0
gawain,84,1,0
gawain,25,0,0
gawain,79,24,16
gawain,75,89,0
gawain,38,30,0
gawain,64,25,14
gawain,81,0,0
gawain,80,0,0
gawain,11,26,0
gawain,7,0,0
gawain,46,63,38
gawain,18,99,0
gawain,37,46,18
gawain,34,0,0
gawain,7,38,1
gawain,62,0,0
gawain,87,47,24
gawain,72,87,26
gawain,49,21,21
gawain,67,0,0
gawain,70,57,23
gawain,68,44,0
gawain,45,17,13
gawain,7,0,0
gawain,60,0,0
gawain,48,0,0
gawain,34,97,15
gawain,9,0,0
gawain,80,65,29
gawain,35,0,0
gawain,47,42,9
gawain,59,38,22
gawain,1,52,1
gawain,69,29,5
gawain,77,0,0
gawain,55,0,0
gawain,71,1,0
gawain,14,0,0
gawain,59,3,0
gawain,45,60,0
gawain,22,59,0
gawain,99,7,4
gawain,99,23,17
gawain,46,81,40
gawain,39,74,0
gawain,59,47,0
gawain,34,0,0
gawain,36,41,32
gawain,19,0,0
gawain,25,90,0
gawain,54,99,0
gawain,59,73,0
gawain,48,46,0
gawain,18,0,0
gawain,68,86,39
gawain,61,49,47
gawain,38,82,31
gawain,6,91,4
gawain,60,45,0
gawain,29,75,0
gawain,16,42,12
gawain,24,0,0
gawain,96,0,0
gawain,66,0,0
gawain,38,0,0
gawain,38,13,0
gawain,76,12,0
gawain,30,97,22
gawain,89,2,1
gawain,13,0,0
gawain,40,0,0
gawain,66,45,33
gawain,99,21,20
gawain,16,90,0
gawain,61,41,34
gawain,17,97,0
gawain,12,0,0
gawain,82,4,0
gawain,14,69,4
gawain,48,0,0
gawain,27,0,0
gawain,68,0,0
gawain,66,13,8
gawain,15,0,0
gawain,82,100,0
gawain,63,39,0
gawain,77,83,60
gawain,14,55,0
gawain,48,2,0
gawain,69,66,0
gawain,23,86,12
gawain,72,2,2
gawain,82,0,0
gawain,45,23,11
gawain,7,22,1
gawain,59,0,0
gawain,35,74,0
gawain,17,96,0
gawain,71,0,0
gawain,27,85,1
gawain,60,41,0
gawain,81,0,0
gawain,80,37,2
gawain,76,12,0
gawain,73,61,0
gawain,79,97,23
gawain,41,26,0
gawain,25,15,0
gawain,43,0,0
gawain,41,0,0
gawain,14,51,0
gawain,58,58,0
gawain,25,54,0
gawain,33,42,17
gawain,5,0,0
gawain,48,46,45
gawain,59,0,0
gawain,95,0,0
gawain,39,0,0
gawain,46,46,0
gawain,21,0,0
gawain,12,0,0
gawain,40,97,0
gawain,16,0,0
gawain,84,62,0
gawain,10,98,0
gawain,84,0,0
gawain,67,52,0
gawain,22,0,0
gawain,89,99,0
gawain,34,60,0
gawain,2,34,0
gawain,45,0,0
gawain,68,11,0
gawain,8,57,0
gawain,92,0,0
gawain,74,37,35
gawain,8,0,0
gawain,23,46,8
gawain,3,0,0
gawain,74,22,0
gawain,2,63,1
gawain,41,77,0
gawain,17,72,0
gawain,31,44,0
gawain,43,37,0
gawain,44,0,0
gawain,84,33,0
gawain,89,0,0
gawain,84,85,0
gawain,11,3,0
gawain,64,87,0
gawain,44,13,0
gawain,81,0,0
gawain,74,59,0
gawain,87,0,0
gawain,82,5,3
gawain,24,64,0
gawain,12,64,0
gawain,23,93,10
gawain,2,0,0
gawain,12,0,0
gawain,9,48,0
gawain,29,0,0
gawain,11,68,4
gawain,4,22,2
gawain,9,39,4
gawain,28,0,0
gawain,47,39,10
gawain,81,0,0
gawain,59,59,41
gawain,49,92,0
gawain,84,0,0
gawain,26,36,0
gawain,49,4,4
gawain,63,0,0
gawain,29,26,0
gawain,22,99,0
gawain,36,0,0
gawain,94,0,0
gawain,29,78,0
gawain,4,86,4
gawain,81,6,0
gawain,32,11,0
gawain,33,24,6
gawain,24,24,24
gawain,76,0,0
gawain,73,34,0
gawain,26,49,18
gawain,71,24,0
gawain,66,10,0
gawain,34,0,0
gawain,86,0,0
gawain,76,55,37
gawain,86,81,0
gawain,30,0,0
gawain,76,80,50
gawain,76,86,0
gawain,14,0,0
gawain,18,50,0
gawain,26,0,0
gawain,56,3,0
gawain,33,0,0
gawain,91,74,0
gawain,47,40,0
gawain,63,82,0
gawain,52,0,0
gawain,36,69,0
gawain,93,50,28
gawain,10,0,0
gawain,53,94,0
gawain,83,27,24
gawain,93,11,0
gawain,68,73,0
gawain,38,75,0
gawain,66,69,0
gawain,72,0,0
gawain,89,0,0
gawain,18,97,0
gawain,65,0,0
gawain,37,40,9
gawain,13,79,13
gawain,48,0,0
gawain,31,42,0
gawain,86,30,8
gawain,91,71,62
gawain,50,0,0
gawain,88,2,0
gawain,59,38,36
gawain,56,69,9
gawain,73,81,0
gawain,53,50,0
gawain,40,84,0
gawain,46,62,0
gawain,87,79,0
gawain,26,0,0
gawain,70,77,19
gawain,21,0,0
gawain,64,0,0
gawain,57,71,57
gawain,9,0,0
gawain,8,11,0
gawain,88,10,0
gawain,19,92,13
gawain,94,86,0
gawain,19,52,0
gawain,41,0,0
gawain,95,83,69
gawain,86,0,0
gawain,96,31,11
gawain,36,41,0
gawain,63,0,0
gawain,76,90,0
gawain,34,45,7
gawain,13,37,7
gawain,65,0,0
gawain,80,0,0
gawain,43,34,0
gawain,59,0,0
gawain,15,0,0
gawain,90,0,0
gawain,57,2,2
gawain,37,0,0
gawain,83,3,2
gawain,77,0,0
gawain,77,0,0
gawain,99,77,0
gawain,33,0,0
gawain,63,76,48
gawain,63,78,0
gawain,83,47,0
gawain,39,59,0
gawain,70,79,0
gawain,97,0,0
gawain,4,0,0
gawain,14,14,0
gawain,21,31,0
gawain,8,23,0
gawain,11,0,0
gawain,39,24,0
gawain,68,0,0
gawain,10,84,0
gawain,40,16,6
gawain,51,0,0
gawain,10,42,5
gawain,35,0,0
gawain,28,0,0
gawain,59,16,0
gawain,8,0,0
gawain,44,72,31
gawain,75,40,31
gawain,9,45,4
gawain,8,4,0
gawain,32,0,0
gawain,4,7,0
gawain,74,29,0
gawain,8,29,0
gawain,74,19,16
gawain,93,10,0
gawain,44,71,30
gawain,3,78,2
gawain,68,22,0
gawain,70,41,5
gawain,69,29,0
gawain,53,0,0
gawain,37,18,10
gawain,48,65,0
gawain,64,26,3
gawain,96,0,0
gawain,47,0,0
gawain,53,46,3
gawain,73,0,0
gawain,51,59,0
gawain,16,0,0
gawain,44,35,8
gawain,3,73,1
gawain,20,0,0
gawain,16,0,0
gawain,35,0,0
gawain,64,3,1
gawain,74,66,7
gawain,21,0,0
gawain,89,0,0
gawain,79,33,0
gawain,28,0,0
gawain,44,0,0
gawain,95,0,0
gawain,75,82,20
gawain,54,0,0
gawain,81,1,0
gawain,49,55,0
gawain,49,64,0
gawain,46,3,0
gawain,90,0,0
gawain,97,76,0
gawain,86,61,0
gawain,21,0,0
gawain,3,0,0
gawain,43,91,34
gawain,79,64,38
gawain,62,83,0
gawain,74,0,0
gawain,14,34,0
gawain,78,0,0
gawain,55,41,0
gawain,97,0,0
gawain,32,71,0
gawain,18,85,17
gawain,24,0,0
gawain,16,72,0
gawain,86,0,0
gawain,86,60,0
gawain,65,57,0
gawain,25,0,0
gawain,14,74,0
gawain,67,20,0
gawain,27,80,0
gawain,29,43,22
gawain,51,92,0
gawain,7,0,0
gawain,95,0,0
gawain,37,28,0
gawain,70,0,0
gawain,75,0,0
gawain,100,60,0
gawain,42,71,39
gawain,53,0,0
gawain,16,84,12
gawain,93,0,0
gawain,66,0,0
gawain,74,14,3
gawain,66,0,0
gawain,90,0,0
gawain,96,52,0
gawain,37,4,2
gawain,60,0,0
gawain,38,90,0
gawain,85,0,0
gawain,57,0,0
gawain,9,0,0
gawain,75,85,0
gawain,46,32,4
gawain,11,0,0
gawain,80,42,32
gawain,35,3,3
gawain,49,9,0
gawain,65,0,0
gawain,8,32,0
gawain,33,18,14
gawain,54,0,0
gawain,23,0,0
gawain,50,28,0
gawain,5,32,0
gawain,47,44,0
gawain,71,0,0
gawain,6,44,0
gawain,59,72,0
gawain,53,6,5
gawain,48,0,0
gawain,13,0,0
gawain,19,95,0
gawain,88,0,0
gawain,62,78,0
gawain,56,18,0
gawain,79,44,5
gawain,25,0,0
gawain,41,0,0
gawain,21,23,0
gawain,20,73,0
gawain,67,92,0
gawain,3,93,3
gawain,55,0,0
gawain,100,77,0
gawain,56,36,0
gawain,55,39,35
gawain,87,0,0
gawain,52,52,0
gawain,27,96,0
gawain,64,27,11
gawain,28,52,0
gawain,50,89,0
gawain,58,60,0
gawain,72,0,0
gawain,25,65,0
gawain,5,85,5
gawain,42,61,0
gawain,37,0,0
gawain,32,0,0
gawain,38,0,0
gawain,72,83,64
gawain,41,54,0
gawain,65,45,0
gawain,19,25,0
gawain,36,51,29
gawain,69,49,0
gawain,9,36,4
gawain,55,0,0
gawain,26,0,0
gawain,5,58,4
gawain,95,22,22
gawain,100,44,28
gawain,1,59,1
gawain,82,21,0
gawain,60,0,0
gawain,14,44,0
gawain,51,48,0
gawain,28,0,0
gawain,86,6,0
gawain,47,98,0
gawain,81,6,0
gawain,61,0,0
gawain,46,4,0
gawain,93,79,0
gawain,9,30,0
gawain,32,84,0
gawain,51,0,0
gawain,33,0,0
gawain,87,79,0
gawain,65,51,26
gawain,6,21,0
gawain,70,44,0
gawain,35,0,0
gawain,37,22,0
gawain,69,0,0
gawain,69,0,0
gawain,74,72,59
gawain,3,4,1
gawain,66,12,12
gawain,71,67,0
gawain,25,87,0
gawain,51,0,0
gawain,15,54,0
gawain,11,17,0
gawain,66,17,0
gawain,15,67,0
gawain,35,97,21
gawain,90,0,0
gawain,16,0,0
gawain,98,0,0
gawain,44,78,0
gawain,25,52,0
gawain,97,0,0
gawain,28,0,0
gawain,16,63,0
gawain,81,22,2
gawain,100,0,0
gawain,7,7,0
gawain,2,93,1
gawain,27,16,12
gawain,77,10,0
gawain,83,68,0
gawain,17,78,9
gawain,15,26,0
gawain,30,0,0
gawain,55,45,0
gawain,22,40,0
gawain,99,31,23
gawain,59,72,0
gawain,45,64,0
gawain,98,18,0
gawain,8,84,2
gawain,33,96,0
gawain,50,100,0
gawain,35,60,12
gawain,55,7,0
gawain,20,59,0
gawain,33,42,0
gawain,70,0,0
gawain,91,80,74
gawain,72,94,63
gawain,81,52,7
gawain,85,0,0
gawain,28,72,0
gawain,88,0,0
gawain,3,0,0
gawain,33,0,0
gawain,13,5,0
gawain,51,97,0
gawain,92,88,79
gawain,85,50,39
gawain,9,0,0
gawain,15,75,0
gawain,92,19,19
gawain,5,62,0
gawain,22,0,0
gawain,94,34,0
gawain,6,37,5
gawain,85,2,0
gawain,52,0,0
gawain,90,89,0
gawain,64,21,0
gawain,57,86,0
gawain,76,57,3
gawain,70,96,0
gawain,92,0,0
gawain,93,0,0
gawain,55,0,0
gawain,75,57,0
gawain,70,32,0
gawain,29,0,0
gawain,46,52,0
gawain,16,0,0
gawain,14,0,0
gawain,12,0,0
gawain,37,65,0
gawain,58,44,0
gawain,4,0,0
gawain,88,65,0
gawain,60,73,0
gawain,78,14,0
gawain,28,36,0
gawain,10,0,0
gawain,96,51,0
gawain,34,58,2
gawain,90,46,0
gawain,64,86,11
gawain,90,0,0
gawain,54,0,0
gawain,34,53,0
gawain,35,0,0
gawain,38,0,0
gawain,53,65,0
gawain,2,0,0
gawain,97,0,0
gawain,25,44,0
gawain,86,99,0
gawain,69,0,0
gawain,89,0,0
gawain,65,0,0
gawain,62,0,0
gawain,49,6,3
gawain,25,68,0
gawain,4,0,0
gawain,67,0,0
gawain,87,0,0
gawain,81,90,60
gawain,52,0,0
gawain,3,0,0
gawain,72,0,0
gawain,38,86,0
gawain,77,0,0
gawain,82,35,0
gawain,69,57,4
gawain,23,2,0
gawain,57,1,1
gawain,17,25,0
gawain,9,42,0
gawain,84,96,0
gawain,52,77,0
gawain,12,10,0
gawain,35,20,14
gawain,21,0,0
gawain,96,41,26
gawain,92,43,0
gawain,70,10,4
gawain,6,87,0
gawain,41,24,0
gawain,84,0,0
gawain,9,0,0
gawain,91,15,6
gawain,57,14,12
gawain,3,1,0
gawain,23,28,0
gawain,62,72,0
gawain,5,62,0
gawain,82,74,0
gawain,74,86,0
gawain,49,58,0
gawain,54,62,53
gawain,68,2,0
gawain,95,82,69
gawain,49,0,0
gawain,92,20,0
gawain,78,44,0
gawain,3,19,1
gawain,72,0,0
gawain,95,87,15
gawain,54,0,0
gawain,11,31,0
gawain,99,45,9
gawain,13,0,0
gawain,64,64,0
gawain,43,5,0
gawain,7,53,0
gawain,4,0,0
gawain,37,78,34
gawain,82,41,9
gawain,80,34,9
gawain,11,54,0
gawain,41,40,32
gawain,94,0,0
gawain,55,83,43
gawain,2,48,0
gawain,59,48,0
gawain,94,19,10
gawain,49,60,0
gawain,51,0,0
gawain,75,0,0
gawain,75,25,10
gawain,50,1,0
gawain,59,92,0
gawain,25,70,0
gawain,91,35,17
gawain,99,70,0
gawain,74,9,0
gawain,53,0,0
gawain,67,68,46
gawain,24,52,8
gawain,58,77,43
gawain,11,31,11
gawain,93,28,0
gawain,8,61,0
gawain,99,9,0
gawain,85,0,0
gawain,91,0,0
gawain,27,43,12
gawain,16,0,0
gawain,90,54,54
gawain,31,7,1
gawain,55,38,0
gawain,56,0,0
gawain,89,71,0
gawain,94,13,4
gawain,49,43,5
gawain,69,32,32
gawain,65,96,35
gawain,1,10,0
gawain,34,0,0
gawain,33,15,4
gawain,49,9,0
gawain,8,74,6
gawain,29,90,6
gawain,4,44,4
gawain,12,0,0
gawain,28,0,0
gawain,4,41,3
gawain,57,81,0
gawain,47,64,0
gawain,96,0,0
gawain,48,2,0
gawain,15,60,0
gawain,89,79,0
gawain,31,0,0
gawain,87,88,0
gawain,44,1,0
gawain,26,33,0
gawain,67,2,1
gawain,17,0,0
gawain,47,37,19
gawain,51,0,0
gawain,22,36,0
gawain,63,0,0
gawain,52,10,0
gawain,68,80,0
gawain,55,2,0
gawain,15,73,0
gawain,41,49,0
gawain,92,48,13
gawain,28,37,0
gawain,88,0,0
gawain,20,53,17
gawain,38,0,0
gawain,14,0,0
gawain,86,70,0
gawain,94,77,0
gawain,5,0,0
gawain,83,0,0
gawain,61,0,0
gawain,9,84,0
gawain,68,51,19
gawain,12,82,9
gawain,68,63,50
gawain,14,34,0
gawain,51,16,0
gawain,47,51,6
gawain,21,64,0
gawain,49,35,10
gawain,9,34,0
gawain,100,78,72
gawain,65,0,0
gawain,63,50,0
gawain,72,44,0
gawain,71,26,19
gawain,100,52,43
gawain,15,73,0
gawain,20,30,0
gawain,17,39,0
gawain,96,0,0
gawain,63,0,0
gawain,58,76,40
gawain,76,0,0
gawain,88,10,0
gawain,8,53,0
gawain,97,79,0
gawain,93,42,0
gawain,86,0,0
gawain,78,76,36
gawain,11,21,9
gawain,32,82,0
gawain,3,45,1
gawain,15,84,0
gawain,60,2,1
gawain,44,87,0
gawain,92,78,0
gawain,29,43,22
gawain,77,77,0
gawain,5,55,5
gawain,7,0,0
gawain,33,99,0
gawain,18,62,0
gawain,88,0,0
gawain,85,86,0
gawain,7,0,0
gawain,15,76,0
gawain,62,81,0
gawain,8,0,0
gawain,55,84,0
gawain,37,36,27
gawain,63,56,0
gawain,14,57,0
gawain,44,0,0
gawain,82,46,0
gawain,26,1,1
gawain,28,53,24
gawain,81,33,0
gawain,6,0,0
gawain,59,98,0
gawain,26,0,0
gawain,63,57,28
gawain,40,46,0
gawain,43,20,0
gawain,60,34,3
gawain,93,89,0
gawain,61,87,0
gawain,71,58,0
gawain,68,79,18
gawain,98,67,13
gawain,30,0,0
gawain,57,0,0
gawain,38,0,0
gawain,76,61,0
gawain,10,0,0
gawain,80,76,0
gawain,86,21,0
gawain,3,99,0
gawain,60,77,0
gawain,71,0,0
gawain,93,41,33
gawain,99,19,0
gawain,93,73,0
gawain,21,28,0
gawain,84,20,0
gawain,97,6,0
gawain,83,61,48
gawain,16,0,0
gawain,38,0,0
gawain,16,0,0
gawain,81,37,0
gawain,23,0,0
gawain,15,16,11
gawain,81,38,0
gawain,100,87,50
gawain,67,55,0
gawain,51,0,0
gawain,27,1,0
gawain,7,46,0
gawain,33,0,0
gawain,68,0,0
gawain,53,44,33
gawain,5,0,0
gawain,7,0,0
gawain,6,84,2
gawain,11,83,0
gawain,24,27,0
gawain,60,0,0
gawain,64,9,0
gawain,17,17,0
gawain,69,5,0
gawain,61,0,0
gawain,24,59,12
gawain,59,55,0
gawain,36,0,0
gawain,9,20,0
gawain,36,36,0
gawain,89,79,0
gawain,14,77,0
gawain,48,82,0
gawain,54,24,4
gawain,2,16,0
gawain,77,0,0
gawain,96,75,0
gawain,41,84,0
gawain,2,0,0
gawain,44,10,0
gawain,30,0,0
gawain,38,0,0
gawain,6,0,0
gawain,43,18,0
gawain,47,52,0
gawain,92,32,0
gawain,49,89,15
gawain,70,73,37
gawain,77,0,0
gawain,76,41,0
gawain,25,0,0
gawain,23,33,0
gawain,45,42,33
gawain,63,0,0
gawain,4,48,0
gawain,1,0,0
gawain,75,0,0
gawain,13,0,0
gawain,57,1,0
gawain,1,29,0
gawain,70,78,0
gawain,51,15,0
gawain,51,0,0
gawain,50,97,25
gawain,28,23,0
gawain,99,0,0
gawain,19,5,0
gawain,23,0,0
gawain,2,0,0
gawain,18,0,0
gawain,62,0,0
gawain,40,89,0
gawain,88,75,0
gawain,81,5,4
gawain,27,0,0
gawain,75,62,0
gawain,87,27,9
gawain,4,69,3
gawain,17,29,0
gawain,59,99,0
gawain,69,52,0
gawain,97,0,0
gawain,64,21,2
gawain,13,69,0
gawain,72,16,0
gawain,97,0,0
gawain,50,71,22
gawain,81,17,0
gawain,48,47,47
gawain,85,0,0
gawain,40,69,0
gawain,74,13,1
gawain,73,68,66
gawain,29,37,6
gawain,65,89,0
gawain,84,97,0
gawain,6,27,3
gawain,84,40,0
gawain,60,0,0
gawain,93,68,0
gawain,8,0,0
gawain,40,8,0
gawain,35,87,0
gawain,58,0,0
gawain,76,32,0
gawain,60,21,0
gawain,79,100,0
gawain,74,49,0
gawain,82,47,45
gawain,63,0,0
gawain,36,99,12
gawain,8,77,0
gawain,80,6,0
gawain,45,0,0
gawain,29,57,0
gawain,91,42,31
gawain,63,0,0
gawain,81,0,0
gawain,61,0,0
gawain,80,18,18
gawain,39,83,29
gawain,5,78,0
gawain,14,17,0
gawain,20,54,6
gawain,97,10,0
gawain,15,0,0
gawain,90,85,0
gawain,4,72,0
gawain,75,65,0
gawain,6,15,0
gawain,93,83,76
gawain,5,0,0
gawain,77,0,0
gawain,11,0,0
gawain,57,36,0
gawain,76,0,0
gawain,50,39,0
gawain,33,0,0
gawain,60,17,9
gawain,65,0,0
gawain,56,0,0
gawain,13,0,0
gawain,16,0,0
gawain,20,0,0
gawain,5,0,0
gawain,31,0,0
gawain,13,28,0
gawain,26,0,0
gawain,92,0,0
gawain,55,96,0
gawain,25,24,0
gawain,5,0,0
gawain,22,46,0
gawain,1,0,0
gawain,66,47,0
gawain,45,0,0
gawain,49,5,0
gawain,30,38,0
gawain,8,0,0
gawain,85,0,0
gawain,65,96,26
gawain,90,66,0
gawain,56,96,7
gawain,28,66,0
gawain,64,8,5
gawain,60,96,51
gawain,65,78,0
gawain,71,0,0
gawain,21,59,0
gawain,27,0,0
gawain,54,2,0
gawain,17,0,0
gawain,54,32,0
gawain,3,51,0
gawain,67,86,31
gawain,17,28,2
gawain,87,12,11
gawain,51,68,0
gawain,3,98,0
gawain,82,12,0
gawain,50,0,0
gawain,60,85,0
gawain,95,52,12
gawain,12,85,11
gawain,67,0,0
gawain,9,38,0
gawain,23,54,0
gawain,40,13,0
gawain,86,89,0
gawain,23,64,0
gawain,56,96,0
gawain,80,85,0
gawain,29,0,0
gawain,38,47,0
gawain,100,34,0
gawain,97,0,0
gawain,27,19,16
gawain,27,58,0
gawain,52,2,1
gawain,29,0,0
gawain,23,0,0
gawain,45,0,0
gawain,12,89,0
gawain,44,0,0
gawain,91,39,0
gawain,61,24,0
gawain,44,0,0
gawain,8,32,0
gawain,22,29,0
gawain,6,0,0
gawain,3,0,0
gawain,56,0,0
gawain,33,12,0
gawain,20,25,0
gawain,33,0,0
gawain,94,35,0
gawain,29,74,0
gawain,24,69,16
gawain,70,76,14
gawain,68,38,0
gawain,10,25,0
gawain,93,0,0
gawain,11,0,0
gawain,99,0,0
gawain,46,0,0
gawain,10,85,0
gawain,72,13,0
gawain,52,0,0
gawain,82,0,0
gawain,19,1,1
gawain,81,37,16
gawain,70,67,62
gawain,42,92,0
gawain,81,1,0
gawain,7,20,3
gawain,38,0,0
gawain,56,58,38
gawain,10,0,0
gawain,14,27,0
gawain,2,0,0
gawain,66,92,0
gawain,97,9,0
gawain,11,23,10
gawain,65,0,0
gawain,68,0,0
gawain,77,37,0
gawain,81,85,0
gawain,49,0,0
gawain,4,20,0
gawain,89,58,3
gawain,26,88,11
gawain,93,38,0
gawain,52,25,7
gawain,17,10,10
gawain,81,70,51
gawain,61,95,0
gawain,24,89,18
gawain,11,44,0
gawain,43,11,0
gawain,72,69,0
gawain,8,69,0
gawain,81,68,11
gawain,3,11,0
gawain,34,0,0
gawain,19,72,14
gawain,44,20,0
gawain,39,67,26
gawain,30,52,0
gawain,42,43,0
gawain,78,75,0
gawain,38,0,0
gawain,91,0,0
gawain,89,0,0
gawain,8,90,1
gawain,16,0,0
gawain,1,11,0
gawain,99,74,0
gawain,21,100,0
gawain,84,46,0
gawain,64,73,0
gawain,28,84,8
gawain,100,32,0
gawain,15,0,0
gawain,12,17,0
gawain,6,50,0
gawain,54,0,0
gawain,99,78,0
gawain,61,65,37
gawain,45,71,24
gawain,29,46,0
gawain,71,0,0
gawain,33,19,10
gawain,43,6,1
gawain,55,63,0
gawain,59,28,0
gawain,24,81,0
gawain,91,66,0
gawain,100,0,0
gawain,26,62,0
gawain,63,0,0
gawain,85,77,0
gawain,35,0,0
gawain,35,0,0
gawain,62,52,22
gawain,5,27,0
gawain,31,44,8
gawain,72,0,0
gawain,55,63,0
gawain,78,0,0
gawain,3,44,1
gawain,96,72,0
gawain,57,46,0
gawain,100,79,0
gawain,70,85,46
gawain,37,43,0
gawain,43,0,0
gawain,69,89,0
gawain,3,4,0
gawain,21,0,0
gawain,32,12,12
gawain,72,95,0
gawain,3,91,0
gawain,24,50,16
gawain,47,0,0
gawain,39,0,0
gawain,59,97,0
gawain,22,0,0
gawain,89,49,20
gawain,64,8,0
gawain,31,19,0
gawain,24,55,11
gawain,20,56,0
gawain,56,0,0
gawain,38,68,12
gawain,82,0,0
gawain,48,98,0
gawain,5,0,0
gawain,60,71,0
gawain,25,95,0
gawain,33,92,4
gawain,33,43,33
gawain,99,0,0
gawain,14,34,0
gawain,83,66,0
gawain,22,0,0
gawain,72,20,14
gawain,14,56,0
gawain,81,54,41
gawain,51,17,0
gawain,11,94,0
gawain,84,79,47
gawain,2,66,2
gawain,15,98,0
gawain,31,0,0
gawain,12,32,0
gawain,37,0,0
gawain,89,1,0
gawain,22,0,0
gawain,99,0,0
gawain,32,8,0
gawain,65,62,0
gawain,54,67,30
gawain,9,64,9
gawain,24,9,0
gawain,31,64,0
gawain,55,0,0
gawain,51,41,0
gawain,87,3,1
gawain,38,25,0
gawain,90,82,0
gawain,45,0,0
gawain,49,38,18
gawain,85,35,0
gawain,72,0,0
gawain,4,0,0
gawain,90,2,0
gawain,49,48,0
gawain,35,83,0
gawain,37,53,34
gawain,39,53,0
gawain,74,36,0
gawain,99,90,0
gawain,89,0,0
gawain,26,81,0
gawain,31,0,0
gawain,60,0,0
gawain,78,0,0
gawain,55,66,12
gawain,24,88,0
gawain,15,27,0
gawain,82,0,0
gawain,77,50,0
gawain,66,83,0
gawain,72,0,0
gawain,80,86,0
gawain,71,0,0
gawain,3,85,0
gawain,39,0,0
gawain,52,0,0
gawain,57,19,0
gawain,64,59,53
gawain,84,61,0
gawain,86,19,18
gawain,53,63,2
gawain,79,0,0
gawain,69,91,0
gawain,59,0,0
gawain,81,20,0
gawain,27,31,11
gawain,17,0,0
gawain,61,31,0
gawain,22,100,3
gawain,65,0,0
gawain,73,78,19
gawain,24,46,0
gawain,53,0,0
gawain,13,27,1
gawain,83,41,0
gawain,20,0,0
gawain,69,20,0
gawain,53,0,0
gawain,61,0,0
gawain,60,32,0
gawain,94,24,12
gawain,86,76,0
gawain,69,0,0
gawain,17,22,11
gawain,50,30,0
gawain,59,7,0
gawain,50,92,0
gawain,14,0,0
gawain,7,55,4
gawain,2,41,1
gawain,93,33,29
gawain,59,63,0
gawain,93,82,10
gawain,15,0,0
gawain,84,73,0
gawain,65,0,0
gawain,66,23,23
gawain,57,77,33
gawain,21,0,0
gawain,100,0,0
gawain,91,80,0
gawain,71,0,0
gawain,68,62,0
gawain,57,60,0
gawain,75,89,39
gawain,22,0,0
gawain,58,41,17
gawain,6,0,0
gawain,40,50,0
gawain,65,91,0
gawain,44,0,0
gawain,55,0,0
gawain,4,61,0
gawain,89,12,0
gawain,11,33,9
gawain,63,21,19
gawain,51,0,0
gawain,57,0,0
gawain,97,0,0
gawain,92,0,0
gawain,93,73,65
gawain,34,85,0
gawain,39,57,12
gawain,93,53,0
gawain,25,60,0
gawain,53,17,0
gawain,58,60,11
gawain,10,71,0
gawain,56,14,0
gawain,56,89,0
gawain,45,0,0
gawain,18,0,0
gawain,42,61,0
gawain,20,79,17
gawain,74,0,0
gawain,1,0,0
gawain,69,4,2
gawain,12,0,0
gawain,27,33,0
gawain,48,3,1
gawain,53,0,0
gawain,37,0,0
gawain,21,83,21
gawain,31,0,0
gawain,100,35,19
gawain,30,91,0
gawain,78,0,0
gawain,83,1,1
gawain,11,0,0
gawain,96,41,13
gawain,33,55,16
gawain,3,0,0
gawain,82,0,0
gawain,32,0,0
gawain,54,50,0
gawain,54,0,0
gawain,59,79,45
gawain,94,11,0
gawain,13,0,0
gawain,34,32,0
gawain,24,50,0
gawain,96,0,0
gawain,84,0,0
gawain,30,53,24
gawain,78,57,0
gawain,88,45,0
gawain,67,57,21
gawain,41,52,0
gawain,18,85,7
gawain,57,19,0
gawain,96,6,0
gawain,25,87,13
gawain,2,55,0
gawain,47,0,0
gawain,10,0,0
gawain,10,0,0
gawain,25,0,0
gawain,31,0,0
gawain,19,0,0
gawain,58,0,0
gawain,81,0,0
gawain,26,94,13
gawain,74,0,0
gawain,83,28,0
gawain,38,33,0
gawain,17,0,0
gawain,34,75,12
gawain,35,77,0
gawain,7,15,0
gawain,34,0,0
gawain,92,98,0
gawain,19,61,18
gawain,37,33,4
gawain,30,63,14
gawain,69,69,0
gawain,74,0,0
gawain,58,0,0
gawain,10,87,3
gawain,65,0,0
gawain,34,0,0
gawain,34,0,0
gawain,93,15,0
gawain,14,0,0
gawain,37,50,29
gawain,10,0,0
gawain,91,81,1
gawain,25,72,0
gawain,93,35,24
gawain,9,59,0
gawain,61,0,0
gawain,34,10,0
gawain,15,13,8
gawain,77,0,0
gawain,3,0,0
gawain,39,57,7
gawain,90,95,47
gawain,16,42,7
gawain,43,37,0
gawain,28,0,0
gawain,66,82,20
gawain,97,62,19
gawain,42,50,0
gawain,67,28,0
gawain,9,0,0
gawain,4,0,0
gawain,14,0,0
gawain,16,0,0
gawain,9,0,0
gawain,3,47,0
gawain,52,14,0
gawain,48,21,1
gawain,30,0,0
gawain,1,95,1
gawain,70,59,44
gawain,23,0,0
gawain,5,66,2
gawain,87,38,0
gawain,47,0,0
gawain,26,70,12
gawain,2,0,0
gawain,36,98,0
gawain,100,25,0
gawain,8,79,0
gawain,99,0,0
gawain,23,37,0
gawain,44,77,3
gawain,54,88,17
gawain,25,94,1
gawain,73,0,0
gawain,77,59,0
gawain,91,0,0
gawain,44,98,0
gawain,37,62,23
gawain,99,52,0
gawain,89,23,0
gawain,44,5,0
gawain,15,24,11
gawain,97,19,0
gawain,86,89,0
gawain,94,24,0
gawain,74,68,0
gawain,1,33,0
gawain,10,41,4
gawain,92,68,0
gawain,13,5,0
gawain,66,17,0
gawain,82,34,0
gawain,31,85,25
gawain,88,62,0
gawain,17,6,1
gawain,95,37,0
gawain,10,56,0
gawain,61,14,11
gawain,76,55,0
gawain,93,28,0
gawain,91,45,6
gawain,8,66,0
gawain,6,21,0
gawain,26,17,7
gawain,9,0,0
gawain,85,0,0
gawain,14,83,2
gawain,51,0,0
gawain,76,0,0
gawain,64,51,30
gawain,1,0,0
gawain,81,0,0
gawain,16,21,0
gawain,71,41,0
gawain,34,0,0
gawain,95,0,0
gawain,49,0,0
gawain,4,0,0
gawain,65,37,0
gawain,85,0,0
gawain,23,4,2
gawain,17,12,0
gawain,53,8,0
gawain,25,0,0
gawain,63,57,27
gawain,44,17,15
gawain,71,17,0
gawain,96,46,0
gawain,82,0,0
gawain,35,62,0
gawain,55,22,0
gawain,64,59,0
gawain,76,96,0
gawain,14,10,5
gawain,19,0,0
gawain,52,12,0
gawain,20,97,0
gawain,30,7,0
gawain,90,2,0
gawain,9,50,0
gawain,88,82,0
gawain,9,70,4
gawain,64,53,31
gawain,29,0,0
gawain,26,0,0
gawain,93,0,0
gawain,85,99,29
gawain,32,0,0
gawain,17,45,10
gawain,25,67,12
gawain,8,0,0
gawain,33,81,0
gawain,97,60,0
gawain,21,29,0
gawain,41,83,9
gawain,22,53,8
gawain,33,0,0
gawain,55,1,0
gawain,26,51,14
gawain,59,59,57
gawain,80,0,0
gawain,47,0,0
gawain,73,0,0
gawain,64,0,0
gawain,25,0,0
gawain,62,0,0
gawain,75,0,0
gawain,1,55,0
gawain,48,0,0
gawain,47,57,0
gawain,76,0,0
gawain,55,0,0
gawain,3,10,0
gawain,63,35,0
gawain,79,87,36
gawain,19,75,0
gawain,62,63,33
gawain,63,71,0
gawain,34,0,0
gawain,21,88,11
gawain,14,93,12
gawain,95,80,0
gawain,29,89,13
gawain,36,46,7
gawain,3,66,3
gawain,82,8,0
gawain,68,0,0
gawain,72,80,53
gawain,70,0,0
gawain,70,0,0
gawain,14,67,0
gawain,96,39,27
gawain,59,33,13
gawain,44,0,0
gawain,55,75,43
gawain,59,62,20
gawain,47,37,0
gawain,19,71,0
gawain,26,0,0
gawain,12,60,0
gawain,74,0,0
gawain,86,98,0
gawain,57,100,0
gawain,11,83,0
gawain,70,47,0
gawain,1,0,0
gawain,42,59,0
gawain,66,41,0
gawain,92,63,28
gawain,10,0,0
gawain,14,0,0
gawain,48,34,0
gawain,10,0,0
gawain,48,0,0
gawain,13,0,0
gawain,83,40,13
gawain,94,6,0
gawain,79,0,0
gawain,79,0,0
gawain,88,28,0
gawain,94,0,0
gawain,82,0,0
gawain,54,61,21
gawain,42,0,0
gawain,69,0,0
gawain,100,0,0
gawain,41,67,0
gawain,74,11,0
gawain,74,99,67
gawain,81,62,56
gawain,59,30,0
gawain,100,0,0
gawain,25,27,0
gawain,14,47,0
gawain,51,0,0
gawain,41,53,0
gawain,82,0,0
gawain,84,0,0
gawain,52,97,0
gawain,20,82,0
gawain,42,92,27
gawain,71,0,0
gawain,92,0,0
gawain,59,76,43
gawain,11,7,0
gawain,42,48,0
gawain,90,0,0
gawain,19,0,0
gawain,57,0,0
gawain,67,79,0
gawain,24,98,17
gawain,59,0,0
gawain,25,0,0
gawain,70,16,0
gawain,52,0,0
gawain,90,53,12
gawain,11,0,0
gawain,21,80,0
gawain,94,98,0
gawain,39,11,0
gawain,44,0,0
gawain,24,0,0
gawain,93,0,0
gawain,15,61,0
gawain,13,0,0
gawain,69,10,0
gawain,4,89,2
gawain,27,0,0
gawain,19,2,0
gawain,17,0,0
gawain,58,90,32
gawain,49,0,0
gawain,9,67,0
gawain,67,96,12
gawain,28,0,0
gawain,94,98,56
gawain,47,0,0
gawain,26,0,0
gawain,37,36,0
gawain,31,95,0
gawain,99,51,41
gawain,74,81,0
gawain,53,66,0
gawain,63,23,0
gawain,88,0,0
gawain,99,0,0
gawain,29,0,0
gawain,40,33,2
gawain,2,40,2
gawain,54,3,0
gawain,26,69,25
gawain,58,66,0
gawain,72,38,11
gawain,21,0,0
gawain,57,0,0
gawain,9,34,0
gawain,66,84,0
gawain,97,92,0
gawain,77,69,54
gawain,12,0,0
gawain,74,57,0
gawain,33,97,0
gawain,27,0,0
gawain,67,0,0
gawain,40,0,0
gawain,7,12,5
gawain,30,81,0
gawain,94,0,0
gawain,38,0,0
gawain,40,12,0
gawain,20,0,0
gawain,70,75,0
gawain,70,0,0
gawain,87,0,0
gawain,14,0,0
gawain,48,23,0
gawain,61,0,0
gawain,19,59,0
gawain,95,100,0
gawain,16,0,0
gawain,74,7,0
gawain,74,71,0
gawain,3,0,0
gawain,6,16,0
gawain,9,79,0
gawain,78,0,0
gawain,10,26,0
gawain,94,19,6
gawain,4,0,0
gawain,24,0,0
gawain,71,23,0
gawain,49,86,27
gawain,38,0,0
gawain,97,46,0
gawain,79,0,0
gawain,66,55,44
gawain,24,3,0
gawain,5,57,0
gawain,99,42,34
gawain,8,0,0
gawain,78,0,0
gawain,85,0,0
gawain,26,13,0
gawain,68,17,12
gawain,5,48,0
gawain,57,38,0
gawain,100,91,0
gawain,89,0,0
gawain,54,35,0
gawain,87,35,0
gawain,43,0,0
gawain,34,4,0
gawain,5,71,3
gawain,11,51,0
gawain,77,28,21
gawain,89,33,11
gawain,91,64,8
gawain,48,5,0
gawain,94,0,0
gawain,56,63,0
gawain,80,0,0
gawain,66,0,0
gawain,79,31,0
gawain,63,0,0
gawain,2,29,2
gawain,1,80,0
gawain,83,83,0
gawain,16,0,0
gawain,93,0,0
gawain,12,31,5
gawain,78,14,4
gawain,86,43,0
gawain,83,9,0
gawain,14,86,0
gawain,69,90,0
gawain,20,61,9
gawain,45,63,43
gawain,69,73,31
gawain,64,47,0
gawain,18,0,0
gawain,50,0,0
gawain,44,31,0
gawain,95,0,0
gawain,16,0,0
gawain,39,0,0
gawain,21,0,0
gawain,1,50,0
gawain,92,73,8
gawain,92,0,0
gawain,56,89,1
gawain,42,74,10
gawain,49,57,0
gawain,74,0,0
gawain,58,83,41
gawain,50,45,0
gawain,12,28,0
gawain,13,73,0
gawain,85,0,0
gawain,77,0,0
gawain,4,58,0
gawain,88,0,0
gawain,37,0,0
gawain,53,0,0
gawain,59,0,0
gawain,18,1,1
gawain,90,0,0
gawain,43,69,0
gawain,39,0,0
gawain,3,64,0
gawain,11,72,10
gawain,90,74,0
gawain,42,81,0
gawain,9,86,0
gawain,25,0,0
gawain,8,0,0
gawain,81,0,0
gawain,68,66,25
gawain,17,18,1
gawain,70,65,0
gawain,57,99,5
gawain,93,0,0
gawain,17,0,0
gawain,55,28,0
gawain,69,75,0
gawain,58,25,0
gawain,39,0,0
gawain,35,98,0
gawain,25,0,0
gawain,47,7,0
gawain,86,0,0
gawain,5,63,1
gawain,68,94,67
gawain,23,52,13
